PGM_SYS_ID,YEAR,GROUP,MEAN_VIOL_TO_EA_LAG_DAYS,LAG_QUARTILE,N_VIOLATIONS_FUTURE
AL0000000100100001,2023,other,75,Q2,0
AL0000000100300048,2022,other,0,Q1 (fastest),1
AL0000000100300048,2023,other,0,Q1 (fastest),1
AL0000000100300048,2024,other,99.5,Q3,0
AL000000010050S008,2019,other,105,Q3,0
AL000000010130S001,2017,other,99,Q3,0
AL0000000101500005,2021,other,0,Q1 (fastest),0
AL0000000101500005,2024,other,0,Q1 (fastest),0
AL0000000101500007,2023,other,63.5,Q2,0
AL0000000101500009,2019,other,0,Q1 (fastest),0
AL0000000101500039,2021,other,0,Q1 (fastest),0
AL0000000101500079,2023,other,119.67,Q3,2
AL0000000101500079,2024,other,113,Q3,2
AL0000000101700011,2022,other,121.5,Q3,1
AL0000000101700011,2023,other,0,Q1 (fastest),0
AL0000000101700018,2023,other,0,Q1 (fastest),1
AL0000000101700018,2024,other,153,Q3,1
AL000000010170S003,2024,other,91,Q2,0
AL0000000101900001,2022,other,0,Q1 (fastest),0
AL0000000102100017,2022,other,68,Q2,0
AL0000000102300001,2019,other,61,Q2,0
AL0000000102300001,2023,other,73.5,Q2,1
AL0000000102300001,2024,other,75,Q2,0
AL0000000102300019,2023,other,96.5,Q3,0
AL000000010250S003,2018,other,88,Q2,0
AL000000010250S003,2021,other,74.5,Q2,0
AL000000010250S004,2022,other,202.5,Q3,0
AL0000000103100017,2024,other,159.5,Q3,1
AL0000000103300002,2018,other,110.5,Q3,0
AL0000000103300007,2017,other,97.5,Q3,0
AL0000000103300007,2021,other,194,Q3,1
AL0000000103300007,2022,other,0,Q1 (fastest),2
AL0000000103300007,2023,other,83.33,Q2,0
AL0000000103300013,2024,other,0,Q1 (fastest),0
AL0000000103300062,2021,other,151,Q3,1
AL0000000103300062,2022,other,276.5,Q4 (slowest),0
AL0000000103500011,2020,other,68,Q2,0
AL0000000103500021,2019,other,82.5,Q2,0
AL0000000103500042,2024,other,81.5,Q2,0
AL0000000104700001,2022,other,0,Q1 (fastest),0
AL0000000104700003,2021,other,40,Q2,1
AL0000000104700003,2022,other,67.5,Q2,1
AL0000000104700003,2023,other,63,Q2,0
AL0000000104700005,2024,other,0,Q1 (fastest),1
AL0000000104900041,2019,other,82,Q2,0
AL0000000104900041,2021,other,0,Q1 (fastest),0
AL0000000104900048,2019,other,78,Q2,0
AL0000000105100006,2019,other,0,Q1 (fastest),0
AL0000000105300001,2016,other,140,Q3,0
AL0000000105300007,2021,other,0,Q1 (fastest),2
AL0000000105300007,2022,other,74.67,Q2,1
AL0000000105300007,2023,other,103.5,Q3,0
AL0000000105300011,2020,other,174.5,Q3,0
AL0000000105300011,2022,other,150,Q3,0
AL000000010530S002,2019,other,0,Q1 (fastest),0
AL0000000105900013,2018,other,77.5,Q2,0
AL0000000105900027,2018,other,0,Q1 (fastest),0
AL0000000106900021,2021,electric,102,Q3,0
AL0000000107100030,2020,other,107.5,Q3,0
AL0000000107100041,2024,other,0,Q1 (fastest),0
AL0000000107100044,2019,other,154.5,Q3,1
AL0000000107100044,2020,other,127,Q3,1
AL0000000107100044,2021,other,0,Q1 (fastest),0
AL0000000107500010,2017,other,0,Q1 (fastest),1
AL0000000107500010,2018,other,0,Q1 (fastest),0
AL0000000107700004,2016,other,81,Q2,0
AL0000000107700004,2023,other,94.5,Q3,0
AL0000000107700031,2022,other,94.5,Q3,0
AL0000000108500008,2019,other,0,Q1 (fastest),0
AL0000000108500008,2022,other,0,Q1 (fastest),0
AL0000000109100001,2023,other,73.5,Q2,0
AL0000000109100002,2020,other,97,Q3,1
AL0000000109100002,2021,other,69,Q2,1
AL0000000109100002,2022,other,77,Q2,1
AL0000000109100002,2023,other,335,Q4 (slowest),0
AL000000010910S002,2019,other,72,Q2,0
AL0000000109300004,2021,other,54,Q2,0
AL0000000109300019,2023,other,112,Q3,0
AL0000000109300024,2019,other,72,Q2,0
AL0000000109500002,2022,other,0,Q1 (fastest),0
AL0000000109500066,2023,other,0,Q1 (fastest),0
AL0000000109700010,2024,other,209,Q3,0
AL0000000109700013,2024,other,133.5,Q3,0
AL0000000109700095,2017,other,90,Q2,0
AL0000000109700095,2024,other,0,Q1 (fastest),1
AL0000000109700096,2024,other,0,Q1 (fastest),0
AL0000000109700106,2021,other,0,Q1 (fastest),0
AL0000000109700107,2023,other,186,Q3,0
AL0000000109700126,2024,other,0,Q1 (fastest),0
AL0000000109700139,2018,other,0,Q1 (fastest),0
AL0000000109701001,2020,electric,80.5,Q2,1
AL0000000109701001,2021,electric,81.5,Q2,0
AL0000000109702003,2023,other,118.5,Q3,1
AL0000000109702003,2024,other,105,Q3,0
AL0000000109703006,2018,other,0,Q1 (fastest),0
AL0000000109704004,2019,other,51.33,Q2,0
AL0000000109704017,2018,other,0,Q1 (fastest),0
AL0000000109705001,2020,other,0,Q1 (fastest),0
AL0000000109705009,2021,other,75,Q2,0
AL0000000109705011,2019,other,83,Q2,0
AL0000000109705011,2022,other,179,Q3,1
AL0000000109705011,2023,other,123.5,Q3,0
AL0000000109705017,2020,other,57.5,Q2,0
AL0000000109705017,2022,other,0,Q1 (fastest),0
AL0000000109708026,2019,other,186,Q3,0
AL0000000109708026,2021,other,124.5,Q3,0
AL0000000109708026,2023,other,0,Q1 (fastest),1
AL0000000109708026,2024,other,0,Q1 (fastest),1
AL0000000109708042,2018,other,0,Q1 (fastest),0
AL0000000109708065,2023,other,270,Q4 (slowest),1
AL0000000109708065,2024,other,0,Q1 (fastest),1
AL0000000109708069,2016,other,61,Q2,0
AL0000000109708069,2023,other,69.5,Q2,0
AL000000010970S002,2024,other,0,Q1 (fastest),0
AL0000000109900010,2016,other,58,Q2,0
AL0000000109900010,2020,other,0,Q1 (fastest),1
AL0000000109900010,2021,other,68,Q2,0
AL0000000109900030,2019,other,0,Q1 (fastest),0
AL0000000109900030,2023,other,109,Q3,0
AL000000010990S009,2018,other,63,Q2,0
AL0000000110100011,2021,other,89.5,Q2,0
AL0000000110100090,2020,other,124,Q3,0
AL0000000110300009,2017,other,28.5,Q2,0
AL0000000110300010,2017,other,0,Q1 (fastest),0
AL0000000110300026,2019,other,223,Q3,0
AL0000000110300026,2023,other,0,Q1 (fastest),0
AL0000000110300033,2020,other,93,Q3,0
AL0000000110300037,2020,other,0,Q1 (fastest),0
AL0000000110300037,2022,other,0,Q1 (fastest),0
AL0000000110300039,2018,other,0,Q1 (fastest),0
AL0000000110300061,2020,other,0,Q1 (fastest),0
AL0000000110300081,2023,other,0,Q1 (fastest),0
AL0000000110300097,2023,other,0,Q1 (fastest),0
AL0000000110300101,2018,other,0,Q1 (fastest),0
AL0000000110300101,2024,other,0,Q1 (fastest),0
AL0000000110300104,2022,other,88.5,Q2,0
AL0000000110700010,2021,other,77.5,Q2,0
AL0000000110900003,2023,other,123,Q3,0
AL0000000110900005,2020,other,0,Q1 (fastest),1
AL0000000110900005,2021,other,0,Q1 (fastest),0
AL0000000110900005,2024,other,118,Q3,1
AL000000011090S006,2019,other,0,Q1 (fastest),0
AL0000000111100016,2017,other,118,Q3,0
AL0000000111300003,2019,other,0,Q1 (fastest),0
AL0000000111300020,2022,other,0,Q1 (fastest),0
AL0000000111500002,2020,other,87.5,Q2,0
AL0000000111500002,2022,other,0,Q1 (fastest),1
AL0000000111500002,2023,other,116,Q3,2
AL0000000111500002,2024,other,90.33,Q2,0
AL0000000111500015,2020,other,79,Q2,0
AL0000000111500035,2024,other,0,Q1 (fastest),1
AL0000000111500041,2020,other,191,Q3,0
AL0000000111700002,2017,other,0,Q1 (fastest),0
AL0000000111700002,2022,other,113,Q3,0
AL0000000111700008,2018,other,0,Q1 (fastest),0
AL0000000111700008,2022,other,76,Q2,0
AL0000000111700031,2017,other,0,Q1 (fastest),0
AL0000000111700039,2017,other,0,Q1 (fastest),0
AL0000000111700039,2024,other,0,Q1 (fastest),0
AL0000000111700054,2016,other,87.5,Q2,0
AL0000000111700074,2022,other,69,Q2,0
AL000000011170S001,2023,other,0,Q1 (fastest),0
AL0000000111900005,2018,other,95.5,Q3,0
AL0000000112100006,2017,other,170,Q3,0
AL0000000112100006,2023,other,0,Q1 (fastest),0
AL0000000112100030,2017,other,67,Q2,0
AL0000000112100030,2022,other,0,Q1 (fastest),0
AL0000000112100049,2019,other,23,Q2,0
AL0000000112100050,2017,other,90,Q2,1
AL0000000112100050,2018,other,0,Q1 (fastest),0
AL0000000112100050,2023,other,195,Q3,0
AL0000000112300022,2017,electric,147,Q3,0
AL0000000112500033,2018,other,0,Q1 (fastest),0
AL0000000112500065,2018,other,0,Q1 (fastest),0
AL0000000112500086,2018,other,0,Q1 (fastest),0
AL0000000112500107,2020,other,0,Q1 (fastest),0
AL0000000112500113,2019,other,0,Q1 (fastest),0
AL0000000112500113,2024,other,0,Q1 (fastest),0
AL0000000112500118,2020,other,0,Q1 (fastest),0
AL0000000112500122,2021,other,133.5,Q3,1
AL0000000112900003,2019,other,178,Q3,0
AL0000000112900009,2018,other,94,Q3,1
AL0000000112900009,2019,other,140,Q3,0
AL0000000112900011,2021,other,124,Q3,0
AL0000000112900022,2018,other,0,Q1 (fastest),0
AL0000000112900027,2021,other,130.5,Q3,0
AL000000011330S008,2021,other,110.5,Q3,0
AL000000011330S008,2023,other,0,Q1 (fastest),0
ALHUN000010890P109,2022,other,0,Q1 (fastest),0
ALHUN000010890P380,2022,other,0,Q1 (fastest),0
ALJEF0000107300001,2022,other,22,Q2,0
ALJEF0000107300001,2024,other,88,Q2,0
ALJEF0000107300290,2021,other,94.5,Q3,0
ALJEF0000107301037,2016,other,70,Q2,0
ALJEF0000107301044,2023,other,194.5,Q3,0
AR0000000500100008,2021,other,98.5,Q3,0
AR0000000500100008,2023,other,112,Q3,0
AR0000000500300013,2020,other,118,Q3,0
AR0000000500300028,2018,other,70,Q2,0
AR0000000500300065,2018,other,97,Q3,0
AR0000000500300348,2020,other,47.5,Q2,0
AR0000000500500002,2020,other,158,Q3,0
AR0000000500500002,2023,other,403,Q4 (slowest),1
AR0000000500500002,2024,other,309,Q4 (slowest),0
AR0000000500500446,2023,other,83.5,Q2,0
AR0000000500700346,2024,other,60.5,Q2,0
AR0000000500701047,2020,other,103,Q3,0
AR0000000501100004,2016,other,141.5,Q3,0
AR0000000501100014,2021,other,65,Q2,0
AR0000000501300033,2018,other,56.5,Q2,0
AR0000000501300035,2019,other,96,Q3,2
AR0000000501300035,2020,other,134,Q3,1
AR0000000501300035,2021,other,147,Q3,0
AR0000000501300035,2023,other,156,Q3,0
AR0000000501300212,2023,other,94.5,Q3,1
AR0000000501300212,2024,other,109,Q3,0
AR0000000501900004,2020,other,233.5,Q3,0
AR0000000501900070,2017,other,149,Q3,0
AR0000000502300058,2017,other,213,Q3,0
AR0000000502300418,2017,other,87,Q2,0
AR0000000502700008,2018,other,92,Q3,0
AR0000000502700028,2016,other,95,Q3,0
AR0000000502700037,2019,other,147,Q3,0
AR0000000502700037,2022,other,63,Q2,1
AR0000000502700037,2023,other,84,Q2,0
AR0000000502700040,2016,other,220,Q3,0
AR0000000502900001,2022,other,91,Q2,0
AR0000000502900534,2017,other,88.5,Q2,0
AR0000000502900604,2021,other,99,Q3,0
AR0000000502900640,2018,other,77,Q2,0
AR0000000503100101,2016,other,269,Q4 (slowest),1
AR0000000503100101,2017,other,77,Q2,0
AR0000000503100222,2019,other,179,Q3,0
AR0000000503300568,2022,other,535,Q4 (slowest),0
AR0000000503301480,2022,other,535,Q4 (slowest),0
AR0000000503500081,2019,other,114,Q3,0
AR0000000503500120,2018,other,119,Q3,0
AR0000000503900058,2018,other,38,Q2,0
AR0000000504100036,2016,other,173.5,Q3,0
AR0000000504100079,2019,other,73.5,Q2,0
AR0000000504100079,2024,other,142,Q3,0
AR0000000504300007,2017,other,96,Q3,0
AR0000000504300007,2022,other,137.5,Q3,0
AR0000000504300057,2023,other,59.5,Q2,0
AR0000000504300392,2021,other,74,Q2,0
AR0000000504300392,2023,other,132.5,Q3,0
AR0000000504500969,2021,other,178,Q3,0
AR0000000504501010,2023,other,60,Q2,0
AR0000000504501027,2019,other,193,Q3,0
AR0000000504700071,2018,other,130,Q3,0
AR0000000504700524,2022,other,535,Q4 (slowest),0
AR0000000505100234,2023,other,0,Q1 (fastest),0
AR0000000505100273,2023,other,113,Q3,0
AR0000000505100375,2023,other,364,Q4 (slowest),0
AR0000000505300002,2023,other,78.5,Q2,0
AR0000000505300008,2017,other,131.5,Q3,0
AR0000000505300008,2023,other,133,Q3,0
AR0000000505500060,2022,electric,65.5,Q2,0
AR0000000505700016,2022,other,38.5,Q2,0
AR0000000505700506,2022,electric,165,Q3,0
AR0000000505700506,2024,electric,182.5,Q3,0
AR0000000505900008,2018,other,48.5,Q2,0
AR0000000505900008,2020,other,152.5,Q3,0
AR0000000505900008,2024,other,182.5,Q3,0
AR0000000505900015,2018,other,209,Q3,0
AR0000000505900015,2023,other,232,Q3,0
AR0000000505900030,2023,other,380,Q4 (slowest),0
AR0000000505900084,2016,other,250,Q3,2
AR0000000505900084,2017,other,122.5,Q3,1
AR0000000505900084,2018,other,93,Q3,1
AR0000000505900084,2019,other,155,Q3,0
AR0000000506100010,2016,other,20,Q2,0
AR0000000506100010,2024,other,386,Q4 (slowest),0
AR0000000506100016,2017,other,15,Q2,0
AR0000000506100107,2021,other,49,Q2,0
AR0000000506300295,2023,other,79,Q2,0
AR0000000506500013,2017,other,115,Q3,0
AR0000000506500013,2019,other,136,Q3,0
AR0000000506900016,2021,other,60,Q2,0
AR0000000506900016,2024,other,220,Q3,0
AR0000000506900017,2016,other,407,Q4 (slowest),0
AR0000000506900017,2023,other,235,Q3,1
AR0000000506900017,2024,other,180,Q3,0
AR0000000506900025,2019,other,158.5,Q3,0
AR0000000506900110,2017,electric,460,Q4 (slowest),0
AR0000000506900116,2019,other,464,Q4 (slowest),0
AR0000000506900116,2021,other,129,Q3,0
AR0000000506900187,2016,other,362,Q4 (slowest),0
AR0000000506901477,2018,other,14,Q1 (fastest),2
AR0000000506901477,2019,other,153.33,Q3,0
AR0000000506901477,2022,other,240.5,Q3,0
AR0000000507100426,2019,other,130,Q3,0
AR0000000507100498,2018,other,90,Q2,0
AR0000000507700023,2016,other,866,Q4 (slowest),0
AR0000000508100001,2018,other,148,Q3,0
AR0000000508100001,2021,other,231,Q3,2
AR0000000508100001,2022,other,80.33,Q2,0
AR0000000508100002,2021,other,68.5,Q2,0
AR0000000508500024,2023,other,132.33,Q3,0
AR0000000508900008,2017,other,102,Q3,0
AR0000000508900008,2019,other,205.5,Q3,0
AR0000000508900251,2022,other,54.5,Q2,0
AR0000000509100005,2020,other,21,Q2,0
AR0000000509100005,2023,other,226,Q3,0
AR0000000509100985,2020,other,177,Q3,1
AR0000000509100985,2021,other,92.5,Q3,0
AR0000000509100985,2023,other,153,Q3,0
AR0000000509300115,2023,other,117.5,Q3,0
AR0000000509300202,2019,other,153,Q3,0
AR0000000509300202,2024,other,189.5,Q3,0
AR0000000509300233,2023,other,0,Q1 (fastest),0
AR0000000509300251,2022,other,0,Q1 (fastest),0
AR0000000509300461,2019,electric,87,Q3,1
AR0000000509300461,2020,electric,81,Q2,0
AR0000000509300461,2022,electric,56,Q2,0
AR0000000509300991,2017,other,339.5,Q4 (slowest),0
AR0000000509300991,2023,other,128.5,Q3,0
AR0000000509900006,2017,other,134.5,Q3,0
AR0000000510300035,2017,other,165,Q3,1
AR0000000510300035,2018,other,93.5,Q3,0
AR0000000510300035,2020,other,86,Q2,0
AR0000000510300035,2022,other,80,Q2,0
AR0000000510700081,2017,other,215,Q3,0
AR0000000511500003,2023,other,154,Q3,1
AR0000000511500003,2024,other,390,Q4 (slowest),0
AR0000000511500014,2020,other,84,Q2,0
AR0000000511500145,2023,other,50,Q2,0
AR0000000511500272,2017,other,135,Q3,0
AR0000000511500272,2019,other,128.5,Q3,1
AR0000000511500272,2020,other,143.5,Q3,0
AR0000000511500582,2016,other,207,Q3,0
AR0000000511500891,2024,other,0,Q1 (fastest),0
AR0000000511700036,2024,other,131,Q3,0
AR0000000511900003,2018,other,70.5,Q2,0
AR0000000511900004,2018,other,105,Q3,0
AR0000000511900004,2021,other,42,Q2,0
AR0000000511900065,2024,other,145.5,Q3,0
AR0000000511900302,2020,other,100,Q3,0
AR0000000511900781,2018,other,90,Q2,0
AR0000000511900781,2021,other,93,Q3,0
AR0000000511900915,2023,other,163.5,Q3,0
AR0000000511900923,2019,other,137,Q3,1
AR0000000511900923,2020,other,57,Q2,0
AR0000000511901071,2018,other,0,Q1 (fastest),0
AR0000000511901071,2023,other,154,Q3,0
AR0000000511901801,2017,other,320,Q4 (slowest),0
AR0000000511901801,2023,other,200.5,Q3,0
AR0000000511904184,2019,other,307,Q4 (slowest),0
AR0000000511904199,2018,other,75.5,Q2,0
AR0000000511904884,2024,other,117,Q3,0
AR0000000512500010,2017,other,72,Q2,0
AR0000000512500011,2018,other,88,Q2,0
AR0000000513100212,2016,other,83.5,Q2,0
AR0000000513100219,2023,other,207,Q3,0
AR0000000513100274,2017,other,124,Q3,0
AR0000000513100274,2021,other,102,Q3,1
AR0000000513100274,2022,other,48.5,Q2,0
AR0000000513100435,2022,other,282,Q4 (slowest),0
AR0000000513100447,2019,other,210,Q3,1
AR0000000513100447,2020,other,139,Q3,0
AR0000000513101570,2022,other,535,Q4 (slowest),0
AR0000000513101571,2022,other,535,Q4 (slowest),0
AR0000000513101573,2022,other,535,Q4 (slowest),0
AR0000000513101578,2022,other,535,Q4 (slowest),0
AR0000000513101716,2022,other,535,Q4 (slowest),0
AR0000000513101901,2022,other,535,Q4 (slowest),0
AR0000000513101918,2022,other,535,Q4 (slowest),0
AR0000000513101921,2022,other,535,Q4 (slowest),0
AR0000000513101922,2022,other,535,Q4 (slowest),0
AR0000000513101923,2022,other,535,Q4 (slowest),0
AR0000000513900012,2017,other,132.5,Q3,0
AR0000000513900012,2019,other,131,Q3,0
AR0000000513900012,2021,other,175,Q3,1
AR0000000513900012,2022,other,329,Q4 (slowest),1
AR0000000513900012,2023,other,195,Q3,1
AR0000000513900012,2024,other,190.5,Q3,0
AR0000000513900016,2019,other,0,Q1 (fastest),0
AR0000000513900016,2021,other,173,Q3,0
AR0000000513900016,2024,other,146.5,Q3,0
AR0000000513900032,2022,other,124.5,Q3,0
AR0000000513900037,2020,other,147,Q3,0
AR0000000513900037,2022,other,203.33,Q3,0
AR0000000513900037,2024,other,155.5,Q3,0
AR0000000513900039,2018,other,114.5,Q3,0
AR0000000513900039,2020,other,167.5,Q3,0
AR0000000513900039,2024,other,208,Q3,0
AR0000000513900040,2017,other,761.33,Q4 (slowest),1
AR0000000513900040,2018,other,81,Q2,1
AR0000000513900040,2019,other,223,Q3,0
AR0000000513900040,2023,other,279,Q4 (slowest),1
AR0000000513900040,2024,other,187,Q3,0
AR0000000513900098,2016,other,129,Q3,1
AR0000000513900098,2017,other,215,Q3,0
AR0000000513900098,2020,other,342,Q4 (slowest),0
AR0000000513900098,2024,other,298,Q4 (slowest),0
AR0000000513900103,2017,other,189.5,Q3,0
AR0000000513900103,2024,other,172.5,Q3,0
AR0000000513900473,2020,other,62.5,Q2,0
AR0000000513900480,2019,other,122.5,Q3,1
AR0000000513900480,2020,other,405,Q4 (slowest),1
AR0000000513900480,2021,other,146.5,Q3,0
AR0000000513900480,2023,other,148,Q3,0
AR0000000514100315,2018,other,80,Q2,0
AR0000000514100347,2019,other,112.5,Q3,0
AR0000000514100414,2018,other,147,Q3,0
AR0000000514100472,2019,other,62,Q2,0
AR0000000514100478,2019,other,49,Q2,0
AR0000000514300026,2019,other,134.5,Q3,0
AR0000000514300269,2023,other,126,Q3,0
AR0000000514500104,2021,other,133,Q3,0
AR0000000514500104,2024,other,182.5,Q3,1
AR0000000514500110,2022,other,155.5,Q3,0
AR0000000514500767,2020,other,50,Q2,0
AR0000000514500787,2022,other,90,Q2,0
AR0000000514500787,2024,other,168.5,Q3,0
AR0000000514501088,2017,other,106,Q3,0
AR0000000514501102,2017,other,110,Q3,0
AR0000000514501102,2023,other,301,Q4 (slowest),0
AR0000000514900009,2019,other,63.5,Q2,0
AR0000000577700334,2019,other,73,Q2,0
AR0000000577700342,2017,other,242,Q3,0
AR0000000577700342,2021,other,138.5,Q3,0
AR0000000577700565,2023,other,139.5,Q3,0
AR0000000577700881,2020,other,129.5,Q3,0
AR0000000577700906,2020,other,82.5,Q2,0
AR0000000577700986,2019,other,483,Q4 (slowest),0
AR0000000577701001,2021,other,91.5,Q3,0
AR0000000577701353,2023,other,121,Q3,0
AR0000000577701514,2019,other,107,Q3,0
AR0000000577701566,2019,other,0,Q1 (fastest),0
AR0000000577701581,2020,other,104.5,Q3,0
AR0000000577701598,2023,other,171.5,Q3,0
AR0000000577701601,2021,other,72,Q2,0
AR0000000577701629,2024,other,192,Q3,0
AR0000000577701631,2023,other,133,Q3,0
AR0000000577701645,2024,other,0,Q1 (fastest),0
AR0000000577701660,2023,other,77.5,Q2,0
AZ00000004015Z0273,2016,other,0,Q1 (fastest),1
AZ00000004015Z0273,2017,other,1,Q1 (fastest),0
AZ00000004015Z2455,2017,other,3,Q1 (fastest),0
AZ00000004025Z2464,2016,other,5,Q1 (fastest),0
AZMCA000000F000447,2024,other,76,Q2,1
AZMCA000000F006261,2024,other,5,Q1 (fastest),0
AZMCA000000F006370,2024,other,4,Q1 (fastest),0
AZMCA000000F043752,2023,other,0,Q1 (fastest),1
AZMCA000000F043752,2024,other,6,Q1 (fastest),1
AZMCA004013X000353,2022,other,13,Q1 (fastest),0
AZMCA004013X000354,2024,other,6,Q1 (fastest),1
AZMCA004013X000355,2023,other,62,Q2,0
AZMCA004013X000777,2022,other,20,Q2,0
AZMCA004013X000777,2024,other,1,Q1 (fastest),1
AZMCA004013X001210,2023,other,0,Q1 (fastest),1
AZMCA004013X001210,2024,other,1,Q1 (fastest),2
AZMCA004013X001248,2024,other,8,Q1 (fastest),1
AZMCA004013X001398,2022,other,24,Q2,1
AZMCA004013X001398,2023,other,4,Q1 (fastest),0
AZMCA004013X003313,2022,electric,44.33,Q2,0
AZMCA004013X003315,2022,electric,12,Q2,2
AZMCA004013X003315,2023,electric,17.75,Q2,3
AZMCA004013X003315,2024,electric,6.4,Q1 (fastest),0
AZMCA004013X003316,2023,electric,11.67,Q2,0
AZMCA004013X003317,2022,electric,1,Q1 (fastest),1
AZMCA004013X003317,2023,electric,3.5,Q1 (fastest),0
AZMCA004013X003953,2023,other,1,Q1 (fastest),0
AZMCA004013X003966,2023,other,1,Q1 (fastest),0
AZMCA004013X004173,2024,other,0,Q1 (fastest),0
AZMCA004013X004175,2022,other,11,Q1 (fastest),1
AZMCA004013X004175,2023,other,9,Q1 (fastest),0
AZMCA004013X004400,2024,other,0,Q1 (fastest),0
AZMCA004013X020706,2023,other,54.5,Q2,2
AZMCA004013X020706,2024,other,23.67,Q2,1
AZMCA004013X031643,2022,other,0,Q1 (fastest),0
AZMCA004013X034197,2024,other,0,Q1 (fastest),0
AZMCA004013X043063,2024,electric,0,Q1 (fastest),1
AZMCA004013X043530,2022,electric,7,Q1 (fastest),1
AZMCA004013X043530,2023,electric,3,Q1 (fastest),3
AZMCA004013X043530,2024,electric,10.33,Q2,2
AZMCA004013X044186,2022,electric,8,Q2,0
AZMCA004013X044186,2024,electric,9.5,Q2,1
AZMCA004013X044439,2022,electric,5,Q1 (fastest),0
AZMCA004013X044439,2024,electric,9,Q2,2
AZMCA004013X052382,2022,electric,6.5,Q1 (fastest),0
AZMCA004013X052382,2024,electric,16.5,Q2,0
AZMCA004013X107758,2024,other,22,Q2,0
AZMCA004013X127771,2022,other,111.5,Q3,0
AZMCA004013X127771,2024,other,49.2,Q2,0
AZMCA004013X129409,2023,electric,2,Q1 (fastest),0
AZMCA004013X132941,2024,other,0,Q1 (fastest),0
AZMCA004013X136561,2023,other,0,Q1 (fastest),0
AZMCA004013X137143,2023,other,2,Q1 (fastest),0
AZMCA004013X138045,2024,other,0,Q1 (fastest),1
AZMCA004013X138847,2023,other,0,Q1 (fastest),1
AZMCA004013X138847,2024,other,3,Q1 (fastest),1
CABAA00006001A0059,2020,other,427.5,Q4 (slowest),3
CABAA00006001A0059,2021,other,205.67,Q3,0
CABAA00006001A0059,2023,other,219,Q3,0
CABAA00006001A0062,2016,other,195.5,Q3,0
CABAA00006001A0062,2018,other,503.2,Q4 (slowest),3
CABAA00006001A0062,2019,other,350.33,Q4 (slowest),0
CABAA00006001A0062,2021,other,0,Q1 (fastest),0
CABAA00006001A0083,2024,other,0,Q1 (fastest),2
CABAA00006001A0591,2016,electric,181,Q3,2
CABAA00006001A0591,2017,electric,349,Q4 (slowest),3
CABAA00006001A0591,2018,electric,312.8,Q4 (slowest),1
CABAA00006001A0591,2019,electric,190,Q3,0
CABAA00006001A0591,2021,electric,455.5,Q4 (slowest),0
CABAA00006001A0591,2023,electric,107.5,Q3,1
CABAA00006001A0591,2024,electric,0,Q1 (fastest),1
CABAA00006001A0595,2020,other,358.5,Q4 (slowest),1
CABAA00006001A0595,2021,other,0,Q1 (fastest),1
CABAA00006001A0595,2022,other,208,Q3,0
CABAA00006001A1438,2019,other,0,Q1 (fastest),4
CABAA00006001A1438,2020,other,0,Q1 (fastest),13
CABAA00006001A1438,2021,other,5,Q1 (fastest),27
CABAA00006001A1438,2022,other,0,Q1 (fastest),88
CABAA00006001A1438,2023,other,0,Q1 (fastest),113
CABAA00006001A1438,2024,other,0.01,Q1 (fastest),59
CABAA00006001A2066,2018,electric,652,Q4 (slowest),0
CABAA00006001A2066,2023,electric,272,Q4 (slowest),1
CABAA00006001A2066,2024,electric,0,Q1 (fastest),2
CABAA00006001A2246,2021,other,0,Q1 (fastest),0
CABAA00006001A5095,2019,other,414.17,Q4 (slowest),0
CABAA00006001A5095,2023,other,0,Q1 (fastest),1
CABAA00006001A5095,2024,other,0,Q1 (fastest),6
CABAA00006001B1887,2020,electric,477,Q4 (slowest),0
CABAA00006001B1887,2022,electric,134,Q3,0
CABAA00006013A0010,2016,other,367.25,Q4 (slowest),34
CABAA00006013A0010,2017,other,304.09,Q4 (slowest),46
CABAA00006013A0010,2018,other,385.3,Q4 (slowest),18
CABAA00006013A0010,2019,other,436.47,Q4 (slowest),26
CABAA00006013A0010,2020,other,81.71,Q2,116
CABAA00006013A0010,2021,other,51.82,Q2,134
CABAA00006013A0010,2022,other,0.45,Q1 (fastest),277
CABAA00006013A0010,2023,other,2.34,Q1 (fastest),63
CABAA00006013A0010,2024,other,2.67,Q1 (fastest),149
CABAA00006013A0011,2016,other,378.4,Q4 (slowest),8
CABAA00006013A0011,2017,other,693.12,Q4 (slowest),0
CABAA00006013A0011,2019,other,0,Q1 (fastest),0
CABAA00006013A0011,2021,other,7.67,Q1 (fastest),57
CABAA00006013A0011,2022,other,29.89,Q2,28
CABAA00006013A0011,2023,other,29.83,Q2,42
CABAA00006013A0011,2024,other,0,Q1 (fastest),40
CABAA00006013A0016,2018,other,0,Q1 (fastest),24
CABAA00006013A0016,2019,other,0.38,Q1 (fastest),0
CABAA00006013A0016,2021,other,0,Q1 (fastest),48
CABAA00006013A0016,2022,other,0,Q1 (fastest),26
CABAA00006013A0016,2023,other,0,Q1 (fastest),35
CABAA00006013A0016,2024,other,0,Q1 (fastest),27
CABAA00006013A0022,2019,other,0,Q1 (fastest),0
CABAA00006013A0022,2022,other,0,Q1 (fastest),3
CABAA00006013A0022,2023,other,0,Q1 (fastest),0
CABAA00006013A0227,2016,other,305.5,Q4 (slowest),1
CABAA00006013A0227,2017,other,116,Q3,0
CABAA00006013A0227,2022,other,567.67,Q4 (slowest),0
CABAA00006013A0581,2017,other,318.5,Q4 (slowest),0
CABAA00006013A0581,2019,other,445.75,Q4 (slowest),1
CABAA00006013A0581,2020,other,186.5,Q3,0
CABAA00006013A0581,2023,other,0,Q1 (fastest),0
CABAA00006013A0828,2022,other,249,Q3,0
CABAA00006013A0907,2018,other,715.57,Q4 (slowest),2
CABAA00006013A0907,2019,other,0,Q1 (fastest),0
CABAA00006013A0907,2021,other,711,Q4 (slowest),0
CABAA00006013A1464,2017,other,930.5,Q4 (slowest),0
CABAA00006013A1464,2024,other,0,Q1 (fastest),1
CABAA00006013A1820,2021,electric,0,Q1 (fastest),0
CABAA00006013A1840,2017,electric,254,Q4 (slowest),2
CABAA00006013A1840,2018,electric,0,Q1 (fastest),14
CABAA00006013A1840,2019,electric,771.74,Q4 (slowest),7
CABAA00006013A1840,2020,electric,653.15,Q4 (slowest),1
CABAA00006013A1840,2021,electric,462.5,Q4 (slowest),3
CABAA00006013A1840,2022,electric,301.5,Q4 (slowest),16
CABAA00006013A1840,2023,electric,18.65,Q2,2
CABAA00006013A1840,2024,electric,0,Q1 (fastest),22
CABAA00006013A2371,2017,other,188.33,Q3,1
CABAA00006013A2371,2018,other,102,Q3,2
CABAA00006013A2371,2021,other,157,Q3,0
CABAA00006013A4022,2017,other,195.5,Q3,0
CABAA00006013A4618,2019,other,490.82,Q4 (slowest),0
CABAA00006013A4618,2021,other,158.86,Q3,10
CABAA00006013A4618,2022,other,352.89,Q4 (slowest),3
CABAA00006013A4618,2023,other,134.25,Q3,1
CABAA00006013A4618,2024,other,0,Q1 (fastest),5
CABAA00006013A7034,2019,other,282.71,Q4 (slowest),4
CABAA00006013A7034,2020,other,89.14,Q2,0
CABAA00006013A7419,2017,other,767.75,Q4 (slowest),1
CABAA00006013A7419,2018,other,592,Q4 (slowest),0
CABAA00006013A7419,2021,other,109,Q3,5
CABAA00006013A7419,2022,other,277.1,Q4 (slowest),2
CABAA00006013A7419,2023,other,174.67,Q3,0
CABAA00006013A8664,2017,electric,95,Q3,2
CABAA00006013A8664,2018,electric,90,Q3,0
CABAA00006013A8664,2023,electric,312.47,Q4 (slowest),0
CABAA00006013B1661,2017,other,520.5,Q4 (slowest),0
CABAA00006013B1661,2024,other,0,Q1 (fastest),0
CABAA00006013B1866,2018,electric,158,Q3,3
CABAA00006013B1866,2019,electric,191.83,Q3,0
CABAA00006013B1866,2023,electric,312.5,Q4 (slowest),0
CABAA00006013B1911,2019,other,622.5,Q4 (slowest),0
CABAA00006013B1911,2022,other,0,Q1 (fastest),4
CABAA00006013B1911,2023,other,0,Q1 (fastest),4
CABAA00006013B1911,2024,other,0,Q1 (fastest),9
CABAA00006013B2095,2022,electric,585,Q4 (slowest),1
CABAA00006013B2095,2023,electric,340.5,Q4 (slowest),0
CABAA00006013B2758,2015,other,1224.18,Q4 (slowest),12
CABAA00006013B2758,2016,other,1233.5,Q4 (slowest),3
CABAA00006013B2758,2017,other,1053.33,Q4 (slowest),29
CABAA00006013B2758,2018,other,861.54,Q4 (slowest),27
CABAA00006013B2758,2019,other,41.04,Q2,8
CABAA00006013B2758,2020,other,0,Q1 (fastest),16
CABAA00006013B2758,2021,other,35.06,Q2,27
CABAA00006013B2758,2022,other,118.87,Q3,12
CABAA00006013B2758,2023,other,266.78,Q4 (slowest),16
CABAA00006013B2758,2024,other,112.68,Q3,10
CABAA00006013B2855,2017,other,784,Q4 (slowest),2
CABAA00006013B2855,2021,other,53,Q2,0
CABAA00006013B8143,2018,electric,101.5,Q3,0
CABAA00006041A1179,2021,other,284.67,Q4 (slowest),0
CABAA00006055A1634,2021,other,529,Q4 (slowest),2
CABAA00006055A1634,2022,other,0,Q1 (fastest),1
CABAA00006055A9183,2021,other,455.12,Q4 (slowest),5
CABAA00006055A9183,2022,other,507.78,Q4 (slowest),2
CABAA00006055A9183,2023,other,294,Q4 (slowest),0
CABAA00006081A0051,2020,other,170.5,Q3,0
CABAA00006081A0051,2024,other,0,Q1 (fastest),2
CABAA00006081A1364,2022,other,277,Q4 (slowest),2
CABAA00006081A1364,2023,other,225.5,Q3,1
CABAA00006081A1784,2019,other,171,Q3,0
CABAA00006081A1784,2022,other,447.5,Q4 (slowest),5
CABAA00006081A1784,2023,other,25.83,Q2,1
CABAA00006081A1784,2024,other,0,Q1 (fastest),9
CABAA00006081A2266,2019,electric,476.09,Q4 (slowest),0
CABAA00006081A2266,2021,electric,0,Q1 (fastest),2
CABAA00006081A2266,2022,electric,0,Q1 (fastest),7
CABAA00006081A2266,2023,electric,0,Q1 (fastest),3
CABAA00006081A2266,2024,electric,0,Q1 (fastest),6
CABAA00006081A4021,2016,other,311,Q4 (slowest),2
CABAA00006081A4021,2017,other,198.5,Q3,0
CABAA00006085A0017,2016,other,270.5,Q4 (slowest),2
CABAA00006085A0017,2017,other,183.75,Q3,4
CABAA00006085A0017,2018,other,264,Q4 (slowest),4
CABAA00006085A0017,2019,other,141,Q3,0
CABAA00006085A0017,2022,other,359,Q4 (slowest),2
CABAA00006085A0017,2023,other,388.5,Q4 (slowest),1
CABAA00006085A0017,2024,other,248,Q3,0
CABAA00006085A0041,2018,other,1443.5,Q4 (slowest),1
CABAA00006085A0041,2019,other,1197.5,Q4 (slowest),0
CABAA00006085A0621,2017,electric,645.75,Q4 (slowest),2
CABAA00006085A0621,2018,electric,332.75,Q4 (slowest),0
CABAA00006085A0733,2018,other,0,Q1 (fastest),5
CABAA00006085A0733,2019,other,0,Q1 (fastest),0
CABAA00006085A0733,2021,other,485.5,Q4 (slowest),0
CABAA00006085A0778,2019,electric,0,Q1 (fastest),1
CABAA00006085A0778,2020,electric,0,Q1 (fastest),2
CABAA00006085A0778,2021,electric,557.5,Q4 (slowest),0
CABAA00006085A1812,2020,other,718,Q4 (slowest),6
CABAA00006085A1812,2021,other,540.08,Q4 (slowest),1
CABAA00006085A1812,2022,other,415,Q4 (slowest),1
CABAA00006085A1812,2023,other,146.5,Q3,1
CABAA00006085A1812,2024,other,0,Q1 (fastest),3
CABAA00006085A2561,2021,other,0,Q1 (fastest),0
CABAA00006085A3294,2021,other,276.25,Q4 (slowest),0
CABAA00006085A3464,2023,other,0,Q1 (fastest),1
CABAA00006085A3464,2024,other,0,Q1 (fastest),3
CABAA00006085A4020,2019,other,196,Q3,0
CABAA00006085A4020,2021,other,142,Q3,1
CABAA00006085A4020,2022,other,515.5,Q4 (slowest),2
CABAA00006085A4020,2023,other,350.5,Q4 (slowest),0
CABAA00006085A5905,2023,other,220,Q3,0
CABAA00006085A7265,2021,electric,105,Q3,1
CABAA00006085A9013,2015,other,1370.81,Q4 (slowest),8
CABAA00006085A9013,2016,other,1255.2,Q4 (slowest),2
CABAA00006085A9013,2019,other,548.22,Q4 (slowest),3
CABAA00006085A9013,2020,other,257.75,Q4 (slowest),5
CABAA00006085A9013,2021,other,0,Q1 (fastest),7
CABAA00006085A9013,2022,other,0,Q1 (fastest),13
CABAA00006085A9013,2023,other,0,Q1 (fastest),9
CABAA00006085A9013,2024,other,0,Q1 (fastest),2
CABAA00006085B0861,2018,other,151,Q3,0
CABAA00006085B0861,2022,other,100.67,Q3,0
CABAA00006085B1180,2024,electric,161.5,Q3,0
CABAA00006095A0148,2017,other,0,Q1 (fastest),0
CABAA00006095A0606,2022,other,0,Q1 (fastest),0
CABAA00006095A0770,2020,other,374,Q4 (slowest),0
CABAA00006095A1665,2024,other,0,Q1 (fastest),1
CABAA00006095A2039,2021,other,473,Q4 (slowest),0
CABAA00006095A2039,2023,other,166.5,Q3,0
CABAA00006095B2626,2017,other,836.85,Q4 (slowest),6
CABAA00006095B2626,2018,other,525.8,Q4 (slowest),42
CABAA00006095B2626,2019,other,161.39,Q3,23
CABAA00006095B2626,2020,other,0.57,Q1 (fastest),18
CABAA00006095B2626,2021,other,1.25,Q1 (fastest),6
CABAA00006095B2626,2022,other,0,Q1 (fastest),3
CABAA00006095B2626,2023,other,0,Q1 (fastest),22
CABAA00006095B2626,2024,other,0,Q1 (fastest),50
CABAA00006095B4416,2024,electric,0,Q1 (fastest),0
CABAA00006095B4511,2021,electric,80.5,Q2,0
CABAA00006095B4511,2024,electric,0,Q1 (fastest),1
CABAA00006097A1403,2017,other,156,Q3,0
CABAA00006097A1403,2019,other,104.5,Q3,0
CABAA00006097A1403,2021,other,0,Q1 (fastest),4
CABAA00006097A1403,2022,other,424.83,Q4 (slowest),1
CABAA00006097A1403,2023,other,243,Q3,0
CABAA00006097A2254,2019,electric,0,Q1 (fastest),0
CABAA00006097A2254,2021,electric,567.13,Q4 (slowest),0
CABAA00006097A2254,2023,electric,399.69,Q4 (slowest),4
CABAA00006097A2254,2024,electric,0,Q1 (fastest),10
CAMDA00006071M0025,2022,other,32,Q2,2
CAMDA00006071M0025,2023,other,6.67,Q1 (fastest),2
CAMDA00006071M0025,2024,other,9,Q1 (fastest),3
CAMDA00006071M0029,2021,other,2.5,Q1 (fastest),0
CAMDA00006071M0040,2018,other,0,Q1 (fastest),0
CAMDA00006071M0087,2017,other,17,Q2,0
CAMDA00006071M0089,2020,other,3.5,Q1 (fastest),1
CAMDA00006071M0089,2021,other,0,Q1 (fastest),0
CAMDA00006071M0089,2023,other,24.5,Q2,0
CAMDA00006071M0090,2019,other,0,Q1 (fastest),0
CAMDA00006071M0090,2024,other,3,Q1 (fastest),0
CAMDA00006071M0504,2018,other,0,Q1 (fastest),0
CAMDA00006071M0504,2020,other,11.5,Q1 (fastest),0
CAMDA00006071M0504,2023,other,0,Q1 (fastest),0
CAMDA00006071M0505,2023,other,0,Q1 (fastest),0
CAMDA00006071M0522,2020,other,13,Q1 (fastest),0
CAMDA00006071M1067,2019,other,0,Q1 (fastest),1
CAMDA00006071M1067,2020,other,22,Q2,1
CAMDA00006071M1067,2021,other,0,Q1 (fastest),0
CAMDA00006071M1112,2018,other,0,Q1 (fastest),0
CAMDA00006071M1634,2021,other,5.5,Q1 (fastest),0
CAMDA00006071M2118,2019,other,7,Q1 (fastest),0
CAMDA00006071M2118,2021,other,25,Q2,1
CAMDA00006071M2118,2022,other,26,Q2,2
CAMDA00006071M2118,2023,other,9.5,Q1 (fastest),0
CAMDA00006071M2443,2022,other,67.5,Q2,0
CAMDA00006071M2953,2019,other,11,Q1 (fastest),0
CAMDA00006071M2953,2022,other,47.5,Q2,0
CAMDAM1489,2018,other,13.56,Q1 (fastest),4
CAMDAM1489,2019,other,0.17,Q1 (fastest),0
CAPCA0000606101005,2021,other,0,Q1 (fastest),0
CAPCA0000606101005,2023,other,0,Q1 (fastest),2
CAPCA0000606101027,2023,other,164,Q3,0
CAPCA0000606101054,2019,electric,840.5,Q4 (slowest),2
CAPCA0000606101054,2020,electric,504.5,Q4 (slowest),0
CAPCA0000606101054,2022,electric,160,Q3,0
CAPCA0000606194003,2023,other,172,Q3,5
CASAC0000606700191,2021,other,1,Q1 (fastest),0
CASAC0000606700225,2023,other,482,Q4 (slowest),0
CASAC0000606700266,2018,other,0,Q1 (fastest),0
CASAC0000606700360,2022,other,1099,Q4 (slowest),2
CASAC0000606700360,2023,other,715,Q4 (slowest),9
CASAC0000606700360,2024,other,317.33,Q4 (slowest),0
CASAC0000606700487,2023,other,9,Q1 (fastest),0
CASAC0000606701583,2018,other,307,Q4 (slowest),0
CASAC0000606701913,2022,other,488,Q4 (slowest),1
CASAC0000606701913,2023,other,761,Q4 (slowest),0
CASJV00006019C0014,2016,electric,58.75,Q2,1
CASJV00006019C0014,2017,electric,244,Q4 (slowest),0
CASJV00006019C0014,2021,electric,136.33,Q3,1
CASJV00006019C0014,2022,electric,139.33,Q3,2
CASJV00006019C0014,2023,electric,123.67,Q3,1
CASJV00006019C0014,2024,electric,108.33,Q3,0
CASJV00006019C0036,2024,other,34.5,Q2,0
CASJV00006019C0072,2016,other,66.83,Q2,4
CASJV00006019C0072,2017,other,61.23,Q2,2
CASJV00006019C0072,2018,other,319.17,Q4 (slowest),5
CASJV00006019C0072,2019,other,246.33,Q3,2
CASJV00006019C0072,2020,other,44.2,Q2,0
CASJV00006019C0072,2023,other,258.33,Q4 (slowest),1
CASJV00006019C0072,2024,other,34.67,Q2,0
CASJV00006019C0120,2019,other,102.67,Q3,2
CASJV00006019C0120,2020,other,103,Q3,0
CASJV00006019C0120,2024,other,52,Q2,0
CASJV00006019C0150,2017,other,278.25,Q4 (slowest),0
CASJV00006019C0230,2018,other,23.67,Q2,0
CASJV00006019C0230,2020,other,89.6,Q2,0
CASJV00006019C0230,2022,other,382.44,Q4 (slowest),0
CASJV00006019C0276,2016,other,94,Q3,1
CASJV00006019C0276,2017,other,211.33,Q3,1
CASJV00006019C0276,2018,other,52.67,Q2,0
CASJV00006019C0311,2016,other,61.5,Q2,0
CASJV00006019C0311,2018,other,103.67,Q3,7
CASJV00006019C0311,2019,other,61.45,Q2,5
CASJV00006019C0311,2020,other,95.8,Q3,2
CASJV00006019C0311,2021,other,99,Q3,1
CASJV00006019C0311,2022,other,178.33,Q3,0
CASJV00006019C0402,2018,other,80.33,Q2,0
CASJV00006019C0402,2022,other,516,Q4 (slowest),1
CASJV00006019C0402,2023,other,222,Q3,0
CASJV00006019C0413,2019,other,34.5,Q2,0
CASJV00006019C0447,2016,other,114.75,Q3,1
CASJV00006019C0447,2017,other,277.33,Q4 (slowest),3
CASJV00006019C0447,2018,other,107.11,Q3,3
CASJV00006019C0447,2019,other,72.7,Q2,2
CASJV00006019C0447,2020,other,179.25,Q3,0
CASJV00006019C0447,2022,other,136.17,Q3,1
CASJV00006019C0447,2023,other,128.33,Q3,1
CASJV00006019C0447,2024,other,123.33,Q3,0
CASJV00006019C0535,2016,other,61.75,Q2,7
CASJV00006019C0535,2017,other,380.07,Q4 (slowest),2
CASJV00006019C0535,2018,other,206.33,Q3,1
CASJV00006019C0535,2019,other,128.33,Q3,4
CASJV00006019C0535,2020,other,235.18,Q3,5
CASJV00006019C0535,2021,other,110.58,Q3,3
CASJV00006019C0535,2022,other,190.5,Q3,1
CASJV00006019C0535,2023,other,29.33,Q2,0
CASJV00006019C0572,2019,other,216,Q3,0
CASJV00006019C0572,2021,other,107.67,Q3,0
CASJV00006019C0581,2018,other,27.75,Q2,2
CASJV00006019C0581,2019,other,30.83,Q2,0
CASJV00006019C0581,2021,other,146.6,Q3,0
CASJV00006019C0581,2023,other,47.33,Q2,0
CASJV00006019C0598,2016,other,155.67,Q3,2
CASJV00006019C0598,2017,other,33.2,Q2,3
CASJV00006019C0598,2018,other,215.89,Q3,2
CASJV00006019C0598,2019,other,258.75,Q4 (slowest),1
CASJV00006019C0598,2020,other,371,Q4 (slowest),2
CASJV00006019C0598,2021,other,141.17,Q3,0
CASJV00006019C0598,2024,other,76.67,Q2,0
CASJV00006019C0629,2016,other,136.25,Q3,3
CASJV00006019C0629,2017,other,47.33,Q2,0
CASJV00006019C0629,2019,other,26.33,Q2,1
CASJV00006019C0629,2020,other,102.5,Q3,1
CASJV00006019C0629,2021,other,73.5,Q2,0
CASJV00006019C0705,2018,other,156,Q3,0
CASJV00006019C0705,2021,other,112.33,Q3,4
CASJV00006019C0705,2022,other,177.2,Q3,0
CASJV00006019C0722,2022,electric,160.33,Q3,0
CASJV00006019C0787,2017,other,42.67,Q2,0
CASJV00006019C0787,2021,other,18,Q2,0
CASJV00006019C0787,2023,other,126.67,Q3,0
CASJV00006019C0847,2020,other,106.5,Q3,2
CASJV00006019C0847,2021,other,71.71,Q2,1
CASJV00006019C0847,2022,other,134,Q3,0
CASJV00006019C0948,2016,other,106.33,Q3,2
CASJV00006019C0948,2017,other,231.57,Q3,6
CASJV00006019C0948,2018,other,106.89,Q3,7
CASJV00006019C0948,2019,other,276.41,Q4 (slowest),5
CASJV00006019C0948,2020,other,235.47,Q3,13
CASJV00006019C0948,2021,other,140.48,Q3,4
CASJV00006019C0948,2022,other,131.25,Q3,8
CASJV00006019C0948,2023,other,92.96,Q3,4
CASJV00006019C0948,2024,other,81.93,Q2,0
CASJV00006019C1074,2022,other,264.33,Q4 (slowest),0
CASJV00006019C1077,2017,other,366.67,Q4 (slowest),0
CASJV00006019C1077,2019,other,136.89,Q3,5
CASJV00006019C1077,2020,other,138.2,Q3,0
CASJV00006019C1080,2021,other,140,Q3,1
CASJV00006019C1080,2022,other,142.67,Q3,0
CASJV00006019C1121,2016,other,80.12,Q2,2
CASJV00006019C1121,2017,other,269.67,Q4 (slowest),1
CASJV00006019C1121,2018,other,206.33,Q3,3
CASJV00006019C1121,2019,other,75.91,Q2,2
CASJV00006019C1121,2020,other,143.6,Q3,0
CASJV00006019C1121,2022,other,85.79,Q2,2
CASJV00006019C1121,2023,other,145.17,Q3,0
CASJV00006019C1234,2019,other,32,Q2,0
CASJV00006019C1234,2022,other,89.33,Q2,1
CASJV00006019C1234,2023,other,173.89,Q3,0
CASJV00006019C1336,2017,other,30,Q2,0
CASJV00006019C1336,2019,other,19,Q2,0
CASJV00006019C1336,2021,other,128.8,Q3,0
CASJV00006019C1344,2017,other,192.67,Q3,0
CASJV00006019C1344,2019,other,216.5,Q3,0
CASJV00006019C1344,2022,other,144,Q3,0
CASJV00006019C1820,2022,electric,182.56,Q3,0
CASJV00006019C1820,2024,electric,61,Q2,0
CASJV00006019C2249,2016,other,23.33,Q2,1
CASJV00006019C2696,2018,other,169.67,Q3,1
CASJV00006019C2696,2019,other,38.67,Q2,0
CASJV00006019C2783,2018,other,130,Q3,1
CASJV00006019C2783,2019,other,98.67,Q3,0
CASJV00006019C2783,2021,other,194.67,Q3,0
CASJV00006019C2872,2016,other,70.25,Q2,0
CASJV00006019C3054,2016,other,63.75,Q2,0
CASJV00006019C3054,2018,other,139,Q3,1
CASJV00006019C3054,2019,other,27.67,Q2,0
CASJV00006019C3115,2016,other,69,Q2,1
CASJV00006019C3115,2017,other,116,Q3,0
CASJV00006019C3115,2021,other,159,Q3,0
CASJV00006019C3115,2023,other,50.67,Q2,0
CASJV00006019C3811,2016,electric,59.25,Q2,0
CASJV00006019C3811,2018,electric,175.33,Q3,1
CASJV00006019C3811,2019,electric,120.33,Q3,1
CASJV00006019C3811,2020,electric,201.5,Q3,1
CASJV00006019C3811,2021,electric,254.67,Q4 (slowest),1
CASJV00006019C3811,2022,electric,249,Q4 (slowest),0
CASJV00006019C3844,2016,electric,51.75,Q2,2
CASJV00006019C3844,2017,electric,182.33,Q3,0
CASJV00006019C3844,2019,electric,114.5,Q3,0
CASJV00006019C3844,2022,electric,143.33,Q3,0
CASJV00006019C3844,2024,electric,61.67,Q2,0
CASJV00006019C4071,2018,electric,288.83,Q4 (slowest),0
CASJV00006019C4071,2020,electric,72,Q2,1
CASJV00006019C4071,2021,electric,136.67,Q3,1
CASJV00006019C4071,2022,electric,134,Q3,2
CASJV00006019C4071,2023,electric,37,Q2,1
CASJV00006019C4071,2024,electric,63.5,Q2,0
CASJV00006019C5370,2017,other,38.4,Q2,0
CASJV00006019C5870,2017,other,45.5,Q2,0
CASJV00006019C5870,2021,other,101,Q3,1
CASJV00006019C5870,2022,other,437.67,Q4 (slowest),2
CASJV00006019C5870,2023,other,196.83,Q3,0
CASJV00006019C6927,2015,other,708,Q4 (slowest),1
CASJV00006019C6927,2021,other,112,Q3,1
CASJV00006019C6927,2022,other,140,Q3,0
CASJV00006019C7220,2019,other,118.67,Q3,1
CASJV00006019C7220,2020,other,36,Q2,0
CASJV00006019C7220,2023,other,155.67,Q3,1
CASJV00006019C7220,2024,other,62,Q2,0
CASJV00006019C7286,2017,other,153.67,Q3,3
CASJV00006019C7286,2018,other,136.11,Q3,4
CASJV00006019C7286,2019,other,213,Q3,0
CASJV00006019C7286,2021,other,393.75,Q4 (slowest),0
CASJV00006019C7286,2023,other,143.67,Q3,0
CASJV00006019C7748,2017,other,43.67,Q2,0
CASJV00006019C7748,2019,other,368,Q4 (slowest),2
CASJV00006019C7748,2020,other,187,Q3,0
CASJV00006019C7748,2022,other,146,Q3,0
CASJV00006029S0033,2017,other,199,Q3,1
CASJV00006029S0033,2018,other,327.33,Q4 (slowest),5
CASJV00006029S0033,2019,other,197.5,Q3,2
CASJV00006029S0033,2020,other,236.75,Q3,2
CASJV00006029S0033,2021,other,221,Q3,6
CASJV00006029S0033,2022,other,114.04,Q3,4
CASJV00006029S0033,2023,other,209.83,Q3,1
CASJV00006029S0033,2024,other,64.67,Q2,0
CASJV00006029S0036,2017,other,63,Q2,2
CASJV00006029S0036,2018,other,47.17,Q2,1
CASJV00006029S0036,2019,other,265,Q4 (slowest),5
CASJV00006029S0036,2020,other,334.5,Q4 (slowest),2
CASJV00006029S0036,2021,other,429.6,Q4 (slowest),9
CASJV00006029S0036,2022,other,354.2,Q4 (slowest),5
CASJV00006029S0036,2023,other,179.57,Q3,0
CASJV00006029S0037,2016,other,132.77,Q3,35
CASJV00006029S0037,2017,other,147.99,Q3,44
CASJV00006029S0037,2018,other,92.05,Q3,10
CASJV00006029S0037,2019,other,191.58,Q3,24
CASJV00006029S0037,2020,other,168.5,Q3,19
CASJV00006029S0037,2021,other,199.8,Q3,37
CASJV00006029S0037,2022,other,223.63,Q3,26
CASJV00006029S0037,2023,other,160.55,Q3,20
CASJV00006029S0037,2024,other,137.24,Q3,0
CASJV00006029S0038,2021,other,243,Q3,0
CASJV00006029S0040,2018,other,59.33,Q2,1
CASJV00006029S0040,2019,other,94,Q3,0
CASJV00006029S0040,2021,other,104.5,Q3,4
CASJV00006029S0040,2022,other,137.21,Q3,1
CASJV00006029S0040,2023,other,46.33,Q2,0
CASJV00006029S0044,2016,other,73.36,Q2,0
CASJV00006029S0044,2019,other,245.5,Q3,1
CASJV00006029S0044,2020,other,172.5,Q3,1
CASJV00006029S0044,2021,other,466.5,Q4 (slowest),1
CASJV00006029S0044,2022,other,221.67,Q3,2
CASJV00006029S0044,2023,other,108.57,Q3,0
CASJV00006029S0071,2017,other,95.75,Q3,3
CASJV00006029S0071,2018,other,169.22,Q3,1
CASJV00006029S0071,2019,other,46,Q2,2
CASJV00006029S0071,2020,other,197,Q3,4
CASJV00006029S0071,2021,other,179.33,Q3,2
CASJV00006029S0071,2022,other,210,Q3,2
CASJV00006029S0071,2023,other,285.67,Q4 (slowest),2
CASJV00006029S0071,2024,other,75.33,Q2,0
CASJV00006029S0075,2016,electric,92.38,Q3,0
CASJV00006029S0077,2016,other,45.75,Q2,0
CASJV00006029S0077,2018,other,114.67,Q3,0
CASJV00006029S0083,2022,other,136,Q3,0
CASJV00006029S0088,2017,electric,45.67,Q2,2
CASJV00006029S0088,2018,electric,45.17,Q2,1
CASJV00006029S0088,2019,electric,358.5,Q4 (slowest),1
CASJV00006029S0088,2020,electric,0,Q1 (fastest),0
CASJV00006029S0091,2016,electric,132.5,Q3,1
CASJV00006029S0091,2017,electric,17,Q2,0
CASJV00006029S0091,2019,electric,57.33,Q2,0
CASJV00006029S0091,2021,electric,179,Q3,1
CASJV00006029S0091,2022,electric,355.33,Q4 (slowest),0
CASJV00006029S0172,2018,electric,83.67,Q2,0
CASJV00006029S0172,2020,electric,57,Q2,0
CASJV00006029S0254,2019,other,216.5,Q3,0
CASJV00006029S0254,2022,other,227.25,Q3,0
CASJV00006029S0377,2016,other,84.75,Q2,1
CASJV00006029S0377,2017,other,93,Q3,1
CASJV00006029S0377,2018,other,293,Q4 (slowest),1
CASJV00006029S0377,2019,other,253,Q4 (slowest),1
CASJV00006029S0377,2020,other,240,Q3,0
CASJV00006029S0381,2017,other,71.75,Q2,2
CASJV00006029S0381,2018,other,67.33,Q2,1
CASJV00006029S0381,2019,other,61.67,Q2,3
CASJV00006029S0381,2020,other,90,Q2,1
CASJV00006029S0381,2021,other,74,Q2,0
CASJV00006029S0381,2024,other,97.67,Q3,0
CASJV00006029S0382,2017,other,41,Q2,3
CASJV00006029S0382,2018,other,130.45,Q3,2
CASJV00006029S0382,2019,other,152.6,Q3,3
CASJV00006029S0382,2020,other,152.67,Q3,4
CASJV00006029S0382,2021,other,140.58,Q3,3
CASJV00006029S0382,2022,other,101,Q3,3
CASJV00006029S0382,2023,other,101.38,Q3,1
CASJV00006029S0382,2024,other,116.5,Q3,0
CASJV00006029S0498,2017,other,83.33,Q2,0
CASJV00006029S0507,2016,other,119.33,Q3,0
CASJV00006029S0507,2020,other,132.5,Q3,3
CASJV00006029S0507,2021,other,127,Q3,6
CASJV00006029S0507,2022,other,88.33,Q2,0
CASJV00006029S0511,2020,electric,0,Q1 (fastest),0
CASJV00006029S0559,2016,other,52.33,Q2,0
CASJV00006029S0723,2020,electric,209,Q3,0
CASJV00006029S0724,2021,electric,105.5,Q3,0
CASJV00006029S0724,2023,electric,70.5,Q2,0
CASJV00006029S0882,2018,other,41.33,Q2,1
CASJV00006029S0882,2019,other,44.33,Q2,3
CASJV00006029S0882,2020,other,90.17,Q2,1
CASJV00006029S0882,2021,other,253.67,Q4 (slowest),0
CASJV00006029S0890,2019,other,160.5,Q3,1
CASJV00006029S0890,2020,other,122,Q3,2
CASJV00006029S0890,2021,other,149.43,Q3,1
CASJV00006029S0890,2022,other,82.33,Q2,4
CASJV00006029S0890,2023,other,86.92,Q2,1
CASJV00006029S0890,2024,other,45,Q2,0
CASJV00006029S0892,2020,other,278.33,Q4 (slowest),0
CASJV00006029S1075,2018,other,26.33,Q2,0
CASJV00006029S1075,2020,other,73.5,Q2,1
CASJV00006029S1075,2021,other,282.67,Q4 (slowest),0
CASJV00006029S1114,2017,other,66.25,Q2,1
CASJV00006029S1114,2018,other,70,Q2,2
CASJV00006029S1114,2019,other,258.5,Q4 (slowest),1
CASJV00006029S1114,2020,other,152,Q3,0
CASJV00006029S1114,2022,other,133.5,Q3,0
CASJV00006029S1118,2020,electric,142.5,Q3,0
CASJV00006029S1119,2020,electric,142.5,Q3,0
CASJV00006029S1120,2019,electric,157.25,Q3,1
CASJV00006029S1120,2020,electric,142.5,Q3,0
CASJV00006029S1120,2023,electric,153.67,Q3,0
CASJV00006029S1121,2016,other,56.12,Q2,0
CASJV00006029S1121,2018,other,64.25,Q2,1
CASJV00006029S1121,2019,other,100.67,Q3,0
CASJV00006029S1121,2022,other,68,Q2,2
CASJV00006029S1121,2023,other,130.33,Q3,1
CASJV00006029S1121,2024,other,40.33,Q2,0
CASJV00006029S1128,2016,other,74.67,Q2,10
CASJV00006029S1128,2017,other,143.94,Q3,8
CASJV00006029S1128,2018,other,153.28,Q3,13
CASJV00006029S1128,2019,other,101.97,Q3,11
CASJV00006029S1128,2020,other,105.95,Q3,3
CASJV00006029S1128,2021,other,190,Q3,19
CASJV00006029S1128,2022,other,147.66,Q3,3
CASJV00006029S1128,2023,other,282,Q4 (slowest),0
CASJV00006029S1129,2017,other,165,Q3,0
CASJV00006029S1129,2019,other,65.33,Q2,1
CASJV00006029S1129,2020,other,69.5,Q2,0
CASJV00006029S1131,2016,other,66,Q2,0
CASJV00006029S1131,2018,other,325.9,Q4 (slowest),2
CASJV00006029S1131,2019,other,167,Q3,0
CASJV00006029S1131,2021,other,145.36,Q3,9
CASJV00006029S1131,2022,other,129.83,Q3,2
CASJV00006029S1131,2023,other,95,Q3,1
CASJV00006029S1131,2024,other,26.67,Q2,0
CASJV00006029S1135,2016,other,143.75,Q3,4
CASJV00006029S1135,2017,other,39.93,Q2,2
CASJV00006029S1135,2018,other,112.5,Q3,2
CASJV00006029S1135,2019,other,95.67,Q3,6
CASJV00006029S1135,2020,other,218.44,Q3,0
CASJV00006029S1135,2022,other,134,Q3,0
CASJV00006029S1137,2022,other,113.33,Q3,3
CASJV00006029S1137,2023,other,260.67,Q4 (slowest),1
CASJV00006029S1137,2024,other,51.33,Q2,0
CASJV00006029S1141,2016,other,93.78,Q3,2
CASJV00006029S1141,2017,other,203.67,Q3,5
CASJV00006029S1141,2018,other,149.19,Q3,4
CASJV00006029S1141,2019,other,100.91,Q3,1
CASJV00006029S1141,2020,other,143.5,Q3,1
CASJV00006029S1141,2021,other,271.5,Q4 (slowest),7
CASJV00006029S1141,2022,other,88.3,Q2,3
CASJV00006029S1141,2023,other,198.73,Q3,0
CASJV00006029S1199,2017,other,80.5,Q2,0
CASJV00006029S1199,2019,other,130.6,Q3,0
CASJV00006029S1199,2021,other,111.5,Q3,2
CASJV00006029S1199,2022,other,162.33,Q3,2
CASJV00006029S1199,2023,other,456,Q4 (slowest),0
CASJV00006029S1216,2017,other,79.25,Q2,0
CASJV00006029S1234,2019,other,87.83,Q2,0
CASJV00006029S1234,2021,other,137.5,Q3,3
CASJV00006029S1234,2022,other,205.33,Q3,2
CASJV00006029S1234,2023,other,212.33,Q3,0
CASJV00006029S1242,2018,other,117.67,Q3,4
CASJV00006029S1242,2019,other,194.75,Q3,1
CASJV00006029S1242,2020,other,189,Q3,1
CASJV00006029S1242,2021,other,77.25,Q2,2
CASJV00006029S1242,2022,other,105.33,Q3,1
CASJV00006029S1242,2023,other,50,Q2,1
CASJV00006029S1242,2024,other,209.67,Q3,0
CASJV00006029S1246,2016,other,174,Q3,3
CASJV00006029S1246,2017,other,145.36,Q3,2
CASJV00006029S1246,2018,other,119.29,Q3,5
CASJV00006029S1246,2019,other,224.08,Q3,4
CASJV00006029S1246,2020,other,273.75,Q4 (slowest),2
CASJV00006029S1246,2021,other,202.17,Q3,3
CASJV00006029S1246,2022,other,75.14,Q2,4
CASJV00006029S1246,2023,other,146.85,Q3,2
CASJV00006029S1246,2024,other,141.17,Q3,0
CASJV00006029S1250,2018,other,83.67,Q2,0
CASJV00006029S1250,2020,other,57,Q2,0
CASJV00006029S1251,2018,other,83.33,Q2,0
CASJV00006029S1251,2020,other,209.5,Q3,0
CASJV00006029S1251,2022,other,14,Q1 (fastest),0
CASJV00006029S1259,2021,other,147.67,Q3,0
CASJV00006029S1326,2017,other,135,Q3,2
CASJV00006029S1326,2018,other,56.33,Q2,1
CASJV00006029S1326,2019,other,34.33,Q2,6
CASJV00006029S1326,2020,other,272,Q4 (slowest),1
CASJV00006029S1326,2021,other,190,Q3,1
CASJV00006029S1326,2022,other,150.25,Q3,5
CASJV00006029S1326,2023,other,71.2,Q2,0
CASJV00006029S1327,2018,other,62.86,Q2,0
CASJV00006029S1327,2020,other,247,Q3,1
CASJV00006029S1327,2021,other,119.33,Q3,4
CASJV00006029S1327,2022,other,119.67,Q3,0
CASJV00006029S1328,2020,other,333.5,Q4 (slowest),2
CASJV00006029S1328,2021,other,242.67,Q3,2
CASJV00006029S1328,2022,other,102,Q3,1
CASJV00006029S1328,2023,other,130.67,Q3,1
CASJV00006029S1328,2024,other,218.67,Q3,0
CASJV00006029S1329,2017,other,67.83,Q2,2
CASJV00006029S1329,2018,other,74,Q2,2
CASJV00006029S1329,2019,other,315.25,Q4 (slowest),0
CASJV00006029S1329,2022,other,83.67,Q2,0
CASJV00006029S1332,2019,other,227,Q3,0
CASJV00006029S1334,2017,other,61.33,Q2,0
CASJV00006029S1334,2019,other,150.5,Q3,0
CASJV00006029S1334,2021,other,111.5,Q3,1
CASJV00006029S1334,2022,other,460.75,Q4 (slowest),1
CASJV00006029S1334,2023,other,172.67,Q3,0
CASJV00006029S1335,2017,other,59.67,Q2,0
CASJV00006029S1335,2019,other,107.5,Q3,0
CASJV00006029S1335,2022,other,276.4,Q4 (slowest),0
CASJV00006029S1337,2019,other,177,Q3,0
CASJV00006029S1337,2021,other,110.5,Q3,2
CASJV00006029S1337,2022,other,351.43,Q4 (slowest),1
CASJV00006029S1337,2023,other,174,Q3,0
CASJV00006029S1372,2017,other,88.94,Q2,9
CASJV00006029S1372,2018,other,157.26,Q3,7
CASJV00006029S1372,2019,other,128.25,Q3,5
CASJV00006029S1372,2020,other,215.1,Q3,9
CASJV00006029S1372,2021,other,239.19,Q3,5
CASJV00006029S1372,2022,other,227,Q3,4
CASJV00006029S1372,2023,other,270.75,Q4 (slowest),3
CASJV00006029S1372,2024,other,70.89,Q2,0
CASJV00006029S1398,2022,other,260.67,Q4 (slowest),0
CASJV00006029S1399,2016,other,427,Q4 (slowest),1
CASJV00006029S1399,2017,other,110.5,Q3,0
CASJV00006029S1399,2019,other,159.67,Q3,0
CASJV00006029S1413,2018,other,107.67,Q3,0
CASJV00006029S1509,2017,other,66.67,Q2,0
CASJV00006029S1510,2017,other,66.67,Q2,0
CASJV00006029S1521,2018,other,117,Q3,0
CASJV00006029S1543,2019,other,62.5,Q2,0
CASJV00006029S1547,2016,other,66.5,Q2,12
CASJV00006029S1547,2017,other,86.71,Q2,15
CASJV00006029S1547,2018,other,89.07,Q2,9
CASJV00006029S1547,2019,other,241.13,Q3,8
CASJV00006029S1547,2020,other,323.58,Q4 (slowest),5
CASJV00006029S1547,2021,other,236.22,Q3,7
CASJV00006029S1547,2022,other,120.58,Q3,6
CASJV00006029S1547,2023,other,277.28,Q4 (slowest),2
CASJV00006029S1547,2024,other,203.17,Q3,0
CASJV00006029S1548,2016,other,88.75,Q2,5
CASJV00006029S1548,2017,other,106.88,Q3,9
CASJV00006029S1548,2018,other,155.12,Q3,8
CASJV00006029S1548,2019,other,114.1,Q3,6
CASJV00006029S1548,2020,other,309.08,Q4 (slowest),5
CASJV00006029S1548,2021,other,217.5,Q3,16
CASJV00006029S1548,2022,other,136.56,Q3,5
CASJV00006029S1548,2023,other,255.31,Q4 (slowest),3
CASJV00006029S1548,2024,other,170.44,Q3,0
CASJV00006029S1624,2017,other,84.33,Q2,0
CASJV00006029S1624,2019,other,116.44,Q3,2
CASJV00006029S1624,2020,other,150.25,Q3,2
CASJV00006029S1624,2021,other,262.83,Q4 (slowest),4
CASJV00006029S1624,2022,other,168.07,Q3,9
CASJV00006029S1624,2023,other,125.85,Q3,1
CASJV00006029S1624,2024,other,167,Q3,0
CASJV00006029S1625,2018,other,37.67,Q2,1
CASJV00006029S1625,2019,other,262,Q4 (slowest),1
CASJV00006029S1625,2020,other,215,Q3,1
CASJV00006029S1625,2021,other,140,Q3,6
CASJV00006029S1625,2022,other,75.45,Q2,2
CASJV00006029S1625,2023,other,186.75,Q3,0
CASJV00006029S1703,2017,other,45.36,Q2,2
CASJV00006029S1703,2018,other,97.33,Q3,1
CASJV00006029S1703,2019,other,461.5,Q4 (slowest),2
CASJV00006029S1703,2020,other,174.5,Q3,2
CASJV00006029S1703,2021,other,40,Q2,0
CASJV00006029S1703,2023,other,129.33,Q3,0
CASJV00006029S1737,2019,other,64,Q2,2
CASJV00006029S1737,2020,other,175.5,Q3,2
CASJV00006029S1737,2021,other,125.33,Q3,2
CASJV00006029S1737,2022,other,128.67,Q3,4
CASJV00006029S1737,2023,other,114,Q3,2
CASJV00006029S1737,2024,other,87.4,Q2,0
CASJV00006029S1738,2016,other,71,Q2,5
CASJV00006029S1738,2017,other,117.38,Q3,4
CASJV00006029S1738,2018,other,52.43,Q2,7
CASJV00006029S1738,2019,other,137.21,Q3,1
CASJV00006029S1738,2020,other,244,Q3,8
CASJV00006029S1738,2021,other,115.95,Q3,8
CASJV00006029S1738,2022,other,94.08,Q3,11
CASJV00006029S1738,2023,other,84.76,Q2,3
CASJV00006029S1738,2024,other,39,Q2,0
CASJV00006029S1792,2017,other,142,Q3,0
CASJV00006029S1792,2021,other,128.33,Q3,2
CASJV00006029S1792,2022,other,122.5,Q3,0
CASJV00006029S1792,2024,other,47,Q2,0
CASJV00006029S1807,2018,other,145,Q3,1
CASJV00006029S1807,2019,other,156,Q3,0
CASJV00006029S1807,2021,other,245.75,Q3,2
CASJV00006029S1807,2022,other,138.14,Q3,0
CASJV00006029S1810,2018,other,61.67,Q2,0
CASJV00006029S1810,2022,other,64.17,Q2,1
CASJV00006029S1810,2023,other,95.33,Q3,0
CASJV00006029S2010,2017,other,66.17,Q2,4
CASJV00006029S2010,2018,other,185.42,Q3,9
CASJV00006029S2010,2019,other,79.62,Q2,5
CASJV00006029S2010,2020,other,140.5,Q3,9
CASJV00006029S2010,2021,other,151.89,Q3,7
CASJV00006029S2010,2022,other,152.76,Q3,2
CASJV00006029S2010,2023,other,106.43,Q3,0
CASJV00006029S2018,2018,other,166.67,Q3,5
CASJV00006029S2018,2019,other,149.79,Q3,0
CASJV00006029S2033,2020,other,200,Q3,1
CASJV00006029S2033,2021,other,121.5,Q3,0
CASJV00006029S2049,2018,electric,83.67,Q2,0
CASJV00006029S2049,2020,electric,440.75,Q4 (slowest),0
CASJV00006029S2049,2022,electric,183.75,Q3,0
CASJV00006029S2076,2017,other,87.33,Q2,1
CASJV00006029S2076,2018,other,89,Q2,3
CASJV00006029S2076,2019,other,292.75,Q4 (slowest),1
CASJV00006029S2076,2020,other,414.5,Q4 (slowest),7
CASJV00006029S2076,2021,other,155.65,Q3,0
CASJV00006029S2076,2023,other,248.25,Q3,0
CASJV00006029S2234,2017,other,71,Q2,2
CASJV00006029S2234,2018,other,56,Q2,3
CASJV00006029S2234,2019,other,194.88,Q3,3
CASJV00006029S2234,2020,other,367.75,Q4 (slowest),4
CASJV00006029S2234,2021,other,190.4,Q3,1
CASJV00006029S2234,2022,other,96.67,Q3,4
CASJV00006029S2234,2023,other,229.7,Q3,4
CASJV00006029S2234,2024,other,119.33,Q3,0
CASJV00006029S2265,2019,electric,284.5,Q4 (slowest),0
CASJV00006029S2265,2022,electric,140.8,Q3,0
CASJV00006029S2273,2017,other,76.33,Q2,1
CASJV00006029S2273,2018,other,131.33,Q3,1
CASJV00006029S2273,2019,other,327.5,Q4 (slowest),1
CASJV00006029S2273,2020,other,246.5,Q3,0
CASJV00006029S2273,2023,other,186.33,Q3,1
CASJV00006029S2273,2024,other,164,Q3,0
CASJV00006029S2585,2021,other,147.33,Q3,1
CASJV00006029S2585,2022,other,84,Q2,0
CASJV00006029S2624,2018,other,42,Q2,0
CASJV00006029S2624,2023,other,80.67,Q2,1
CASJV00006029S2624,2024,other,100,Q3,0
CASJV00006029S2661,2020,other,250,Q3,1
CASJV00006029S2661,2021,other,132.5,Q3,3
CASJV00006029S2661,2022,other,58.83,Q2,0
CASJV00006029S2742,2018,other,100.67,Q3,0
CASJV00006029S2742,2020,other,177,Q3,0
CASJV00006029S2742,2022,other,60,Q2,0
CASJV00006029S2896,2017,other,42.33,Q2,0
CASJV00006029S2896,2020,other,441.86,Q4 (slowest),0
CASJV00006029S2918,2018,other,71.25,Q2,3
CASJV00006029S2918,2019,other,75.56,Q2,0
CASJV00006029S2918,2021,other,119.73,Q3,1
CASJV00006029S2918,2022,other,131.67,Q3,3
CASJV00006029S2918,2023,other,52.36,Q2,1
CASJV00006029S2918,2024,other,54,Q2,0
CASJV00006029S2980,2017,other,20.67,Q2,1
CASJV00006029S2980,2018,other,97.67,Q3,1
CASJV00006029S2980,2019,other,97.5,Q3,0
CASJV00006029S2980,2021,other,74,Q2,6
CASJV00006029S2980,2022,other,104.53,Q3,0
CASJV00006029S3007,2022,other,167.33,Q3,0
CASJV00006029S3036,2017,other,123.33,Q3,1
CASJV00006029S3036,2018,other,102,Q3,0
CASJV00006029S3036,2020,other,158.5,Q3,1
CASJV00006029S3036,2021,other,88,Q2,7
CASJV00006029S3036,2022,other,75.95,Q2,1
CASJV00006029S3036,2023,other,97,Q3,0
CASJV00006029S3103,2016,other,100,Q3,1
CASJV00006029S3103,2017,other,68.67,Q2,2
CASJV00006029S3103,2018,other,91.17,Q3,3
CASJV00006029S3103,2019,other,265.14,Q4 (slowest),1
CASJV00006029S3103,2020,other,56,Q2,1
CASJV00006029S3103,2021,other,511.12,Q4 (slowest),0
CASJV00006029S3103,2023,other,81.33,Q2,2
CASJV00006029S3103,2024,other,91.33,Q3,0
CASJV00006029S3157,2017,other,40,Q2,0
CASJV00006029S3157,2019,other,43,Q2,1
CASJV00006029S3157,2020,other,42.5,Q2,1
CASJV00006029S3157,2021,other,139.5,Q3,0
CASJV00006029S3232,2017,other,72.67,Q2,2
CASJV00006029S3232,2018,other,108,Q3,2
CASJV00006029S3232,2019,other,181.8,Q3,1
CASJV00006029S3232,2020,other,68,Q2,0
CASJV00006029S3232,2022,other,173.33,Q3,2
CASJV00006029S3232,2023,other,78,Q2,0
CASJV00006029S3317,2019,other,132,Q3,1
CASJV00006029S3317,2020,other,125,Q3,1
CASJV00006029S3317,2021,other,160.67,Q3,0
CASJV00006029S3322,2017,other,62,Q2,1
CASJV00006029S3322,2018,other,144,Q3,1
CASJV00006029S3322,2019,other,220.67,Q3,0
CASJV00006029S3322,2021,other,124,Q3,0
CASJV00006029S3322,2024,other,142.67,Q3,0
CASJV00006029S3412,2016,electric,109.75,Q3,1
CASJV00006029S3412,2017,electric,123,Q3,0
CASJV00006029S3412,2022,electric,99.67,Q3,4
CASJV00006029S3412,2023,electric,136,Q3,0
CASJV00006029S3431,2019,other,143,Q3,0
CASJV00006029S3431,2021,other,137.67,Q3,0
CASJV00006029S3432,2019,other,111,Q3,0
CASJV00006029S3461,2019,other,75.67,Q2,1
CASJV00006029S3461,2020,other,184,Q3,1
CASJV00006029S3461,2021,other,86.5,Q2,0
CASJV00006029S3523,2020,electric,314.6,Q4 (slowest),2
CASJV00006029S3523,2021,electric,180.12,Q3,1
CASJV00006029S3523,2022,electric,99.67,Q3,0
CASJV00006029S3585,2019,other,219.5,Q3,2
CASJV00006029S3585,2020,other,338.25,Q4 (slowest),0
CASJV00006029S3585,2023,other,45.33,Q2,0
CASJV00006029S3636,2019,electric,43.67,Q2,0
CASJV00006029S3636,2022,electric,130.33,Q3,0
CASJV00006029S3746,2018,electric,138.67,Q3,0
CASJV00006029S3746,2022,electric,153.33,Q3,0
CASJV00006029S3755,2019,other,129,Q3,0
CASJV00006029S3755,2021,other,95.17,Q3,3
CASJV00006029S3755,2022,other,129.89,Q3,0
CASJV00006029S4034,2016,other,93.5,Q3,1
CASJV00006029S4034,2017,other,113,Q3,1
CASJV00006029S4034,2018,other,183,Q3,2
CASJV00006029S4034,2019,other,116.33,Q3,1
CASJV00006029S4034,2020,other,173.5,Q3,0
CASJV00006029S4034,2022,other,142.7,Q3,3
CASJV00006029S4034,2023,other,86.89,Q2,0
CASJV00006029S4159,2019,other,150,Q3,0
CASJV00006029S4159,2022,other,167.33,Q3,0
CASJV00006029S4212,2016,other,185.25,Q3,0
CASJV00006029S4692,2017,other,115.2,Q3,1
CASJV00006029S4692,2018,other,84.67,Q2,0
CASJV00006029S4692,2020,other,95,Q3,1
CASJV00006029S4692,2021,other,62.33,Q2,0
CASJV00006029S4692,2023,other,24,Q2,0
CASJV00006029S6509,2016,other,36,Q2,0
CASJV00006029S6509,2018,other,105,Q3,1
CASJV00006029S6509,2019,other,86,Q2,1
CASJV00006029S6509,2020,other,48,Q2,3
CASJV00006029S6509,2021,other,340.12,Q4 (slowest),2
CASJV00006029S6509,2022,other,39,Q2,0
CASJV00006029S6662,2021,electric,153,Q3,1
CASJV00006029S6662,2022,electric,105.2,Q3,0
CASJV00006029S6826,2017,other,77.71,Q2,0
CASJV00006029S6826,2022,other,136,Q3,0
CASJV00006029S6967,2023,other,286,Q4 (slowest),0
CASJV00006029S7048,2019,other,83.67,Q2,3
CASJV00006029S7048,2020,other,152.5,Q3,1
CASJV00006029S7048,2021,other,245.67,Q3,1
CASJV00006029S7048,2022,other,175.67,Q3,0
CASJV00006029S7059,2019,other,89,Q2,0
CASJV00006029S7059,2022,other,72,Q2,1
CASJV00006029S7059,2023,other,32.67,Q2,0
CASJV00006029S7076,2021,other,52.25,Q2,1
CASJV00006029S7076,2022,other,83.33,Q2,1
CASJV00006029S7589,2016,other,148.33,Q3,2
CASJV00006029S7589,2017,other,67.83,Q2,0
CASJV00006029S7612,2024,other,144.33,Q3,0
CASJV00006029S7858,2016,other,86.25,Q2,1
CASJV00006029S7858,2017,other,27.33,Q2,1
CASJV00006029S7858,2018,other,121,Q3,0
CASJV00006029S7858,2020,other,72,Q2,1
CASJV00006029S7858,2021,other,70,Q2,2
CASJV00006029S7858,2022,other,28.83,Q2,1
CASJV00006029S7858,2023,other,23,Q2,0
CASJV00006029S8282,2017,other,84,Q2,2
CASJV00006029S8282,2018,other,152.17,Q3,5
CASJV00006029S8282,2019,other,141.36,Q3,1
CASJV00006029S8282,2020,other,338,Q4 (slowest),1
CASJV00006029S8282,2021,other,215.33,Q3,5
CASJV00006029S8282,2022,other,183.53,Q3,5
CASJV00006029S8282,2023,other,146.4,Q3,4
CASJV00006029S8282,2024,other,71.83,Q2,0
CASJV00006029S8452,2018,other,122,Q3,0
CASJV00006029S8452,2020,other,150,Q3,1
CASJV00006029S8452,2021,other,104.5,Q3,1
CASJV00006029S8452,2022,other,71.67,Q2,1
CASJV00006029S8452,2023,other,30.25,Q2,1
CASJV00006029S8452,2024,other,87.5,Q2,0
CASJV00006029S8453,2020,other,311,Q4 (slowest),2
CASJV00006029S8453,2021,other,143.8,Q3,0
CASJV00006029S8454,2024,other,107.67,Q3,0
CASJV00006029S8841,2020,other,284.25,Q4 (slowest),1
CASJV00006029S8841,2021,other,97.5,Q3,2
CASJV00006029S8841,2022,other,86.45,Q2,0
CASJV00006029S8841,2024,other,146,Q3,0
CASJV00006029S9168,2020,other,34.5,Q2,1
CASJV00006029S9168,2021,other,178,Q3,0
CASJV00006029S9168,2023,other,131.75,Q3,1
CASJV00006029S9168,2024,other,148.33,Q3,0
CASJV00006029S9681,2022,other,43.33,Q2,0
CASJV00006031C0195,2018,other,28.33,Q2,0
CASJV00006031C0195,2021,other,345.44,Q4 (slowest),5
CASJV00006031C0195,2022,other,141.29,Q3,0
CASJV00006031C0214,2018,other,36.6,Q2,1
CASJV00006031C0214,2019,other,41.33,Q2,1
CASJV00006031C0214,2020,other,75,Q2,0
CASJV00006031C0214,2022,other,39,Q2,1
CASJV00006031C0214,2023,other,36.67,Q2,1
CASJV00006031C0214,2024,other,130.67,Q3,0
CASJV00006031C0273,2020,other,40.5,Q2,0
CASJV00006031C0283,2018,other,24.33,Q2,0
CASJV00006031C0283,2021,other,15.5,Q2,0
CASJV00006031C0306,2016,other,47,Q2,0
CASJV00006031C0306,2019,other,135,Q3,1
CASJV00006031C0306,2020,other,51,Q2,0
CASJV00006031C0306,2022,other,62.33,Q2,0
CASJV00006031C0366,2022,other,87.33,Q2,0
CASJV00006031C0904,2016,other,148.71,Q3,0
CASJV00006031C0904,2022,other,37.33,Q2,0
CASJV00006031C0954,2017,other,186.67,Q3,1
CASJV00006031C0954,2018,other,50.67,Q2,4
CASJV00006031C0954,2019,other,25,Q2,2
CASJV00006031C0954,2020,other,82.25,Q2,0
CASJV00006031C0954,2022,other,55.33,Q2,1
CASJV00006031C0954,2023,other,34.5,Q2,0
CASJV00006031C1555,2018,other,12.67,Q1 (fastest),0
CASJV00006031C1658,2021,other,41.33,Q2,0
CASJV00006031C2106,2017,other,121.33,Q3,0
CASJV00006031C2106,2020,other,106.2,Q3,2
CASJV00006031C2106,2021,other,58.5,Q2,0
CASJV00006031C2106,2023,other,92.33,Q3,0
CASJV00006031C2282,2023,other,199.56,Q3,1
CASJV00006031C2282,2024,other,122.67,Q3,0
CASJV00006031C3839,2016,other,241.67,Q3,2
CASJV00006031C3839,2017,other,35,Q2,1
CASJV00006031C3839,2018,other,43,Q2,0
CASJV00006031C3839,2020,other,302,Q4 (slowest),1
CASJV00006031C3839,2021,other,134.67,Q3,2
CASJV00006031C3839,2022,other,112,Q3,1
CASJV00006031C3839,2023,other,177.33,Q3,0
CASJV00006031C4140,2020,electric,210.67,Q3,0
CASJV00006031C4352,2018,other,35,Q2,0
CASJV00006031C4352,2023,other,33.67,Q2,0
CASJV00006039C0261,2016,other,29.93,Q2,8
CASJV00006039C0261,2017,other,140.61,Q3,3
CASJV00006039C0261,2018,other,136.8,Q3,6
CASJV00006039C0261,2019,other,69.38,Q2,4
CASJV00006039C0261,2020,other,160.38,Q3,4
CASJV00006039C0261,2021,other,200.9,Q3,4
CASJV00006039C0261,2022,other,139.2,Q3,3
CASJV00006039C0261,2023,other,161.11,Q3,4
CASJV00006039C0261,2024,other,107.92,Q3,0
CASJV00006039C0495,2021,other,136,Q3,1
CASJV00006039C0495,2022,other,31.75,Q2,0
CASJV00006039C0628,2019,other,14.67,Q2,1
CASJV00006039C0628,2020,other,117,Q3,0
CASJV00006039C0801,2016,other,75.75,Q2,0
CASJV00006039C0801,2018,other,106.11,Q3,1
CASJV00006039C0801,2019,other,40.67,Q2,7
CASJV00006039C0801,2020,other,76,Q2,21
CASJV00006039C0801,2021,other,81.47,Q2,2
CASJV00006039C0801,2022,other,15.25,Q2,3
CASJV00006039C0801,2023,other,82.8,Q2,4
CASJV00006039C0801,2024,other,169.42,Q3,0
CASJV00006039C1089,2019,electric,65.67,Q2,0
CASJV00006039C1353,2018,other,66.33,Q2,0
CASJV00006039C1353,2020,other,77,Q2,1
CASJV00006039C1353,2021,other,18.67,Q2,0
CASJV00006039C2283,2018,other,10,Q1 (fastest),0
CASJV00006039C2283,2022,other,130.67,Q3,0
CASJV00006039C4261,2016,other,95.25,Q3,10
CASJV00006039C4261,2017,other,94,Q3,6
CASJV00006039C4261,2018,other,56.21,Q2,4
CASJV00006039C4261,2019,other,80.93,Q2,5
CASJV00006039C4261,2020,other,139.8,Q3,0
CASJV00006039C6699,2023,other,35,Q2,0
CASJV00006039C6923,2017,electric,100,Q3,0
CASJV00006039C6923,2020,electric,127.5,Q3,2
CASJV00006039C6923,2021,electric,141.5,Q3,1
CASJV00006039C6923,2022,electric,115.5,Q3,0
CASJV00006047N1237,2016,other,124.33,Q3,7
CASJV00006047N1237,2017,other,153.33,Q3,1
CASJV00006047N1237,2018,other,43,Q2,3
CASJV00006047N1237,2019,other,110.89,Q3,0
CASJV00006047N1237,2021,other,248,Q3,1
CASJV00006047N1237,2022,other,168.67,Q3,0
CASJV00006047N1237,2024,other,123.17,Q3,0
CASJV00006047N1246,2018,other,340.33,Q4 (slowest),0
CASJV00006047N1246,2020,other,69.83,Q2,2
CASJV00006047N1246,2021,other,220.33,Q3,1
CASJV00006047N1246,2022,other,82.75,Q2,1
CASJV00006047N1246,2023,other,120.33,Q3,0
CASJV00006047N1252,2017,other,13.5,Q1 (fastest),0
CASJV00006047N1252,2019,other,323.17,Q4 (slowest),3
CASJV00006047N1252,2020,other,403,Q4 (slowest),2
CASJV00006047N1252,2021,other,230.86,Q3,13
CASJV00006047N1252,2022,other,148.32,Q3,3
CASJV00006047N1252,2023,other,259.89,Q4 (slowest),2
CASJV00006047N1252,2024,other,62,Q2,0
CASJV00006047N1275,2016,other,245,Q3,4
CASJV00006047N1275,2017,other,210.5,Q3,4
CASJV00006047N1275,2018,other,124.75,Q3,2
CASJV00006047N1275,2019,other,209.83,Q3,9
CASJV00006047N1275,2020,other,109.89,Q3,5
CASJV00006047N1275,2021,other,131.42,Q3,12
CASJV00006047N1275,2022,other,139.67,Q3,3
CASJV00006047N1275,2023,other,279.6,Q4 (slowest),3
CASJV00006047N1275,2024,other,303.78,Q4 (slowest),0
CASJV00006047N1276,2018,other,562.5,Q4 (slowest),0
CASJV00006047N1283,2022,other,151.33,Q3,0
CASJV00006047N1324,2020,other,98,Q3,0
CASJV00006047N1326,2017,other,250.17,Q3,0
CASJV00006047N1326,2022,other,108.23,Q3,2
CASJV00006047N1326,2023,other,58.25,Q2,0
CASJV00006047N1330,2018,other,80.5,Q2,1
CASJV00006047N1330,2019,other,597.67,Q4 (slowest),1
CASJV00006047N1330,2020,other,312.67,Q4 (slowest),0
CASJV00006047N1330,2023,other,172.67,Q3,0
CASJV00006047N1337,2024,other,136.5,Q3,0
CASJV00006047N1399,2016,other,67.75,Q2,1
CASJV00006047N1399,2017,other,109,Q3,1
CASJV00006047N1399,2018,other,136,Q3,3
CASJV00006047N1399,2019,other,324.6,Q4 (slowest),0
CASJV00006047N1399,2021,other,75.83,Q2,2
CASJV00006047N1399,2022,other,140.33,Q3,4
CASJV00006047N1399,2023,other,94.67,Q3,1
CASJV00006047N1399,2024,other,118.67,Q3,0
CASJV00006047N1417,2018,other,83.33,Q2,0
CASJV00006047N1417,2020,other,526,Q4 (slowest),0
CASJV00006047N1646,2017,other,157.67,Q3,0
CASJV00006047N1646,2019,other,460,Q4 (slowest),0
CASJV00006047N1646,2021,other,96.93,Q3,0
CASJV00006047N1647,2016,other,27.75,Q2,0
CASJV00006047N1657,2019,other,110.67,Q3,1
CASJV00006047N1657,2020,other,160.5,Q3,2
CASJV00006047N1657,2021,other,155.5,Q3,0
CASJV00006047N1657,2023,other,74,Q2,0
CASJV00006047N3696,2018,other,53.33,Q2,0
CASJV00006047N3696,2021,other,62.5,Q2,1
CASJV00006047N3696,2022,other,154.33,Q3,1
CASJV00006047N3696,2023,other,99.33,Q3,0
CASJV00006047N4607,2018,electric,141.83,Q3,1
CASJV00006047N4607,2019,electric,575,Q4 (slowest),0
CASJV00006047N4607,2021,electric,94.25,Q3,1
CASJV00006047N4607,2022,electric,62.33,Q2,0
CASJV00006077N0164,2019,other,182.5,Q3,0
CASJV00006077N0164,2023,other,131.25,Q3,0
CASJV00006077N0183,2022,other,270.33,Q4 (slowest),0
CASJV00006077N0199,2017,other,39,Q2,0
CASJV00006077N0199,2019,other,83.83,Q2,2
CASJV00006077N0199,2020,other,63.5,Q2,2
CASJV00006077N0199,2021,other,65.5,Q2,4
CASJV00006077N0199,2022,other,107.17,Q3,0
CASJV00006077N0199,2024,other,104,Q3,0
CASJV00006077N0222,2021,other,147.67,Q3,0
CASJV00006077N0238,2016,other,83.38,Q2,5
CASJV00006077N0238,2017,other,101.47,Q3,2
CASJV00006077N0257,2019,other,286,Q4 (slowest),1
CASJV00006077N0257,2020,other,442.67,Q4 (slowest),0
CASJV00006077N0257,2022,other,256.67,Q4 (slowest),3
CASJV00006077N0257,2023,other,71.6,Q2,0
CASJV00006077N0266,2018,other,181.42,Q3,1
CASJV00006077N0266,2019,other,119.33,Q3,0
CASJV00006077N0266,2023,other,141,Q3,0
CASJV00006077N0283,2018,other,609.83,Q4 (slowest),1
CASJV00006077N0283,2019,other,373,Q4 (slowest),3
CASJV00006077N0283,2020,other,125.33,Q3,2
CASJV00006077N0283,2021,other,114.33,Q3,0
CASJV00006077N0283,2023,other,131.33,Q3,0
CASJV00006077N0285,2020,other,294,Q4 (slowest),0
CASJV00006077N0314,2021,other,114.5,Q3,0
CASJV00006077N0339,2017,other,84.33,Q2,1
CASJV00006077N0339,2018,other,165,Q3,1
CASJV00006077N0339,2019,other,76,Q2,2
CASJV00006077N0339,2020,other,93.5,Q3,1
CASJV00006077N0339,2021,other,100.5,Q3,2
CASJV00006077N0339,2022,other,83.6,Q2,5
CASJV00006077N0339,2023,other,86.22,Q2,1
CASJV00006077N0339,2024,other,61.5,Q2,0
CASJV00006077N0389,2022,other,168.67,Q3,0
CASJV00006077N0398,2018,other,126.33,Q3,0
CASJV00006077N0398,2020,other,210,Q3,0
CASJV00006077N0398,2023,other,25.5,Q2,0
CASJV00006077N0408,2021,other,53,Q2,5
CASJV00006077N0408,2022,other,109.6,Q3,0
CASJV00006077N0421,2017,other,187.33,Q3,0
CASJV00006077N0421,2022,other,154.67,Q3,0
CASJV00006077N0583,2023,electric,121,Q3,0
CASJV00006077N0593,2016,other,40.25,Q2,3
CASJV00006077N0593,2017,other,61.5,Q2,2
CASJV00006077N0593,2018,other,83.83,Q2,1
CASJV00006077N0593,2019,other,241,Q3,5
CASJV00006077N0593,2020,other,242.42,Q3,3
CASJV00006077N0593,2021,other,120.67,Q3,11
CASJV00006077N0593,2022,other,313.63,Q4 (slowest),8
CASJV00006077N0593,2023,other,295.33,Q4 (slowest),5
CASJV00006077N0593,2024,other,125.29,Q3,0
CASJV00006077N0608,2017,other,50.67,Q2,2
CASJV00006077N0608,2018,other,233.75,Q3,0
CASJV00006077N0608,2020,other,74.5,Q2,0
CASJV00006077N0608,2022,other,155.29,Q3,0
CASJV00006077N0642,2023,other,133,Q3,0
CASJV00006077N0645,2016,electric,83.4,Q2,4
CASJV00006077N0645,2017,electric,156.85,Q3,1
CASJV00006077N0645,2018,electric,268.67,Q4 (slowest),0
CASJV00006077N0645,2022,electric,142,Q3,1
CASJV00006077N0645,2023,electric,133,Q3,2
CASJV00006077N0645,2024,electric,143,Q3,0
CASJV00006077N0717,2018,other,303,Q4 (slowest),0
CASJV00006077N0728,2023,other,125.33,Q3,0
CASJV00006077N0758,2021,other,779.33,Q4 (slowest),0
CASJV00006077N0767,2017,other,25.33,Q2,6
CASJV00006077N0767,2018,other,143.17,Q3,0
CASJV00006077N0767,2021,other,24.44,Q2,4
CASJV00006077N0767,2022,other,169.55,Q3,4
CASJV00006077N0767,2023,other,125.27,Q3,0
CASJV00006077N0770,2023,electric,102.17,Q3,0
CASJV00006077N0811,2016,other,296.33,Q4 (slowest),5
CASJV00006077N0811,2017,other,125.64,Q3,0
CASJV00006077N0811,2019,other,375.86,Q4 (slowest),1
CASJV00006077N0811,2020,other,138,Q3,2
CASJV00006077N0811,2021,other,247.2,Q3,3
CASJV00006077N0811,2022,other,309.33,Q4 (slowest),4
CASJV00006077N0811,2023,other,110.67,Q3,0
CASJV00006077N0812,2024,other,94,Q3,0
CASJV00006077N0829,2017,other,28.93,Q2,0
CASJV00006077N0829,2020,other,361.5,Q4 (slowest),0
CASJV00006077N0829,2023,other,128.43,Q3,1
CASJV00006077N0829,2024,other,137.33,Q3,0
CASJV00006077N0845,2017,other,22,Q2,1
CASJV00006077N0845,2018,other,429.67,Q4 (slowest),0
CASJV00006077N0845,2023,other,167,Q3,0
CASJV00006077N0956,2017,other,55.6,Q2,0
CASJV00006077N0956,2020,other,184.5,Q3,0
CASJV00006077N0956,2023,other,114.67,Q3,0
CASJV00006077N1013,2021,other,117,Q3,0
CASJV00006077N1100,2021,other,228.67,Q3,1
CASJV00006077N1100,2022,other,447.33,Q4 (slowest),1
CASJV00006077N1100,2023,other,121,Q3,0
CASJV00006077N1119,2021,other,64,Q2,3
CASJV00006077N1119,2022,other,144.18,Q3,4
CASJV00006077N1119,2023,other,166.92,Q3,1
CASJV00006077N1119,2024,other,74,Q2,0
CASJV00006077N1128,2017,other,69.33,Q2,0
CASJV00006077N1128,2020,other,98.5,Q3,0
CASJV00006077N2321,2019,other,118.43,Q3,0
CASJV00006077N2321,2023,other,192.67,Q3,1
CASJV00006077N2321,2024,other,102,Q3,0
CASJV00006077N2355,2020,other,456.25,Q4 (slowest),0
CASJV00006077N2369,2018,other,109,Q3,0
CASJV00006077N2369,2023,other,130.33,Q3,1
CASJV00006077N2369,2024,other,87,Q2,0
CASJV00006077N2395,2018,other,132,Q3,0
CASJV00006077N2697,2018,electric,24,Q2,1
CASJV00006077N2697,2019,electric,175,Q3,2
CASJV00006077N2697,2020,electric,65.6,Q2,0
CASJV00006077N2697,2022,electric,239.55,Q4 (slowest),0
CASJV00006077N2820,2024,other,108.33,Q3,0
CASJV00006077N3310,2018,other,293.67,Q4 (slowest),0
CASJV00006077N4065,2018,other,28,Q2,2
CASJV00006077N4065,2019,other,216.75,Q3,0
CASJV00006077N4065,2023,other,160.33,Q3,0
CASJV00006077N4070,2022,other,162,Q3,5
CASJV00006077N4070,2023,other,79.43,Q2,0
CASJV00006077N4238,2018,other,439,Q4 (slowest),0
CASJV00006077N4238,2023,other,66.67,Q2,0
CASJV00006077N4597,2016,electric,40.5,Q2,0
CASJV00006077N4597,2021,electric,136,Q3,0
CASJV00006077N4752,2019,other,54.33,Q2,0
CASJV00006077N4939,2017,other,34.33,Q2,1
CASJV00006077N4939,2018,other,52,Q2,1
CASJV00006077N4939,2019,other,227.67,Q3,0
CASJV00006077N4940,2019,electric,54.5,Q2,2
CASJV00006077N4940,2020,electric,128.25,Q3,1
CASJV00006077N4940,2021,electric,114,Q3,0
CASJV00006077N7365,2016,other,51.08,Q2,17
CASJV00006077N7365,2017,other,53.97,Q2,13
CASJV00006077N7365,2018,other,192.9,Q3,3
CASJV00006077N7365,2019,other,282.33,Q4 (slowest),1
CASJV00006077N7365,2020,other,81.5,Q2,0
CASJV00006077N7365,2022,other,112.67,Q3,3
CASJV00006077N7365,2023,other,49.55,Q2,1
CASJV00006077N7365,2024,other,65.67,Q2,0
CASJV00006077N7855,2023,other,191,Q3,0
CASJV00006077N8069,2022,other,116,Q3,1
CASJV00006077N8069,2023,other,171.67,Q3,0
CASJV00006077N8234,2024,other,91.43,Q3,0
CASJV00006077N9371,2019,other,280.5,Q4 (slowest),0
CASJV00006099N1643,2021,other,97.5,Q3,0
CASJV00006099N1662,2016,other,81.75,Q2,4
CASJV00006099N1662,2017,other,140.54,Q3,2
CASJV00006099N1662,2018,other,181.14,Q3,7
CASJV00006099N1662,2019,other,201.8,Q3,9
CASJV00006099N1662,2020,other,169.2,Q3,0
CASJV00006099N1662,2022,other,152.36,Q3,4
CASJV00006099N1662,2023,other,214.33,Q3,5
CASJV00006099N1662,2024,other,230.4,Q3,0
CASJV00006099N1665,2017,other,130.67,Q3,2
CASJV00006099N1665,2018,other,90,Q2,1
CASJV00006099N1665,2019,other,401.5,Q4 (slowest),2
CASJV00006099N1665,2020,other,152.5,Q3,0
CASJV00006099N1680,2019,other,162.5,Q3,0
CASJV00006099N1680,2022,other,86.5,Q2,0
CASJV00006099N1719,2017,other,274,Q4 (slowest),1
CASJV00006099N1719,2018,other,31.33,Q2,0
CASJV00006099N1719,2023,other,175.25,Q3,0
CASJV00006099N1766,2016,other,25,Q2,0
CASJV00006099N1904,2016,other,30.5,Q2,0
CASJV00006099N1904,2022,other,108.67,Q3,1
CASJV00006099N1904,2023,other,160.67,Q3,0
CASJV00006099N1919,2019,other,474,Q4 (slowest),0
CASJV00006099N1919,2023,other,171.67,Q3,2
CASJV00006099N1919,2024,other,178.86,Q3,0
CASJV00006099N1976,2016,other,62.5,Q2,0
CASJV00006099N1976,2018,other,463,Q4 (slowest),0
CASJV00006099N1976,2020,other,334.8,Q4 (slowest),0
CASJV00006099N1976,2022,other,470.5,Q4 (slowest),0
CASJV00006099N1980,2018,other,38.33,Q2,0
CASJV00006099N1980,2021,other,98,Q3,0
CASJV00006099N1982,2022,other,148.67,Q3,1
CASJV00006099N1982,2023,other,135,Q3,0
CASJV00006099N2052,2020,electric,334.5,Q4 (slowest),0
CASJV00006099N2073,2016,electric,72.75,Q2,0
CASJV00006099N2073,2020,electric,32.5,Q2,0
CASJV00006099N2073,2022,electric,151.53,Q3,2
CASJV00006099N2073,2023,electric,84.67,Q2,0
CASJV00006099N2107,2016,other,46.5,Q2,0
CASJV00006099N2107,2018,other,32,Q2,0
CASJV00006099N2107,2020,other,178.25,Q3,2
CASJV00006099N2107,2021,other,83.33,Q2,3
CASJV00006099N2107,2022,other,129.33,Q3,2
CASJV00006099N2107,2023,other,203.14,Q3,0
CASJV00006099N2149,2018,other,140,Q3,0
CASJV00006099N2149,2022,other,301.71,Q4 (slowest),2
CASJV00006099N2149,2023,other,90.6,Q2,1
CASJV00006099N2149,2024,other,252.67,Q4 (slowest),0
CASJV00006099N2174,2022,other,115.33,Q3,1
CASJV00006099N2174,2023,other,37.33,Q2,1
CASJV00006099N2174,2024,other,80.67,Q2,0
CASJV00006099N2236,2019,other,531.5,Q4 (slowest),0
CASJV00006099N2246,2018,electric,45.75,Q2,0
CASJV00006099N2246,2021,electric,13.5,Q2,0
CASJV00006099N2253,2016,other,231.33,Q3,0
CASJV00006099N2253,2020,other,146.38,Q3,0
CASJV00006099N2253,2022,other,148,Q3,1
CASJV00006099N2253,2023,other,36.67,Q2,1
CASJV00006099N2253,2024,other,256,Q4 (slowest),0
CASJV00006099N2303,2021,other,112.5,Q3,0
CASJV00006099N3038,2016,other,48,Q2,0
CASJV00006099N3038,2020,other,88.75,Q2,0
CASJV00006099N3038,2023,other,153.33,Q3,0
CASJV00006099N3104,2018,other,90.33,Q2,0
CASJV00006099N3233,2018,electric,309.33,Q4 (slowest),0
CASJV00006099N3233,2020,electric,346.75,Q4 (slowest),2
CASJV00006099N3233,2021,electric,84.75,Q2,4
CASJV00006099N3233,2022,electric,162.8,Q3,2
CASJV00006099N3233,2023,electric,159.5,Q3,2
CASJV00006099N3233,2024,electric,128.29,Q3,0
CASJV00006099N3299,2016,electric,51,Q2,4
CASJV00006099N3299,2017,electric,61.79,Q2,1
CASJV00006099N3299,2018,electric,26.33,Q2,3
CASJV00006099N3299,2019,electric,203.12,Q3,4
CASJV00006099N3299,2020,electric,85.78,Q2,1
CASJV00006099N3299,2021,electric,214.67,Q3,1
CASJV00006099N3299,2022,electric,172.67,Q3,3
CASJV00006099N3299,2023,electric,122.89,Q3,1
CASJV00006099N3299,2024,electric,116.67,Q3,0
CASJV00006099N3309,2022,other,171.33,Q3,0
CASJV00006099N3386,2017,other,17,Q2,0
CASJV00006099N3386,2020,other,252.2,Q4 (slowest),1
CASJV00006099N3386,2021,other,86,Q2,0
CASJV00006099N3606,2017,other,67.25,Q2,1
CASJV00006099N3606,2018,other,242.67,Q3,0
CASJV00006099N3606,2021,other,20.5,Q2,0
CASJV00006099N3630,2021,other,105.5,Q3,0
CASJV00006099N3715,2022,other,55.5,Q2,0
CASJV00006099N3969,2018,other,56,Q2,2
CASJV00006099N3969,2019,other,102.17,Q3,1
CASJV00006099N3969,2020,other,66.67,Q2,2
CASJV00006099N3969,2021,other,122.2,Q3,1
CASJV00006099N3969,2022,other,143,Q3,0
CASJV00006099N7172,2017,electric,30.22,Q2,1
CASJV00006099N7172,2018,electric,95.33,Q3,0
CASJV00006099N7172,2021,electric,279,Q4 (slowest),2
CASJV00006099N7172,2022,electric,179.33,Q3,2
CASJV00006099N7172,2023,electric,163,Q3,0
CASJV00006099N7478,2019,other,54.33,Q2,1
CASJV00006099N7478,2020,other,231,Q3,2
CASJV00006099N7478,2021,other,154.17,Q3,2
CASJV00006099N7478,2022,other,163.8,Q3,2
CASJV00006099N7478,2023,other,169.33,Q3,0
CASJV00006099N8044,2021,other,144.67,Q3,0
CASJV00006099N8044,2023,other,180.67,Q3,0
CASJV00006107S0334,2018,other,126.67,Q3,1
CASJV00006107S0334,2019,other,195.67,Q3,4
CASJV00006107S0334,2020,other,197.75,Q3,1
CASJV00006107S0334,2021,other,103.5,Q3,3
CASJV00006107S0334,2022,other,112.5,Q3,1
CASJV00006107S0334,2023,other,153.67,Q3,0
CASJV00006107S0525,2017,other,32.67,Q2,3
CASJV00006107S0525,2018,other,61.9,Q2,2
CASJV00006107S0525,2019,other,279,Q4 (slowest),1
CASJV00006107S0525,2020,other,256.5,Q4 (slowest),1
CASJV00006107S0525,2021,other,279.67,Q4 (slowest),0
CASJV00006107S0525,2023,other,19,Q2,2
CASJV00006107S0525,2024,other,114.83,Q3,0
CASJV00006107S0548,2016,other,135.5,Q3,0
CASJV00006107S0548,2018,other,68.5,Q2,4
CASJV00006107S0548,2019,other,58.67,Q2,2
CASJV00006107S0548,2020,other,381,Q4 (slowest),2
CASJV00006107S0548,2021,other,160.4,Q3,2
CASJV00006107S0548,2022,other,275.33,Q4 (slowest),0
CASJV00006107S0548,2024,other,80.33,Q2,0
CASJV00006107S0554,2019,other,107,Q3,0
CASJV00006107S0637,2018,other,194.67,Q3,0
CASJV00006107S0843,2018,other,99,Q3,1
CASJV00006107S0843,2019,other,66.67,Q2,0
CASJV00006107S0843,2021,other,83.4,Q2,0
CASJV00006107S1203,2017,other,282.5,Q4 (slowest),2
CASJV00006107S1203,2018,other,65.67,Q2,1
CASJV00006107S1203,2019,other,80.67,Q2,1
CASJV00006107S1203,2020,other,219,Q3,0
CASJV00006107S1203,2023,other,17.33,Q2,0
CASJV00006107S1219,2022,other,265.33,Q4 (slowest),0
CASJV00006107S1346,2019,other,39.5,Q2,1
CASJV00006107S1346,2020,other,359,Q4 (slowest),0
CASJV00006107S1346,2022,other,143.68,Q3,2
CASJV00006107S1346,2023,other,129.43,Q3,0
CASJV00006107S2890,2017,other,135.5,Q3,0
CASJV00006107S2890,2019,other,53,Q2,0
CASJV00006107S2890,2024,other,135.67,Q3,0
CASJV00006107S2996,2017,other,25,Q2,0
CASJV00006107S2996,2019,other,134,Q3,0
CASJV00006107S3577,2018,other,37,Q2,0
CASJV00006107S3611,2020,other,265.5,Q4 (slowest),1
CASJV00006107S3611,2021,other,160.5,Q3,2
CASJV00006107S3611,2022,other,116,Q3,0
CASJV00006107S3611,2024,other,30,Q2,0
CASJV00006107S3728,2024,other,39.33,Q2,0
CASJV00006107S3729,2016,other,25.25,Q2,0
CASJV00006107S3729,2019,other,56.33,Q2,0
CASJV00006107S3729,2022,other,182,Q3,0
CASJV00006107S7063,2021,other,49,Q2,1
CASJV00006107S7063,2022,other,464.67,Q4 (slowest),1
CASJV00006107S7063,2023,other,386,Q4 (slowest),0
CAVCA0000611100004,2020,other,72,Q2,0
CAVCA0000611100015,2019,other,2.33,Q1 (fastest),1
CAVCA0000611100015,2020,other,0.5,Q1 (fastest),0
CAVCA0000611100036,2016,other,8.5,Q1 (fastest),1
CAVCA0000611100036,2017,other,7.5,Q1 (fastest),2
CAVCA0000611100036,2018,other,28.5,Q2,1
CAVCA0000611100036,2019,other,0,Q1 (fastest),0
CAVCA0000611100036,2022,other,129.5,Q3,1
CAVCA0000611100036,2023,other,36,Q2,2
CAVCA0000611100036,2024,other,58.67,Q2,1
CAVCA0000611100041,2020,other,3,Q1 (fastest),0
CAVCA0000611100041,2024,other,17,Q2,0
CAVCA0000611100082,2017,other,2.5,Q1 (fastest),0
CAVCA0000611100214,2024,electric,45,Q2,0
CAVCA0000611100990,2020,other,0,Q1 (fastest),0
CAVCA0000611100990,2024,other,27.75,Q2,1
CAVCA0000611100997,2024,other,55,Q2,0
CAVCA0000611101006,2019,other,10.5,Q1 (fastest),0
CAVCA0000611101006,2024,other,16.5,Q2,0
CAVCA0000611101267,2016,electric,21,Q2,0
CAVCA0000611101395,2017,other,6.5,Q1 (fastest),1
CAVCA0000611101395,2018,other,0,Q1 (fastest),2
CAVCA0000611101395,2019,other,1.75,Q1 (fastest),1
CAVCA0000611101395,2020,other,3,Q1 (fastest),0
CAVCA0000611101395,2023,other,48.5,Q2,4
CAVCA0000611101395,2024,other,36.25,Q2,3
CAVCA0000611101399,2020,other,38.5,Q2,0
CAVCA0000611101493,2022,other,3,Q1 (fastest),0
CAVCA0000611101494,2020,other,1.5,Q1 (fastest),0
CAVCA0000611101494,2023,other,19,Q2,1
CAVCA0000611101494,2024,other,0.5,Q1 (fastest),1
CAVCA0000611107340,2017,other,6.5,Q1 (fastest),2
CAVCA0000611107340,2018,other,5,Q1 (fastest),2
CAVCA0000611107340,2019,other,2.5,Q1 (fastest),1
CAVCA0000611107340,2020,other,3,Q1 (fastest),1
CAVCA0000611107340,2021,other,2.5,Q1 (fastest),1
CAVCA0000611107340,2022,other,1,Q1 (fastest),1
CAVCA0000611107340,2023,other,11,Q1 (fastest),2
CAVCA0000611107340,2024,other,30.17,Q2,1
CO0000000800100001,2017,electric,50,Q2,0
CO0000000800100003,2017,other,518,Q4 (slowest),1
CO0000000800100003,2018,other,407.5,Q4 (slowest),1
CO0000000800100003,2019,other,157,Q3,1
CO0000000800100003,2020,other,710,Q4 (slowest),1
CO0000000800100003,2021,other,528.5,Q4 (slowest),1
CO0000000800100003,2022,other,183,Q3,1
CO0000000800100003,2023,other,469,Q4 (slowest),1
CO0000000800100003,2024,other,454,Q4 (slowest),0
CO0000000800100015,2022,other,105.5,Q3,0
CO0000000800100025,2024,other,520,Q4 (slowest),1
CO0000000800100103,2023,other,754,Q4 (slowest),1
CO0000000800100106,2016,other,156,Q3,0
CO0000000800100123,2020,other,119.5,Q3,0
CO0000000800100129,2017,other,60.5,Q2,0
CO0000000800100129,2020,other,135.5,Q3,0
CO0000000800100182,2024,other,261.5,Q4 (slowest),0
CO0000000800100216,2022,other,72,Q2,0
CO0000000800100216,2024,other,189,Q3,0
CO0000000800100785,2020,other,144,Q3,0
CO0000000800101373,2018,other,114,Q3,0
CO0000000800101574,2022,other,88.67,Q2,0
CO0000000800101676,2021,other,188,Q3,0
CO0000000800101701,2020,other,399,Q4 (slowest),0
CO0000000800102077,2020,other,250.5,Q3,0
CO0000000800102077,2023,other,473,Q4 (slowest),1
CO0000000800102077,2024,other,452,Q4 (slowest),0
CO0000000800102090,2021,other,430,Q4 (slowest),0
CO0000000800102176,2020,other,243.5,Q3,1
CO0000000800102176,2021,other,324,Q4 (slowest),0
CO0000000800102183,2024,other,533,Q4 (slowest),0
CO0000000800102202,2023,other,500,Q4 (slowest),0
CO0000000800102215,2023,other,185,Q3,1
CO0000000800102215,2024,other,579.5,Q4 (slowest),0
CO0000000800102277,2023,other,308.5,Q4 (slowest),0
CO0000000800300019,2021,other,332,Q4 (slowest),0
CO0000000800500028,2017,other,507.5,Q4 (slowest),0
CO0000000800500049,2021,other,219,Q3,0
CO0000000800500049,2024,other,453,Q4 (slowest),0
CO0000000800500116,2023,other,164.5,Q3,0
CO0000000800500250,2016,other,207,Q3,0
CO0000000800501636,2024,other,436,Q4 (slowest),0
CO0000000800501641,2024,other,418,Q4 (slowest),0
CO0000000800501659,2022,other,383.5,Q4 (slowest),0
CO0000000800501692,2022,other,405,Q4 (slowest),0
CO0000000800501693,2023,other,191.5,Q3,0
CO0000000800501703,2024,other,224.5,Q3,0
CO0000000800501707,2023,other,239.5,Q3,1
CO0000000800501707,2024,other,544,Q4 (slowest),0
CO0000000800501708,2022,other,311.5,Q4 (slowest),0
CO0000000800501712,2023,other,314.5,Q4 (slowest),0
CO0000000800501718,2021,other,84,Q2,1
CO0000000800501718,2022,other,311.5,Q4 (slowest),0
CO0000000800501718,2024,other,439,Q4 (slowest),0
CO0000000800501741,2021,other,84,Q2,1
CO0000000800501741,2022,other,311.5,Q4 (slowest),0
CO0000000800501741,2024,other,447,Q4 (slowest),0
CO0000000800501745,2023,other,191.5,Q3,0
CO0000000800501748,2023,other,191.5,Q3,1
CO0000000800501748,2024,other,447,Q4 (slowest),0
CO0000000800501757,2023,other,416,Q4 (slowest),0
CO0000000801300003,2018,other,174,Q3,3
CO0000000801300003,2019,other,148.33,Q3,1
CO0000000801300003,2020,other,335,Q4 (slowest),1
CO0000000801300003,2021,other,455.5,Q4 (slowest),1
CO0000000801300003,2022,other,369.5,Q4 (slowest),2
CO0000000801300003,2023,other,264,Q4 (slowest),1
CO0000000801300003,2024,other,409,Q4 (slowest),0
CO0000000801300553,2019,other,189.5,Q3,1
CO0000000801300553,2020,other,385.5,Q4 (slowest),0
CO0000000801300553,2023,other,536.5,Q4 (slowest),0
CO0000000801301492,2023,other,379,Q4 (slowest),0
CO0000000801500053,2022,other,657.5,Q4 (slowest),0
CO0000000801500053,2024,other,285.5,Q4 (slowest),0
CO0000000801700191,2019,other,168,Q3,0
CO0000000801700209,2018,other,248,Q3,1
CO0000000801700209,2019,other,268.5,Q4 (slowest),0
CO0000000801700209,2021,other,41,Q2,0
CO0000000803100018,2021,other,131,Q3,0
CO0000000803100018,2023,other,249.5,Q3,0
CO0000000803100097,2024,other,381.5,Q4 (slowest),0
CO0000000803100114,2024,other,180,Q3,0
CO0000000803100178,2024,other,225.5,Q3,0
CO0000000803100217,2024,other,262.5,Q4 (slowest),0
CO0000000803101191,2018,other,252,Q3,0
CO0000000803101447,2019,other,101,Q3,0
CO0000000803500412,2024,other,19,Q2,0
CO0000000803500754,2023,other,206.5,Q3,0
CO0000000803700029,2017,other,385,Q4 (slowest),0
CO0000000803700075,2022,other,147,Q3,0
CO0000000803700088,2020,electric,96.5,Q3,0
CO0000000803700088,2022,electric,121,Q3,1
CO0000000803700088,2023,electric,43,Q2,0
CO0000000804100004,2016,electric,183,Q3,0
CO0000000804100022,2022,other,320,Q4 (slowest),0
CO0000000804100027,2020,other,202.5,Q3,0
CO0000000804100030,2023,electric,449.5,Q4 (slowest),0
CO0000000804100091,2020,other,150,Q3,0
CO0000000804300001,2018,other,116.5,Q3,1
CO0000000804300001,2019,other,189.5,Q3,3
CO0000000804300001,2020,other,125.5,Q3,2
CO0000000804300001,2021,other,104.5,Q3,1
CO0000000804300001,2022,other,427,Q4 (slowest),2
CO0000000804300001,2023,other,179,Q3,0
CO0000000804300034,2023,other,121.5,Q3,0
CO0000000804300068,2021,other,463,Q4 (slowest),0
CO0000000804300174,2017,other,211.5,Q3,0
CO0000000804300181,2017,other,241,Q3,0
CO0000000804500047,2019,other,110,Q3,0
CO0000000804500047,2021,other,307.5,Q4 (slowest),0
CO0000000804500229,2023,other,151.5,Q3,0
CO0000000804500359,2023,other,151.5,Q3,0
CO0000000804500363,2022,other,323,Q4 (slowest),0
CO0000000804500366,2024,other,166,Q3,0
CO0000000804500616,2021,other,510.5,Q4 (slowest),0
CO0000000804500785,2024,other,59.5,Q2,0
CO0000000804500831,2023,other,280,Q4 (slowest),0
CO0000000804501391,2022,other,442,Q4 (slowest),0
CO0000000804501738,2024,other,492,Q4 (slowest),0
CO0000000804501917,2019,other,309,Q4 (slowest),0
CO0000000804501997,2023,other,98.5,Q3,0
CO0000000804502259,2023,other,98.5,Q3,0
CO0000000804502324,2024,other,166,Q3,0
CO0000000804900066,2022,other,38,Q2,0
CO0000000805100015,2020,other,119,Q3,0
CO0000000805700030,2020,other,417,Q4 (slowest),0
CO0000000805700047,2021,other,220,Q3,0
CO0000000805700051,2019,other,206.5,Q3,1
CO0000000805700051,2020,other,366,Q4 (slowest),1
CO0000000805700051,2021,other,871,Q4 (slowest),1
CO0000000805700051,2022,other,504.5,Q4 (slowest),1
CO0000000805700051,2023,other,396,Q4 (slowest),1
CO0000000805700051,2024,other,447,Q4 (slowest),0
CO0000000805700058,2023,other,440.5,Q4 (slowest),0
CO0000000805700059,2023,other,365.5,Q4 (slowest),1
CO0000000805700059,2024,other,447,Q4 (slowest),0
CO0000000805700063,2023,other,205.5,Q3,0
CO0000000805900006,2017,other,198,Q3,0
CO0000000805900006,2024,other,510.5,Q4 (slowest),0
CO0000000805900007,2021,other,383,Q4 (slowest),1
CO0000000805900007,2022,other,106,Q3,0
CO0000000805900007,2024,other,254.5,Q4 (slowest),0
CO0000000805900066,2020,other,372,Q4 (slowest),0
CO0000000805900409,2019,other,256,Q4 (slowest),1
CO0000000805900409,2020,other,69,Q2,1
CO0000000805900409,2021,other,89,Q2,1
CO0000000805900409,2022,other,154.5,Q3,1
CO0000000805900409,2023,other,429.5,Q4 (slowest),0
CO0000000805900437,2021,other,54,Q2,0
CO0000000805900437,2024,other,261,Q4 (slowest),0
CO0000000805900774,2024,other,202,Q3,0
CO0000000805900815,2022,other,325,Q4 (slowest),0
CO0000000805900864,2019,electric,124,Q3,0
CO0000000805901258,2023,other,259,Q4 (slowest),0
CO0000000805901988,2016,other,139,Q3,0
CO0000000805901988,2020,other,36,Q2,0
CO0000000806900030,2019,other,98,Q3,0
CO0000000806900053,2023,electric,177.5,Q3,0
CO0000000806900373,2021,other,402,Q4 (slowest),0
CO0000000806900507,2023,other,482,Q4 (slowest),0
CO0000000806900572,2024,other,349,Q4 (slowest),0
CO0000000806900580,2023,other,427,Q4 (slowest),0
CO0000000806900589,2024,other,531,Q4 (slowest),0
CO0000000807100032,2020,other,242,Q3,0
CO0000000807100037,2021,other,503.5,Q4 (slowest),0
CO0000000807100037,2024,other,333,Q4 (slowest),0
CO0000000807100077,2020,other,157,Q3,1
CO0000000807100077,2021,other,503.5,Q4 (slowest),0
CO0000000807100092,2020,other,242,Q3,0
CO0000000807100102,2020,other,242,Q3,0
CO0000000807100102,2024,other,454,Q4 (slowest),0
CO0000000807100103,2024,other,449,Q4 (slowest),0
CO0000000807500029,2019,other,191,Q3,0
CO0000000807700089,2018,other,211,Q3,0
CO0000000807700263,2022,other,507,Q4 (slowest),0
CO0000000807700355,2017,other,394.5,Q4 (slowest),0
CO0000000807700452,2018,other,72,Q2,0
CO0000000807700520,2024,other,343,Q4 (slowest),0
CO0000000808100220,2024,other,379,Q4 (slowest),0
CO0000000808100350,2019,other,223.5,Q3,0
CO0000000808300111,2018,other,132.5,Q3,0
CO0000000808300111,2022,other,478.5,Q4 (slowest),1
CO0000000808300111,2023,other,477.5,Q4 (slowest),0
CO0000000808500997,2021,other,500.5,Q4 (slowest),0
CO0000000808700001,2016,other,181.5,Q3,0
CO0000000808700011,2020,electric,175,Q3,0
CO0000000808700011,2023,electric,62,Q2,0
CO0000000808700024,2018,other,226,Q3,0
CO0000000808700024,2020,other,202.5,Q3,0
CO0000000808700027,2023,electric,86,Q2,1
CO0000000808700027,2024,electric,342.5,Q4 (slowest),0
CO0000000808700030,2024,other,454.5,Q4 (slowest),0
CO0000000808700111,2020,other,124,Q3,0
CO0000000808700111,2024,other,481,Q4 (slowest),0
CO0000000809900036,2023,other,70,Q2,0
CO0000000809900046,2019,other,244,Q3,0
CO0000000810100048,2016,other,326,Q4 (slowest),0
CO0000000810100048,2023,other,223,Q3,0
CO0000000810100083,2016,other,136.5,Q3,0
CO0000000810100252,2016,other,80,Q2,1
CO0000000810100252,2017,other,90,Q2,1
CO0000000810100252,2018,other,340.5,Q4 (slowest),1
CO0000000810100252,2019,other,133,Q3,0
CO0000000810100252,2021,other,309,Q4 (slowest),1
CO0000000810100252,2022,other,288.5,Q4 (slowest),1
CO0000000810100252,2023,other,270.5,Q4 (slowest),1
CO0000000810100252,2024,other,96,Q3,0
CO0000000810101151,2015,other,196.5,Q3,0
CO0000000810300020,2024,other,440,Q4 (slowest),0
CO0000000810300036,2018,other,96,Q3,0
CO0000000810300291,2017,other,297.5,Q4 (slowest),0
CO0000000810300291,2019,other,114,Q3,0
CO0000000810300291,2022,other,242,Q3,0
CO0000000810300360,2020,other,96,Q3,0
CO0000000810300365,2016,other,462.5,Q4 (slowest),0
CO0000000810300365,2018,other,529,Q4 (slowest),1
CO0000000810300365,2019,other,179,Q3,1
CO0000000810300658,2024,other,447,Q4 (slowest),1
CO0000000810700001,2022,electric,83,Q2,0
CO0000000810700057,2019,other,222.5,Q3,1
CO0000000810700057,2020,other,312,Q4 (slowest),0
CO0000000811300015,2024,other,408.5,Q4 (slowest),0
CO0000000811700017,2016,other,77,Q2,0
CO0000000811700017,2019,other,236.5,Q3,0
CO0000000812300002,2019,other,55,Q2,0
CO0000000812300015,2018,other,242,Q3,1
CO0000000812300015,2019,other,736,Q4 (slowest),1
CO0000000812300015,2020,other,239,Q3,0
CO0000000812300018,2019,other,141,Q3,0
CO0000000812300018,2021,other,395,Q4 (slowest),1
CO0000000812300018,2022,other,483,Q4 (slowest),1
CO0000000812300018,2023,other,32,Q2,0
CO0000000812300049,2018,other,211,Q3,1
CO0000000812300049,2019,other,244,Q3,1
CO0000000812300049,2020,other,548.5,Q4 (slowest),1
CO0000000812300049,2021,other,614.5,Q4 (slowest),0
CO0000000812300057,2017,other,284,Q4 (slowest),1
CO0000000812300057,2018,other,397,Q4 (slowest),1
CO0000000812300057,2019,other,222.5,Q3,1
CO0000000812300057,2020,other,217,Q3,1
CO0000000812300057,2021,other,501,Q4 (slowest),0
CO0000000812300057,2024,other,431,Q4 (slowest),0
CO0000000812300070,2018,other,243,Q3,1
CO0000000812300089,2018,other,357.5,Q4 (slowest),0
CO0000000812300089,2021,other,507,Q4 (slowest),0
CO0000000812300089,2023,other,380.5,Q4 (slowest),0
CO0000000812300090,2016,other,341.5,Q4 (slowest),1
CO0000000812300090,2017,other,386,Q4 (slowest),0
CO0000000812300090,2024,other,449,Q4 (slowest),0
CO0000000812300107,2016,other,569.67,Q4 (slowest),0
CO0000000812300107,2018,other,733.5,Q4 (slowest),0
CO0000000812300107,2020,other,711.25,Q4 (slowest),0
CO0000000812300107,2022,other,306.5,Q4 (slowest),2
CO0000000812300107,2023,other,133.33,Q3,1
CO0000000812300107,2024,other,143,Q3,1
CO0000000812300243,2020,other,182,Q3,0
CO0000000812300277,2016,other,297,Q4 (slowest),2
CO0000000812300277,2017,other,245,Q3,1
CO0000000812300277,2018,other,275.5,Q4 (slowest),3
CO0000000812300277,2019,other,35.25,Q2,1
CO0000000812300277,2020,other,558.5,Q4 (slowest),0
CO0000000812300277,2023,other,294,Q4 (slowest),1
CO0000000812300277,2024,other,477.5,Q4 (slowest),0
CO0000000812300322,2023,other,276,Q4 (slowest),0
CO0000000812300448,2022,other,74,Q2,0
CO0000000812300448,2024,other,65,Q2,1
CO0000000812300468,2016,other,146,Q3,0
CO0000000812300468,2018,other,342,Q4 (slowest),0
CO0000000812300468,2020,other,225.67,Q3,1
CO0000000812300468,2021,other,417,Q4 (slowest),1
CO0000000812300468,2022,other,245,Q3,1
CO0000000812300468,2023,other,181,Q3,0
CO0000000812300533,2024,other,491,Q4 (slowest),0
CO0000000812300595,2017,other,408.5,Q4 (slowest),1
CO0000000812300595,2018,other,202,Q3,1
CO0000000812300595,2019,other,636,Q4 (slowest),1
CO0000000812300595,2020,other,238,Q3,0
CO0000000812301822,2021,other,484,Q4 (slowest),0
CO0000000812303815,2024,other,564,Q4 (slowest),0
CO0000000812304406,2017,other,413.5,Q4 (slowest),1
CO0000000812304406,2018,other,186,Q3,1
CO0000000812304406,2019,other,128,Q3,0
CO0000000812304406,2022,other,526.5,Q4 (slowest),1
CO0000000812304406,2023,other,329.5,Q4 (slowest),0
CO0000000812304427,2024,other,475,Q4 (slowest),0
CO0000000812305468,2023,electric,435.5,Q4 (slowest),0
CO0000000812305660,2021,other,411,Q4 (slowest),0
CO0000000812305660,2024,other,359.5,Q4 (slowest),0
CO0000000812306282,2024,other,573.5,Q4 (slowest),0
CO0000000812306310,2024,other,260.5,Q4 (slowest),0
CO0000000812306916,2019,other,159.75,Q3,0
CO0000000812306916,2021,other,518,Q4 (slowest),0
CO0000000812306979,2022,other,47,Q2,0
CO0000000812307168,2019,other,114.5,Q3,1
CO0000000812307168,2024,other,441,Q4 (slowest),0
CO0000000812307627,2022,other,265,Q4 (slowest),0
CO0000000812307696,2022,other,265,Q4 (slowest),0
CO0000000812307696,2024,other,480.5,Q4 (slowest),0
CO0000000812308341,2022,other,506,Q4 (slowest),0
CO0000000812308761,2019,other,89,Q2,0
CO0000000812309008,2024,other,436,Q4 (slowest),0
CO0000000812309009,2016,other,242.5,Q3,0
CO0000000812309009,2019,other,242,Q3,0
CO0000000812309009,2024,other,267,Q4 (slowest),0
CO0000000812309010,2020,other,149.5,Q3,0
CO0000000812309010,2024,other,445,Q4 (slowest),0
CO0000000812309011,2020,other,558.5,Q4 (slowest),0
CO0000000812309394,2024,other,551.5,Q4 (slowest),0
CO0000000812309478,2021,other,239.5,Q3,0
CO0000000812309478,2023,other,94.5,Q3,0
CO0000000812309586,2020,other,308,Q4 (slowest),0
CO0000000812309813,2020,other,193,Q3,0
CO0000000812309813,2024,other,484.5,Q4 (slowest),0
CO0000000812309946,2016,other,462,Q4 (slowest),0
CO0000000812309959,2020,other,308,Q4 (slowest),0
CO0000000812309960,2023,other,315,Q4 (slowest),1
CO0000000812309960,2024,other,432,Q4 (slowest),0
CO00000008123099DA,2021,other,515.5,Q4 (slowest),0
CO0000000812309A1E,2024,other,369.5,Q4 (slowest),0
CO0000000812309A82,2021,other,358,Q4 (slowest),0
CO0000000812309A94,2024,other,52,Q2,1
CO0000000812309A95,2016,other,242.5,Q3,0
CO0000000812309A97,2016,other,552.5,Q4 (slowest),0
CO0000000812309AAF,2024,other,484.5,Q4 (slowest),0
CO0000000812309AC9,2021,other,407.5,Q4 (slowest),0
CO0000000812309AC9,2024,other,43.5,Q2,1
CO0000000812309ACB,2021,other,460.5,Q4 (slowest),0
CO0000000812309ACB,2024,other,447,Q4 (slowest),0
CO0000000812309AD0,2016,other,328.5,Q4 (slowest),0
CO0000000812309AD0,2020,other,156.5,Q3,0
CO0000000812309AD0,2024,other,600.5,Q4 (slowest),0
CO0000000812309B07,2019,other,232.5,Q3,0
CO0000000812309B51,2018,other,237,Q3,0
CO0000000812309B70,2023,other,366.5,Q4 (slowest),0
CO0000000812309B7D,2016,other,461,Q4 (slowest),0
CO0000000812309B7D,2019,other,213.5,Q3,0
CO0000000812309BA9,2021,other,371,Q4 (slowest),0
CO0000000812309BDA,2017,other,475,Q4 (slowest),0
CO0000000812309BDF,2024,other,539.5,Q4 (slowest),0
CO0000000812309BED,2024,other,339.5,Q4 (slowest),0
CO0000000812309BEE,2020,other,253,Q4 (slowest),0
CO0000000812309BEE,2023,other,295.5,Q4 (slowest),2
CO0000000812309BEE,2024,other,324.75,Q4 (slowest),0
CO0000000812309BF4,2024,other,447,Q4 (slowest),0
CO0000000812309C07,2024,other,477.5,Q4 (slowest),0
CO0000000812309C0A,2024,other,477.5,Q4 (slowest),0
CO0000000812309C74,2018,other,304.5,Q4 (slowest),0
CO0000000812309C79,2017,other,225,Q3,0
CO0000000812309C84,2020,other,203.5,Q3,0
CO0000000812309C89,2020,other,194.5,Q3,0
CO0000000812309C89,2024,other,558.5,Q4 (slowest),0
CO0000000812309CE8,2024,other,487,Q4 (slowest),0
CO0000000812309CEA,2020,other,308,Q4 (slowest),0
CO0000000812309CEB,2024,other,501,Q4 (slowest),0
CO0000000812309CEC,2017,other,194.5,Q3,0
CO0000000812309D12,2024,other,365,Q4 (slowest),0
CO0000000812309D1D,2017,other,413,Q4 (slowest),0
CO0000000812309D1D,2020,other,367.5,Q4 (slowest),0
CO0000000812309D2D,2017,other,194.5,Q3,0
CO0000000812309D32,2024,other,502.5,Q4 (slowest),0
CO0000000812309D3C,2024,other,441,Q4 (slowest),0
CO0000000812309D43,2024,other,453,Q4 (slowest),0
CO0000000812309D4B,2018,other,321.5,Q4 (slowest),0
CO0000000812309D4B,2021,other,427.5,Q4 (slowest),1
CO0000000812309D4B,2022,other,95,Q3,0
CO0000000812309D4B,2024,other,298.5,Q4 (slowest),1
CO0000000812309D5C,2024,other,449,Q4 (slowest),1
CO0000000812309D61,2018,other,314,Q4 (slowest),0
CO0000000812309D61,2020,other,83,Q2,0
CO0000000812309D64,2018,other,339.5,Q4 (slowest),0
CO0000000812309D74,2020,other,308,Q4 (slowest),0
CO0000000812309D78,2020,other,125.5,Q3,0
CO0000000812309D8D,2021,other,412.5,Q4 (slowest),1
CO0000000812309D8D,2022,other,465.5,Q4 (slowest),0
CO0000000812309D8D,2024,other,453,Q4 (slowest),0
CO0000000812309D94,2017,other,194.5,Q3,0
CO0000000812309DAC,2018,other,314,Q4 (slowest),0
CO0000000812309DB1,2023,other,200.5,Q3,0
CO0000000812309DB2,2021,other,490.5,Q4 (slowest),0
CO0000000812309DB2,2024,other,586.25,Q4 (slowest),0
CO0000000812309DF2,2021,other,427.5,Q4 (slowest),0
CO0000000812309DF7,2018,other,217.5,Q3,0
CO0000000812309DF7,2023,other,253.5,Q4 (slowest),0
CO0000000812309DF8,2021,other,412.5,Q4 (slowest),1
CO0000000812309DF8,2022,other,465.5,Q4 (slowest),0
CO0000000812309DFD,2021,other,427.5,Q4 (slowest),0
CO0000000812309DFD,2023,other,327.5,Q4 (slowest),1
CO0000000812309DFD,2024,other,146.5,Q3,0
CO0000000812309E00,2019,other,134,Q3,0
CO0000000812309E05,2021,other,239.5,Q3,0
CO0000000812309E15,2024,other,547.5,Q4 (slowest),0
CO0000000812309E1A,2024,other,488.5,Q4 (slowest),0
CO0000000812309E27,2024,other,475,Q4 (slowest),0
CO0000000812309E2C,2017,other,85,Q2,0
CO0000000812309E2C,2020,other,151.5,Q3,0
CO0000000812309E2C,2022,other,144.5,Q3,0
CO0000000812309E2E,2021,other,239.5,Q3,0
CO0000000812309E2E,2023,other,253,Q4 (slowest),0
CO0000000812309E4F,2019,other,134,Q3,0
CO0000000812309E6A,2021,other,239.5,Q3,0
CO0000000812309E6A,2023,other,251.75,Q3,0
CO0000000812309E7B,2024,other,488,Q4 (slowest),0
CO0000000812309E7E,2019,other,134,Q3,0
CO0000000812309E82,2023,other,139,Q3,0
CO0000000812309E99,2019,other,192,Q3,1
CO0000000812309ECF,2017,other,185.5,Q3,1
CO0000000812309ECF,2021,other,306.5,Q4 (slowest),0
CO0000000812309ED1,2019,other,268.5,Q4 (slowest),0
CO0000000812309F05,2023,other,670.5,Q4 (slowest),1
CO0000000812309F05,2024,other,815,Q4 (slowest),0
CO0000000812309F08,2021,other,239.5,Q3,0
CO0000000812309F08,2023,other,94.5,Q3,0
CO0000000812309F1C,2021,other,753.67,Q4 (slowest),0
CO0000000812309F21,2021,other,397,Q4 (slowest),1
CO0000000812309F21,2022,other,544.5,Q4 (slowest),2
CO0000000812309F21,2023,other,154.25,Q3,1
CO0000000812309F21,2024,other,498,Q4 (slowest),0
CO0000000812309F3B,2022,other,515,Q4 (slowest),0
CO0000000812309F3E,2021,other,445.67,Q4 (slowest),0
CO0000000812309F3E,2023,other,94.5,Q3,2
CO0000000812309F3E,2024,other,536.5,Q4 (slowest),0
CO0000000812309F41,2021,other,502.5,Q4 (slowest),0
CO0000000812309F41,2024,other,447,Q4 (slowest),0
CO0000000812309F42,2021,other,502.5,Q4 (slowest),0
CO0000000812309F4F,2022,other,515,Q4 (slowest),0
CO0000000812309F50,2021,other,407,Q4 (slowest),1
CO0000000812309F50,2022,other,477,Q4 (slowest),0
CO0000000812309F5A,2020,other,88,Q2,2
CO0000000812309F5A,2021,other,273,Q4 (slowest),0
CO0000000812309F5A,2023,other,94.5,Q3,0
CO0000000812309F5C,2024,other,446,Q4 (slowest),0
CO0000000812309F64,2019,other,22,Q2,0
CO0000000812309F67,2024,other,447,Q4 (slowest),0
CO0000000812309F6A,2023,other,192.5,Q3,1
CO0000000812309F6A,2024,other,448,Q4 (slowest),0
CO0000000812309F6D,2021,other,397.25,Q4 (slowest),0
CO0000000812309F6D,2023,other,94.5,Q3,1
CO0000000812309F6D,2024,other,554,Q4 (slowest),0
CO0000000812309F71,2020,other,221.5,Q3,1
CO0000000812309F71,2021,other,324,Q4 (slowest),0
CO0000000812309F71,2023,other,210,Q3,0
CO0000000812309F74,2021,other,324,Q4 (slowest),0
CO0000000812309F77,2024,other,596,Q4 (slowest),0
CO0000000812309F78,2021,other,239.5,Q3,0
CO0000000812309F78,2023,other,251.75,Q3,0
CO0000000812309F7E,2021,other,397,Q4 (slowest),1
CO0000000812309F7E,2022,other,544.5,Q4 (slowest),1
CO0000000812309F7E,2023,other,94.5,Q3,0
CO0000000812309F89,2023,other,349.5,Q4 (slowest),2
CO0000000812309F89,2024,other,450,Q4 (slowest),1
CO0000000812309F8C,2021,other,370,Q4 (slowest),0
CO0000000812309F9A,2024,other,449,Q4 (slowest),0
CO0000000812309F9C,2020,other,371.5,Q4 (slowest),1
CO0000000812309F9C,2021,other,324,Q4 (slowest),0
CO0000000812309F9F,2021,other,239.5,Q3,0
CO0000000812309F9F,2023,other,94.5,Q3,0
CO0000000812309FA0,2019,other,136,Q3,0
CO0000000812309FA0,2024,other,446,Q4 (slowest),0
CO0000000812309FA7,2021,other,448,Q4 (slowest),0
CO0000000812309FA7,2023,other,226,Q3,0
CO0000000812309FAB,2021,other,456.5,Q4 (slowest),0
CO0000000812309FAE,2020,other,163,Q3,1
CO0000000812309FAE,2021,other,555,Q4 (slowest),0
CO0000000812309FAE,2024,other,440,Q4 (slowest),0
CO0000000812309FB9,2023,other,395,Q4 (slowest),0
CO0000000812309FC0,2019,other,50.5,Q2,1
CO0000000812309FC0,2020,other,275,Q4 (slowest),0
CO0000000812309FC0,2023,other,405,Q4 (slowest),1
CO0000000812309FC0,2024,other,304,Q4 (slowest),0
CO0000000812309FC9,2021,other,239.5,Q3,0
CO0000000812309FC9,2023,other,94.5,Q3,0
CO0000000812309FCA,2021,other,477.5,Q4 (slowest),0
CO0000000812309FCA,2024,other,440,Q4 (slowest),0
CO0000000812309FCC,2019,other,130,Q3,0
CO0000000812309FCC,2021,other,370,Q4 (slowest),0
CO0000000812309FD5,2024,other,462,Q4 (slowest),0
CO0000000812309FD9,2021,other,407,Q4 (slowest),0
CO0000000812309FDA,2021,other,407,Q4 (slowest),1
CO0000000812309FDA,2022,other,477,Q4 (slowest),0
CO0000000812309FDB,2020,other,107,Q3,0
CO0000000812309FDB,2023,other,396,Q4 (slowest),1
CO0000000812309FDB,2024,other,369.5,Q4 (slowest),0
CO0000000812309FE0,2021,other,239.5,Q3,0
CO0000000812309FE0,2023,other,94.5,Q3,0
CO0000000812309FE4,2022,other,427,Q4 (slowest),0
CO0000000812309FE5,2021,other,508,Q4 (slowest),0
CO0000000812309FED,2024,other,622,Q4 (slowest),0
CO0000000812309FFB,2021,other,440,Q4 (slowest),0
CO0000000812309FFB,2024,other,357,Q4 (slowest),0
CO000000081230A004,2021,other,239.5,Q3,0
CO000000081230A004,2023,other,251.75,Q3,0
CO000000081230A00F,2020,other,177,Q3,1
CO000000081230A013,2024,other,371.5,Q4 (slowest),0
CO000000081230A01B,2023,other,409,Q4 (slowest),0
CO000000081230A020,2023,other,349.5,Q4 (slowest),0
CO000000081230A026,2024,other,486,Q4 (slowest),0
CO000000081230A02B,2021,other,324,Q4 (slowest),0
CO000000081230A02C,2021,other,239.5,Q3,0
CO000000081230A02C,2023,other,197,Q3,0
CO000000081230A036,2021,other,413.5,Q4 (slowest),0
CO000000081230A036,2023,other,253,Q4 (slowest),1
CO000000081230A038,2021,other,671,Q4 (slowest),0
CO000000081230A038,2024,other,209.5,Q3,0
CO000000081230A03A,2023,other,541,Q4 (slowest),0
CO000000081230A03D,2024,other,469,Q4 (slowest),0
CO000000081230A040,2021,other,239.5,Q3,0
CO000000081230A040,2023,other,221,Q3,0
CO000000081230A046,2024,other,469,Q4 (slowest),0
CO000000081230A047,2021,other,364.5,Q4 (slowest),0
CO000000081230A047,2023,other,227,Q3,1
CO000000081230A059,2024,other,438,Q4 (slowest),0
CO000000081230A05B,2021,other,413.5,Q4 (slowest),0
CO000000081230A069,2021,other,455.25,Q4 (slowest),0
CO000000081230A069,2023,other,221,Q3,0
CO000000081230A06F,2024,other,447,Q4 (slowest),0
CO000000081230A076,2024,other,492,Q4 (slowest),0
CO000000081230A077,2024,other,275,Q4 (slowest),0
CO000000081230A07B,2021,other,455.25,Q4 (slowest),0
CO000000081230A07B,2023,other,94.5,Q3,1
CO000000081230A07B,2024,other,498,Q4 (slowest),1
CO000000081230A08F,2022,other,366,Q4 (slowest),0
CO000000081230A095,2024,other,441,Q4 (slowest),0
CO000000081230A099,2021,other,671,Q4 (slowest),0
CO000000081230A099,2023,other,94.5,Q3,1
CO000000081230A099,2024,other,235,Q3,0
CO000000081230A0C8,2024,other,571,Q4 (slowest),0
CO000000081230A0CB,2021,other,232,Q3,0
CO000000081230A0D9,2023,other,139,Q3,1
CO000000081230A0D9,2024,other,333,Q4 (slowest),0
CO000000081230A0EE,2022,other,551,Q4 (slowest),0
CO000000081230A101,2024,other,440,Q4 (slowest),0
CO000000081230A102,2024,other,622,Q4 (slowest),0
CO000000081230A103,2024,other,381.25,Q4 (slowest),0
CO000000081230A10B,2023,other,326,Q4 (slowest),0
CO000000081230A10C,2021,other,210.5,Q3,0
CO000000081230A110,2023,other,172,Q3,0
CO000000081230A141,2024,other,649,Q4 (slowest),0
CO000000081230A147,2023,other,490.25,Q4 (slowest),0
CO000000081230A175,2024,other,100.5,Q3,0
CO0000000877700010,2016,other,211,Q3,0
CO0000000877700831,2022,other,389,Q4 (slowest),0
CO0000000877702094,2023,other,315,Q4 (slowest),0
CO0000000877704097,2017,other,233.5,Q3,0
CT0000000900100027,2017,electric,320,Q4 (slowest),0
CT0000000900100183,2017,other,43.33,Q2,0
CT0000000900100256,2018,other,0,Q1 (fastest),0
CT0000000900108117,2022,other,188,Q3,0
CT0000000900305882,2022,other,229,Q3,0
CT0000000900500002,2024,other,250,Q3,1
CT0000000900500145,2024,electric,147.5,Q3,0
CT0000000900700154,2017,other,87.33,Q2,0
CT0000000900709105,2017,other,683,Q4 (slowest),0
CT0000000900709105,2019,other,238.5,Q3,0
CT0000000900900004,2016,other,541,Q4 (slowest),0
CT0000000900900063,2016,other,127.5,Q3,0
CT0000000900903011,2022,other,429,Q4 (slowest),0
CT0000000900907006,2022,electric,516,Q4 (slowest),0
CT0000000900907575,2018,other,112,Q3,0
CT0000000900907823,2021,other,139.5,Q3,0
CT0000000901100628,2018,electric,343.38,Q4 (slowest),0
CT0000000901105073,2018,other,0,Q1 (fastest),0
CT0000000901500665,2018,other,0,Q1 (fastest),0
CT0000000901501128,2019,other,148.75,Q3,0
CT0000000901501128,2024,other,260,Q4 (slowest),0
CT0000000901502974,2022,electric,197,Q3,0
DC0000001100100008,2017,other,0,Q1 (fastest),0
DC0000001100100008,2021,other,42,Q2,3
DC0000001100100008,2022,other,605,Q4 (slowest),0
DC0000001100100011,2016,other,38,Q2,0
DC0000001100100011,2018,other,13,Q1 (fastest),0
DC0000001100100011,2021,other,30,Q2,0
DC0000001100100014,2018,other,103,Q3,0
DC0000001100100014,2021,other,98,Q3,2
DC0000001100100021,2016,other,0,Q1 (fastest),0
DC0000001100100022,2016,other,180,Q3,0
DC0000001100100048,2022,other,118,Q3,0
DC0000001100100052,2021,other,186,Q3,0
DC0000001100100054,2021,other,10,Q1 (fastest),1
DC0000001100100057,2018,other,45.5,Q2,0
DC0000001100100057,2020,other,481,Q4 (slowest),0
DC0000001100100102,2021,other,50,Q2,0
DC0000001100100142,2022,other,225,Q3,0
DC0000001100100146,2018,other,0,Q1 (fastest),0
DC0000001100100150,2018,other,0,Q1 (fastest),0
DC0000001100100150,2021,other,79,Q2,0
DC0000001100111002,2019,other,9,Q1 (fastest),0
DC0000001100113000,2024,other,0,Q1 (fastest),0
DC0000001100113001,2018,other,0,Q1 (fastest),0
DC00000011002156,2023,other,70,Q2,0
DE0000001000100007,2023,other,69,Q2,0
DE0000001000100066,2018,other,8,Q1 (fastest),0
DE0000001000100075,2021,other,550.25,Q4 (slowest),0
DE0000001000100075,2023,other,493.33,Q4 (slowest),0
DE0000001000100076,2024,electric,202,Q3,0
DE0000001000100099,2023,other,94,Q3,0
DE0000001000100118,2022,other,178.5,Q3,0
DE0000001000100127,2022,electric,721.67,Q4 (slowest),0
DE0000001000100127,2024,electric,193,Q3,0
DE0000001000100152,2016,electric,40,Q2,0
DE0000001000100152,2021,electric,135,Q3,0
DE0000001000300003,2020,other,133,Q3,0
DE0000001000300016,2016,other,509.67,Q4 (slowest),5
DE0000001000300016,2017,other,366.6,Q4 (slowest),6
DE0000001000300016,2018,other,174.33,Q3,9
DE0000001000300016,2019,other,267.67,Q4 (slowest),7
DE0000001000300016,2020,other,370,Q4 (slowest),5
DE0000001000300016,2021,other,354.82,Q4 (slowest),9
DE0000001000300016,2022,other,265.72,Q4 (slowest),5
DE0000001000300016,2023,other,291.5,Q4 (slowest),8
DE0000001000300016,2024,other,506.08,Q4 (slowest),6
DE0000001000300021,2017,other,114,Q3,0
DE0000001000300022,2018,other,59,Q2,0
DE0000001000300022,2022,other,290.5,Q4 (slowest),0
DE0000001000300027,2016,other,6,Q1 (fastest),0
DE0000001000300051,2020,other,673.33,Q4 (slowest),0
DE0000001000300058,2019,other,15.5,Q2,2
DE0000001000300058,2020,other,362.4,Q4 (slowest),1
DE0000001000300058,2021,other,361,Q4 (slowest),0
DE0000001000300058,2023,other,154,Q3,1
DE0000001000300058,2024,other,537,Q4 (slowest),2
DE0000001000300066,2021,other,88,Q2,0
DE0000001000300068,2023,other,79,Q2,0
DE0000001000300077,2021,other,111,Q3,0
DE0000001000300090,2017,other,3,Q1 (fastest),0
DE0000001000300090,2019,other,391,Q4 (slowest),0
DE0000001000300090,2024,other,545,Q4 (slowest),0
DE0000001000300111,2016,other,3,Q1 (fastest),0
DE0000001000300115,2021,other,194,Q3,0
DE0000001000300131,2018,other,99,Q3,0
DE0000001000300279,2017,other,8,Q1 (fastest),0
DE0000001000300291,2024,other,183,Q3,1
DE0000001000300324,2016,other,32,Q2,0
DE0000001000300365,2019,other,202,Q3,1
DE0000001000300365,2020,other,81,Q2,0
DE0000001000300383,2018,other,117,Q3,0
DE0000001000300415,2019,other,922.1,Q4 (slowest),1
DE0000001000300415,2020,other,818,Q4 (slowest),2
DE0000001000300415,2021,other,558.5,Q4 (slowest),1
DE0000001000300415,2022,other,468,Q4 (slowest),0
DE0000001000300600,2021,other,183,Q3,0
DE0000001000300622,2020,other,468.2,Q4 (slowest),0
DE0000001000300622,2024,other,407,Q4 (slowest),1
DE0000001000300782,2018,other,83,Q2,0
DE0000001000300867,2021,other,549,Q4 (slowest),0
DE0000001000300963,2020,other,1723,Q4 (slowest),2
DE0000001000300963,2021,other,1481,Q4 (slowest),0
DE0000001000300978,2022,other,428,Q4 (slowest),0
DE0000001000500001,2022,electric,78,Q2,0
DE0000001000500003,2019,other,5,Q1 (fastest),0
DE0000001000500011,2019,other,88.5,Q2,0
DE0000001000500066,2017,other,329,Q4 (slowest),0
DE0000001000500066,2019,other,618,Q4 (slowest),1
DE0000001000500066,2020,other,332,Q4 (slowest),0
DE0000001000500081,2023,other,137,Q3,0
DE0000001000500093,2021,other,49,Q2,0
DE0000001000500146,2017,other,223,Q3,0
DE0000001000500194,2017,other,94,Q3,0
DE0000001000500194,2021,other,103,Q3,1
DE0000001000500194,2022,other,227,Q3,0
FL0000001200100007,2019,other,216.5,Q3,0
FL0000001200100007,2021,other,249.8,Q3,1
FL0000001200100007,2022,other,252.5,Q4 (slowest),1
FL0000001200100049,2022,other,78.5,Q2,0
FL0000001200100087,2019,other,27.5,Q2,0
FL0000001200500001,2017,other,66,Q2,1
FL0000001200500001,2021,other,84.75,Q2,3
FL0000001200500001,2022,other,35.67,Q2,0
FL0000001200500009,2021,other,41.75,Q2,0
FL0000001200700004,2020,other,25,Q2,0
FL0000001200700012,2024,other,127.5,Q3,0
FL0000001200900049,2019,other,0,Q1 (fastest),0
FL0000001200900051,2020,other,131.5,Q3,1
FL0000001200900051,2023,other,5,Q1 (fastest),0
FL0000001200900245,2021,other,101.5,Q3,1
FL0000001200900245,2022,other,322,Q4 (slowest),4
FL0000001200900245,2023,other,134,Q3,0
FL0000001201100048,2017,other,30,Q2,0
FL0000001201100056,2017,other,56,Q2,0
FL0000001201100058,2017,other,215,Q3,0
FL0000001201102119,2017,other,76,Q2,0
FL0000001201102384,2016,other,65,Q2,0
FL0000001201102410,2016,other,94,Q3,0
FL0000001201102710,2023,other,7,Q1 (fastest),0
FL0000001201700004,2017,electric,74,Q2,0
FL0000001201700021,2020,other,74.5,Q2,0
FL0000001201900031,2019,other,17,Q2,0
FL0000001201900067,2022,other,33,Q2,0
FL0000001201900067,2024,other,87.5,Q2,0
FL0000001202500014,2018,other,159,Q3,0
FL0000001202500014,2020,other,222,Q3,1
FL0000001202500020,2018,other,170.33,Q3,0
FL0000001202500020,2021,other,294,Q4 (slowest),1
FL0000001202500022,2016,other,65,Q2,0
FL0000001202500232,2023,other,323,Q4 (slowest),0
FL0000001202500281,2019,other,105,Q3,0
FL0000001202500314,2023,other,19,Q2,0
FL0000001202500390,2017,other,105,Q3,1
FL0000001202500407,2019,other,115,Q3,0
FL0000001202500476,2022,other,147,Q3,0
FL0000001202500600,2019,other,145,Q3,0
FL0000001202500814,2017,other,220,Q3,1
FL0000001202500835,2017,other,171.5,Q3,1
FL0000001202501178,2017,other,130,Q3,0
FL0000001202501187,2016,other,162.5,Q3,0
FL0000001202501272,2016,other,200.5,Q3,0
FL0000001202501315,2016,other,324,Q4 (slowest),0
FL0000001202501364,2017,other,70,Q2,1
FL0000001202501390,2017,other,140.5,Q3,0
FL0000001203100005,2018,other,69.12,Q2,0
FL0000001203100005,2022,other,147,Q3,1
FL0000001203100039,2022,other,71.5,Q2,0
FL0000001203100050,2024,other,91.5,Q3,0
FL0000001203100157,2018,other,70.5,Q2,0
FL0000001203100180,2018,other,40,Q2,0
FL0000001203100215,2020,other,20,Q2,0
FL0000001203100231,2018,other,132.5,Q3,1
FL0000001203100231,2019,other,59,Q2,0
FL0000001203100231,2022,other,73,Q2,0
FL0000001203100325,2018,other,11,Q1 (fastest),0
FL0000001203100333,2022,other,70.5,Q2,0
FL0000001203100337,2016,electric,131,Q3,0
FL0000001203100358,2022,other,104,Q3,0
FL0000001203100503,2023,other,249,Q3,0
FL0000001203100561,2024,electric,71.5,Q2,0
FL0000001203100562,2018,other,32.5,Q2,0
FL0000001203100569,2023,other,165,Q3,0
FL0000001203100625,2019,other,79.33,Q2,0
FL0000001203300040,2019,other,68.25,Q2,0
FL0000001203300040,2021,other,59,Q2,4
FL0000001203300040,2022,other,32,Q2,1
FL0000001203300040,2023,other,196.67,Q3,2
FL0000001203300040,2024,other,77,Q2,0
FL0000001203300045,2023,electric,44,Q2,0
FL0000001203300260,2018,other,74.5,Q2,0
FL0000001203500011,2024,other,167.5,Q3,0
FL0000001203900005,2018,other,112,Q3,0
FL0000001203900009,2018,other,84.5,Q2,0
FL0000001203900009,2021,other,48.5,Q2,0
FL0000001204700002,2023,other,223,Q3,0
FL0000001204900043,2018,electric,143,Q3,0
FL0000001205100003,2017,other,61.5,Q2,0
FL0000001205100003,2024,other,93,Q3,0
FL0000001205300021,2020,other,83.5,Q2,0
FL0000001205300021,2022,other,109,Q3,0
FL0000001205300380,2016,electric,123,Q3,0
FL0000001205700001,2016,other,95,Q3,1
FL0000001205700001,2019,other,146.5,Q3,0
FL0000001205700001,2022,other,265,Q4 (slowest),2
FL0000001205700001,2023,other,89.5,Q2,0
FL0000001205700005,2021,other,104,Q3,2
FL0000001205700008,2020,other,101.4,Q3,10
FL0000001205700008,2021,other,101.5,Q3,5
FL0000001205700008,2022,other,151,Q3,2
FL0000001205700016,2023,other,112.33,Q3,0
FL0000001205700021,2021,other,95,Q3,0
FL0000001205700025,2022,other,171,Q3,1
FL0000001205700041,2024,other,243.5,Q3,0
FL0000001205700056,2016,other,98.5,Q3,1
FL0000001205700056,2017,other,116.5,Q3,0
FL0000001205700057,2019,other,112,Q3,1
FL0000001205700057,2020,other,103.5,Q3,4
FL0000001205700057,2021,other,353.5,Q4 (slowest),6
FL0000001205700057,2022,other,264,Q4 (slowest),5
FL0000001205700069,2018,other,95.5,Q3,0
FL0000001205700089,2019,other,96.5,Q3,0
FL0000001205700127,2016,other,113.5,Q3,0
FL0000001205700127,2019,other,146.5,Q3,1
FL0000001205700286,2018,other,103,Q3,0
FL0000001205700293,2015,other,70,Q2,0
FL0000001205700344,2017,other,107.5,Q3,0
FL0000001205700442,2023,other,196.5,Q3,3
FL0000001205700442,2024,other,110.5,Q3,1
FL0000001205700854,2020,other,112,Q3,0
FL0000001205701445,2017,other,137,Q3,2
FL0000001205701445,2018,other,106.5,Q3,1
FL0000001205701445,2019,other,123.5,Q3,1
FL0000001206100102,2019,other,79.5,Q2,0
FL0000001206300011,2020,other,60.25,Q2,0
FL0000001206300058,2017,other,60,Q2,1
FL0000001206300058,2018,other,70,Q2,0
FL0000001206300058,2020,other,89.5,Q2,0
FL0000001206300058,2022,other,58.5,Q2,0
FL0000001206900046,2021,other,191,Q3,1
FL0000001206904826,2018,other,296.33,Q4 (slowest),0
FL0000001206904826,2020,other,70.5,Q2,0
FL0000001206904864,2022,other,159.5,Q3,0
FL0000001207100119,2023,other,106.5,Q3,0
FL0000001207700009,2019,electric,82,Q2,2
FL0000001207700010,2020,other,46.5,Q2,2
FL0000001207700010,2021,other,42.67,Q2,1
FL0000001207700010,2022,other,27.5,Q2,0
FL0000001207700010,2024,other,100.5,Q3,1
FL0000001208100007,2021,other,47.5,Q2,0
FL0000001208100007,2023,other,226,Q3,0
FL0000001208100055,2020,other,71.5,Q2,0
FL0000001208100090,2017,other,461,Q4 (slowest),0
FL0000001208100164,2020,other,39.5,Q2,0
FL0000001208100212,2021,other,53,Q2,1
FL0000001208100212,2022,other,172,Q3,0
FL0000001208500017,2018,other,158,Q3,0
FL0000001208500017,2020,other,97,Q3,0
FL0000001208500164,2022,other,169,Q3,0
FL0000001208700004,2017,electric,88.5,Q3,0
FL0000001208900441,2018,electric,77,Q2,0
FL0000001209300118,2018,other,47.5,Q2,0
FL0000001209300118,2022,other,69,Q2,0
FL0000001209500015,2017,other,38,Q2,0
FL0000001209500015,2022,other,70,Q2,0
FL0000001209500052,2017,other,49,Q2,0
FL0000001209500052,2019,other,65,Q2,0
FL0000001209500055,2021,other,98,Q3,1
FL0000001209500055,2022,other,128,Q3,2
FL0000001209500055,2023,other,113.5,Q3,1
FL0000001209500055,2024,other,117.5,Q3,1
FL0000001209500111,2018,other,109,Q3,3
FL0000001209500111,2019,other,303.5,Q4 (slowest),1
FL0000001209500111,2020,other,42,Q2,1
FL0000001209500111,2024,other,16,Q2,0
FL0000001209500125,2017,other,44,Q2,0
FL0000001209500125,2023,other,122.5,Q3,0
FL0000001209500143,2022,other,95.5,Q3,0
FL0000001209500185,2022,other,63,Q2,0
FL0000001209500213,2023,other,229,Q3,0
FL0000001209501247,2017,other,50,Q2,0
FL0000001209501272,2023,other,84.5,Q2,0
FL0000001209501340,2018,electric,220,Q4 (slowest),1
FL0000001209501340,2019,electric,51,Q2,0
FL0000001209501376,2024,other,74,Q2,1
FL0000001209700079,2018,other,114,Q3,0
FL0000001209700079,2024,other,58,Q2,1
FL0000001209900005,2023,other,207,Q3,0
FL0000001209900019,2022,other,99.5,Q3,0
FL0000001209900042,2024,electric,29,Q2,0
FL0000001209900199,2022,other,455.5,Q4 (slowest),1
FL0000001209900199,2023,other,602,Q4 (slowest),1
FL0000001209900199,2024,other,237,Q3,0
FL0000001209900234,2017,other,103.5,Q3,0
FL0000001209900234,2022,other,22,Q2,0
FL0000001209900332,2021,electric,49,Q2,0
FL0000001209900332,2023,electric,176,Q3,1
FL0000001209900347,2022,other,70,Q2,1
FL0000001209900350,2024,other,7,Q1 (fastest),0
FL0000001209900549,2023,other,38,Q2,1
FL0000001209900549,2024,other,7,Q1 (fastest),1
FL0000001209900614,2016,other,109,Q3,0
FL0000001209900615,2022,other,144.2,Q3,0
FL0000001209900642,2019,other,15,Q2,0
FL0000001209900666,2024,other,70.5,Q2,0
FL0000001210100378,2018,other,116,Q3,2
FL0000001210300011,2019,electric,55,Q2,1
FL0000001210300011,2020,electric,112.5,Q3,0
FL0000001210300132,2018,other,26,Q2,0
FL0000001210300153,2024,other,218,Q3,0
FL0000001210300218,2017,other,15,Q2,0
FL0000001210300218,2021,other,61,Q2,0
FL0000001210300218,2024,other,53,Q2,1
FL0000001210300380,2017,other,79,Q2,0
FL0000001210300449,2018,other,43,Q2,1
FL0000001210300508,2018,other,57,Q2,1
FL0000001210300525,2016,other,42,Q2,0
FL0000001210300604,2018,other,49,Q2,1
FL0000001210300604,2019,other,36,Q2,1
FL0000001210300604,2020,other,114.33,Q3,0
FL0000001210300604,2024,other,27.5,Q2,0
FL0000001210500001,2021,other,61.5,Q2,1
FL0000001210500046,2020,other,35,Q2,0
FL0000001210500046,2023,other,260,Q4 (slowest),0
FL0000001210500055,2020,other,63,Q2,0
FL0000001210500059,2022,other,130,Q3,1
FL0000001210500059,2023,other,121,Q3,0
FL0000001210500081,2019,other,183,Q3,1
FL0000001210500081,2020,other,55,Q2,1
FL0000001210500081,2021,other,56,Q2,2
FL0000001210500081,2022,other,115.33,Q3,1
FL0000001210500125,2021,other,88,Q2,0
FL0000001210500139,2024,other,36,Q2,0
FL0000001210500177,2016,other,94,Q3,0
FL0000001210500215,2017,other,206,Q3,0
FL0000001210500215,2020,other,15,Q2,1
FL0000001210500215,2024,other,120.5,Q3,0
FL0000001210500233,2019,electric,122.5,Q3,0
FL0000001210500234,2023,electric,151,Q3,0
FL0000001210500239,2021,other,14,Q1 (fastest),0
FL0000001210500292,2020,other,16,Q2,0
FL0000001210500375,2021,other,131.5,Q3,1
FL0000001210500377,2021,other,25,Q2,0
FL0000001210500377,2024,other,77.33,Q2,1
FL0000001210500418,2021,other,30,Q2,0
FL0000001210500472,2024,other,125,Q3,0
FL0000001210700005,2019,other,85.5,Q2,1
FL0000001210700005,2022,other,83,Q2,0
FL0000001210700025,2022,electric,40.5,Q2,1
FL0000001210700025,2023,electric,83,Q2,1
FL0000001211100111,2019,other,42.67,Q2,0
FL0000001211300004,2018,other,65,Q2,5
FL0000001211300004,2019,other,63.78,Q2,1
FL0000001211300004,2020,other,34.5,Q2,3
FL0000001211300004,2021,other,37.17,Q2,1
FL0000001211300014,2021,other,32.5,Q2,0
FL0000001211300031,2018,other,128.8,Q3,2
FL0000001211300031,2019,other,89.5,Q2,0
FL0000001211301135,2018,other,67,Q2,0
FL0000001211500131,2019,other,104.67,Q3,1
FL0000001211700084,2022,other,409.5,Q4 (slowest),0
FL0000001211900042,2018,other,67,Q2,3
FL0000001211900042,2019,other,113.33,Q3,1
FL0000001211900042,2020,other,21,Q2,1
FL0000001211900042,2021,other,33,Q2,0
FL0000001212100465,2016,other,60,Q2,0
FL0000001212100465,2018,other,46,Q2,4
FL0000001212100465,2019,other,100,Q3,1
FL0000001212100465,2020,other,58,Q2,0
FL0000001212100468,2019,other,58.5,Q2,0
FL0000001212100468,2023,other,77.5,Q2,0
FL0000001212300001,2018,other,29.5,Q2,0
FL0000001212300001,2021,other,18,Q2,0
FL0000001212700028,2021,electric,95.5,Q3,0
FL0000001212700094,2019,other,159.5,Q3,0
FL0000001212700163,2024,other,287.5,Q4 (slowest),0
FL0000001212700166,2021,other,79,Q2,0
FL0000001212700221,2023,other,115.5,Q3,0
FL0000001277705212,2017,other,114,Q3,0
GA0000001300100005,2017,other,82,Q2,2
GA0000001300100005,2018,other,37.33,Q2,0
GA0000001300100005,2021,other,68,Q2,0
GA0000001300100005,2024,other,0,Q1 (fastest),0
GA0000001300100032,2019,other,6.5,Q1 (fastest),1
GA0000001300100032,2020,other,0,Q1 (fastest),0
GA0000001300100032,2024,other,68.33,Q2,0
GA0000001300900031,2021,other,0,Q1 (fastest),0
GA0000001301100012,2020,other,0,Q1 (fastest),0
GA0000001301300068,2017,other,26,Q2,1
GA0000001301300068,2018,other,0,Q1 (fastest),0
GA0000001301300068,2020,other,78,Q2,0
GA0000001301300068,2024,other,0,Q1 (fastest),0
GA0000001301300083,2024,electric,0,Q1 (fastest),0
GA0000001301300085,2020,other,31.5,Q2,0
GA0000001301500011,2018,electric,37,Q2,0
GA0000001301500104,2022,other,0,Q1 (fastest),1
GA0000001301500104,2023,other,0,Q1 (fastest),0
GA0000001301500105,2018,other,0,Q1 (fastest),0
GA0000001301700008,2021,other,0,Q1 (fastest),1
GA0000001301700008,2022,other,0,Q1 (fastest),0
GA0000001301700009,2018,other,0,Q1 (fastest),0
GA0000001301700009,2024,other,42,Q2,0
GA0000001301700031,2016,other,70.5,Q2,0
GA0000001301700031,2020,other,36.5,Q2,0
GA0000001301700041,2017,other,0,Q1 (fastest),1
GA0000001301700041,2018,other,0,Q1 (fastest),2
GA0000001301700041,2019,other,101,Q3,1
GA0000001301700041,2020,other,0,Q1 (fastest),2
GA0000001301700041,2021,other,98,Q3,0
GA0000001301700041,2024,other,182.67,Q3,0
GA0000001302100001,2024,other,0,Q1 (fastest),0
GA0000001302100030,2021,other,0,Q1 (fastest),0
GA0000001302100080,2018,other,0,Q1 (fastest),0
GA0000001302100193,2024,other,0,Q1 (fastest),0
GA0000001302100211,2018,other,75,Q2,2
GA0000001302100211,2019,other,43.33,Q2,1
GA0000001302100211,2020,other,122.5,Q3,0
GA0000001302100211,2023,other,0,Q1 (fastest),1
GA0000001302100211,2024,other,0,Q1 (fastest),0
GA0000001302100214,2017,other,227,Q3,1
GA0000001302100214,2018,other,0,Q1 (fastest),0
GA0000001302100237,2023,other,0,Q1 (fastest),1
GA0000001302100237,2024,other,0,Q1 (fastest),0
GA0000001302100239,2023,other,57.5,Q2,0
GA0000001302500001,2018,other,26,Q2,1
GA0000001302500001,2019,other,0,Q1 (fastest),0
GA0000001302500001,2021,other,0,Q1 (fastest),1
GA0000001302500001,2022,other,0,Q1 (fastest),0
GA0000001302500005,2019,other,36,Q2,0
GA0000001302700018,2024,other,0,Q1 (fastest),0
GA0000001303100028,2016,other,0,Q1 (fastest),0
GA0000001303100028,2018,other,0,Q1 (fastest),0
GA0000001303100063,2023,other,38,Q2,0
GA0000001303500016,2024,electric,0,Q1 (fastest),0
GA0000001303900003,2019,other,60.33,Q2,0
GA0000001303900003,2021,other,68.5,Q2,0
GA0000001303900031,2022,other,0,Q1 (fastest),0
GA0000001304500008,2016,other,0,Q1 (fastest),1
GA0000001304500008,2017,other,0,Q1 (fastest),0
GA0000001304500008,2023,other,0,Q1 (fastest),0
GA0000001304500039,2016,other,41,Q2,0
GA0000001305100001,2022,other,0,Q1 (fastest),0
GA0000001305100003,2024,other,0,Q1 (fastest),0
GA0000001305100011,2019,other,0,Q1 (fastest),0
GA0000001305100023,2022,other,8,Q1 (fastest),0
GA0000001305100037,2022,other,0,Q1 (fastest),0
GA0000001305100046,2023,other,0,Q1 (fastest),0
GA0000001305100077,2019,other,0,Q1 (fastest),0
GA0000001305100110,2017,other,0,Q1 (fastest),0
GA0000001305100149,2021,other,0,Q1 (fastest),0
GA0000001305100173,2017,other,0,Q1 (fastest),0
GA0000001305100177,2018,other,0,Q1 (fastest),0
GA0000001305100177,2020,other,0,Q1 (fastest),0
GA0000001305100177,2024,other,0,Q1 (fastest),0
GA0000001305100208,2020,other,0,Q1 (fastest),0
GA0000001305100221,2021,other,0,Q1 (fastest),0
GA0000001305100263,2020,other,0,Q1 (fastest),0
GA0000001305100271,2020,other,0,Q1 (fastest),0
GA0000001305100276,2023,other,0,Q1 (fastest),0
GA0000001305700036,2023,other,0,Q1 (fastest),0
GA0000001305700040,2019,other,99.5,Q3,0
GA0000001305700052,2023,other,0,Q1 (fastest),0
GA0000001305700061,2020,other,63,Q2,1
GA0000001305700061,2021,other,0,Q1 (fastest),1
GA0000001305900024,2022,other,0,Q1 (fastest),0
GA0000001305900026,2017,other,0,Q1 (fastest),0
GA0000001305900026,2019,other,0,Q1 (fastest),1
GA0000001305900026,2020,other,0,Q1 (fastest),2
GA0000001305900026,2021,other,0,Q1 (fastest),1
GA0000001305900026,2022,other,88,Q2,1
GA0000001305900026,2023,other,0,Q1 (fastest),2
GA0000001305900026,2024,other,0,Q1 (fastest),1
GA0000001305900048,2023,other,53,Q2,0
GA0000001305900059,2018,other,0,Q1 (fastest),2
GA0000001305900059,2019,other,0,Q1 (fastest),0
GA0000001305900059,2021,other,0,Q1 (fastest),0
GA0000001305900074,2022,other,0,Q1 (fastest),1
GA0000001305900075,2024,other,0,Q1 (fastest),0
GA0000001306300008,2018,other,0,Q1 (fastest),0
GA0000001306300041,2024,other,0,Q1 (fastest),0
GA0000001306300105,2023,other,0,Q1 (fastest),0
GA0000001306300152,2023,other,0,Q1 (fastest),0
GA0000001306500005,2017,other,0,Q1 (fastest),0
GA0000001306500016,2022,other,0,Q1 (fastest),0
GA0000001306700027,2018,other,21,Q2,0
GA0000001306700027,2022,other,0,Q1 (fastest),0
GA0000001306700067,2023,other,0,Q1 (fastest),0
GA0000001306700074,2022,other,23,Q2,0
GA0000001306700078,2021,other,22,Q2,0
GA0000001306700131,2018,other,0,Q1 (fastest),1
GA0000001306700131,2019,other,50,Q2,0
GA0000001306700133,2020,other,0,Q1 (fastest),0
GA0000001306700173,2022,other,149.5,Q3,0
GA0000001306700257,2021,other,0,Q1 (fastest),2
GA0000001306700257,2022,other,1.5,Q1 (fastest),0
GA0000001307100016,2019,other,0,Q1 (fastest),1
GA0000001307100016,2020,other,0,Q1 (fastest),0
GA0000001307300004,2020,other,37.5,Q2,1
GA0000001307300004,2021,other,60,Q2,0
GA0000001307300004,2024,other,0,Q1 (fastest),0
GA0000001307300030,2020,other,0,Q1 (fastest),0
GA0000001307700048,2020,other,0,Q1 (fastest),0
GA0000001307700048,2022,other,0,Q1 (fastest),0
GA0000001307700048,2024,other,0,Q1 (fastest),0
GA0000001308100054,2023,other,0,Q1 (fastest),1
GA0000001308100054,2024,other,50,Q2,0
GA0000001308100059,2020,other,30.5,Q2,0
GA0000001308100059,2023,other,0,Q1 (fastest),1
GA0000001308100059,2024,other,0,Q1 (fastest),0
GA0000001308100069,2018,other,0,Q1 (fastest),0
GA0000001308100069,2021,other,0,Q1 (fastest),0
GA0000001308100069,2023,other,0,Q1 (fastest),2
GA0000001308100069,2024,other,0,Q1 (fastest),0
GA0000001308700037,2022,other,0,Q1 (fastest),0
GA0000001308700054,2017,other,103.5,Q3,0
GA0000001308900005,2021,other,0,Q1 (fastest),1
GA0000001308900005,2022,other,0,Q1 (fastest),0
GA0000001308900005,2024,other,0,Q1 (fastest),0
GA0000001308900012,2016,other,88,Q2,0
GA0000001308900012,2019,other,0,Q1 (fastest),0
GA0000001308900012,2021,other,19,Q2,0
GA0000001308900012,2023,other,116.5,Q3,0
GA0000001308900015,2022,other,0,Q1 (fastest),1
GA0000001308900018,2016,other,0,Q1 (fastest),0
GA0000001308900097,2022,other,28.5,Q2,1
GA0000001308900097,2023,other,48.5,Q2,0
GA0000001308900128,2024,other,68.67,Q2,0
GA0000001308900208,2018,other,0,Q1 (fastest),1
GA0000001308900208,2019,other,45.5,Q2,1
GA0000001308900208,2020,other,0,Q1 (fastest),0
GA0000001308900208,2024,other,50,Q2,0
GA0000001308900224,2017,other,86,Q2,0
GA0000001308900224,2022,other,0,Q1 (fastest),2
GA0000001308900224,2023,other,31.33,Q2,1
GA0000001308900224,2024,other,73,Q2,1
GA0000001308900226,2017,other,49,Q2,0
GA0000001308900226,2020,other,18.5,Q2,0
GA0000001308900233,2019,other,62,Q2,0
GA0000001308900239,2017,other,67.5,Q2,0
GA0000001308900239,2019,other,43.5,Q2,0
GA0000001308900239,2021,other,0,Q1 (fastest),0
GA0000001308900241,2024,other,0,Q1 (fastest),0
GA0000001308900255,2017,other,67,Q2,0
GA0000001308900267,2020,other,86.5,Q2,0
GA0000001308900268,2018,other,29,Q2,0
GA0000001308900268,2021,other,79.5,Q2,0
GA0000001308900297,2018,other,0,Q1 (fastest),0
GA0000001308900297,2021,other,41.5,Q2,0
GA0000001308900299,2021,other,0,Q1 (fastest),0
GA0000001308900299,2024,other,0,Q1 (fastest),1
GA0000001308900300,2022,other,0,Q1 (fastest),0
GA0000001308900300,2024,other,0,Q1 (fastest),0
GA0000001308900339,2017,other,0,Q1 (fastest),1
GA0000001308900339,2018,other,0,Q1 (fastest),0
GA0000001308900339,2020,other,0,Q1 (fastest),0
GA0000001308900403,2024,other,0,Q1 (fastest),0
GA0000001309300036,2023,other,136,Q3,0
GA0000001309500010,2019,other,0,Q1 (fastest),0
GA0000001309500010,2024,other,0,Q1 (fastest),0
GA0000001309500023,2021,other,0,Q1 (fastest),0
GA0000001309500023,2024,other,0,Q1 (fastest),0
GA0000001309500026,2021,other,0,Q1 (fastest),1
GA0000001309500071,2019,other,0,Q1 (fastest),0
GA0000001309500083,2021,other,32.5,Q2,1
GA0000001309500083,2022,other,0,Q1 (fastest),0
GA0000001309500095,2024,other,0,Q1 (fastest),0
GA0000001309500109,2018,electric,97.75,Q3,1
GA0000001309500109,2019,electric,0,Q1 (fastest),0
GA0000001309500109,2022,electric,0,Q1 (fastest),0
GA0000001309500109,2024,electric,0,Q1 (fastest),0
GA0000001309500110,2020,other,0,Q1 (fastest),0
GA0000001309500110,2022,other,0,Q1 (fastest),0
GA0000001309700089,2023,other,0,Q1 (fastest),0
GA0000001309900001,2021,other,83.5,Q2,0
GA0000001309900003,2019,other,0,Q1 (fastest),0
GA0000001309900020,2022,other,26,Q2,0
GA0000001310300004,2020,other,0,Q1 (fastest),0
GA0000001310300004,2024,other,0,Q1 (fastest),0
GA0000001310300013,2022,electric,0,Q1 (fastest),0
GA0000001310300021,2018,other,0,Q1 (fastest),0
GA0000001310300021,2021,other,0,Q1 (fastest),0
GA0000001310300022,2019,other,31,Q2,0
GA0000001310500044,2016,other,0,Q1 (fastest),0
GA0000001310500051,2016,other,0,Q1 (fastest),1
GA0000001310700011,2023,other,0,Q1 (fastest),0
GA0000001310700030,2016,other,0,Q1 (fastest),1
GA0000001310700030,2017,other,0,Q1 (fastest),0
GA0000001310700030,2021,other,27,Q2,0
GA0000001310700032,2021,other,27,Q2,0
GA0000001311300013,2019,other,0,Q1 (fastest),0
GA0000001311300013,2022,other,14,Q1 (fastest),1
GA0000001311300013,2023,other,39.5,Q2,0
GA0000001311300054,2018,other,42.5,Q2,0
GA0000001311300054,2022,other,50.5,Q2,0
GA0000001311500016,2019,other,0,Q1 (fastest),0
GA0000001311500021,2018,other,95,Q3,1
GA0000001311500021,2019,other,138,Q3,0
GA0000001311500073,2018,other,27,Q2,1
GA0000001311500073,2019,other,0,Q1 (fastest),0
GA0000001311500073,2021,other,0,Q1 (fastest),0
GA0000001311500105,2019,other,0,Q1 (fastest),1
GA0000001311500105,2020,other,18,Q2,1
GA0000001311500105,2021,other,0,Q1 (fastest),1
GA0000001311500105,2022,other,32,Q2,0
GA0000001311500105,2024,other,0,Q1 (fastest),0
GA0000001311500128,2021,other,68,Q2,0
GA0000001311700005,2024,other,10.5,Q1 (fastest),0
GA0000001311700012,2021,other,33,Q2,0
GA0000001311700059,2018,other,141,Q3,0
GA0000001311900025,2020,electric,60,Q2,0
GA0000001311900025,2024,electric,83.5,Q2,0
GA0000001312100010,2019,other,12,Q1 (fastest),1
GA0000001312100010,2020,other,62,Q2,0
GA0000001312100084,2018,other,49.5,Q2,0
GA0000001312100129,2017,other,92,Q3,1
GA0000001312100129,2018,other,88,Q2,1
GA0000001312100129,2019,other,64,Q2,1
GA0000001312100129,2020,other,0,Q1 (fastest),1
GA0000001312100129,2021,other,0,Q1 (fastest),0
GA0000001312100129,2023,other,0,Q1 (fastest),1
GA0000001312100129,2024,other,0,Q1 (fastest),1
GA0000001312100252,2018,other,0,Q1 (fastest),0
GA0000001312100252,2021,other,0,Q1 (fastest),1
GA0000001312100252,2022,other,0,Q1 (fastest),1
GA0000001312100252,2023,other,0,Q1 (fastest),1
GA0000001312100252,2024,other,0,Q1 (fastest),0
GA0000001312100254,2024,other,75,Q2,0
GA0000001312100268,2016,other,0,Q1 (fastest),2
GA0000001312100268,2017,other,166.67,Q3,0
GA0000001312100268,2021,other,0,Q1 (fastest),1
GA0000001312100268,2022,other,0,Q1 (fastest),1
GA0000001312100268,2023,other,0,Q1 (fastest),0
GA0000001312100401,2023,other,0,Q1 (fastest),0
GA0000001312100509,2021,other,261.5,Q4 (slowest),0
GA0000001312100509,2024,other,0,Q1 (fastest),0
GA0000001312100614,2024,other,221,Q3,0
GA0000001312100691,2019,other,59.5,Q2,0
GA0000001312100774,2018,other,0,Q1 (fastest),0
GA0000001312100774,2020,other,0,Q1 (fastest),0
GA0000001312100779,2018,other,0,Q1 (fastest),0
GA0000001312100787,2020,other,0,Q1 (fastest),0
GA0000001312100787,2024,other,0,Q1 (fastest),0
GA0000001312100792,2020,other,0,Q1 (fastest),0
GA0000001312100792,2023,other,0,Q1 (fastest),0
GA0000001312100825,2021,other,0,Q1 (fastest),0
GA0000001312100842,2022,other,33,Q2,0
GA0000001312100846,2022,other,0,Q1 (fastest),0
GA0000001312100847,2016,other,75,Q2,0
GA0000001312100847,2019,other,65,Q2,0
GA0000001312100855,2017,other,0,Q1 (fastest),0
GA0000001312100855,2019,other,0,Q1 (fastest),1
GA0000001312100855,2020,other,0,Q1 (fastest),0
GA0000001312100869,2016,electric,0,Q1 (fastest),0
GA0000001312100869,2018,electric,0,Q1 (fastest),0
GA0000001312100869,2024,electric,0,Q1 (fastest),0
GA0000001312100870,2021,other,52,Q2,0
GA0000001312100877,2024,other,186,Q3,0
GA0000001312100919,2018,other,111,Q3,0
GA0000001312100929,2024,other,0,Q1 (fastest),0
GA0000001312100946,2021,other,0,Q1 (fastest),0
GA0000001312500001,2023,other,0,Q1 (fastest),0
GA0000001312700002,2016,other,194.5,Q3,1
GA0000001312700002,2017,other,110.5,Q3,1
GA0000001312700002,2018,other,0,Q1 (fastest),1
GA0000001312700002,2019,other,0,Q1 (fastest),2
GA0000001312700002,2020,other,255,Q4 (slowest),2
GA0000001312700002,2021,other,144.25,Q3,1
GA0000001312700002,2022,other,119.5,Q3,2
GA0000001312700002,2023,other,0,Q1 (fastest),0
GA0000001312700003,2020,other,0,Q1 (fastest),0
GA0000001312700003,2023,other,0,Q1 (fastest),0
GA0000001312700006,2018,other,0,Q1 (fastest),0
GA0000001312700027,2022,other,0,Q1 (fastest),0
GA0000001312900025,2019,other,39,Q2,0
GA0000001312900075,2016,other,77,Q2,0
GA0000001312900075,2019,other,0,Q1 (fastest),0
GA0000001313300001,2017,other,57,Q2,0
GA0000001313300001,2021,other,0,Q1 (fastest),1
GA0000001313300001,2022,other,20,Q2,0
GA0000001313500010,2018,other,0,Q1 (fastest),0
GA0000001313500010,2024,other,0,Q1 (fastest),1
GA0000001313500026,2021,other,204,Q3,0
GA0000001313500139,2024,other,42.5,Q2,0
GA0000001313500140,2024,other,90,Q2,0
GA0000001313500224,2017,other,37,Q2,0
GA0000001313500224,2024,other,77.33,Q2,0
GA0000001313500235,2024,other,134.33,Q3,0
GA0000001313500239,2021,other,0,Q1 (fastest),0
GA0000001313500239,2023,other,0,Q1 (fastest),0
GA0000001313500270,2020,other,55.5,Q2,0
GA0000001313500270,2024,other,0,Q1 (fastest),1
GA0000001313500329,2017,electric,46.5,Q2,0
GA0000001313900002,2016,other,66,Q2,0
GA0000001313900002,2020,other,0,Q1 (fastest),1
GA0000001313900002,2021,other,36.5,Q2,0
GA0000001313900002,2023,other,24.5,Q2,0
GA0000001313900006,2023,other,0,Q1 (fastest),0
GA0000001313900063,2022,other,0,Q1 (fastest),0
GA0000001313900144,2024,other,44.33,Q2,0
GA0000001313900148,2022,other,0,Q1 (fastest),1
GA0000001313900148,2023,other,0,Q1 (fastest),1
GA0000001313900148,2024,other,51.5,Q2,1
GA0000001313900164,2024,other,48.33,Q2,0
GA0000001314300029,2023,other,0,Q1 (fastest),0
GA0000001314700031,2022,other,0,Q1 (fastest),0
GA0000001314900001,2020,electric,32.5,Q2,0
GA0000001314900004,2023,electric,0,Q1 (fastest),0
GA0000001314900007,2024,electric,0,Q1 (fastest),0
GA0000001314900012,2022,other,0,Q1 (fastest),0
GA0000001315100022,2022,other,53,Q2,0
GA0000001315100056,2022,other,84,Q2,0
GA0000001315300003,2017,other,0,Q1 (fastest),0
GA0000001315300003,2021,other,0,Q1 (fastest),0
GA0000001315300003,2024,other,0,Q1 (fastest),0
GA0000001315300011,2018,other,0,Q1 (fastest),0
GA0000001315300011,2020,other,0,Q1 (fastest),0
GA0000001315300011,2024,other,0,Q1 (fastest),0
GA0000001315300014,2017,other,178.5,Q3,0
GA0000001315300014,2021,other,41.5,Q2,2
GA0000001315300014,2022,other,30,Q2,0
GA0000001315300042,2020,electric,25,Q2,1
GA0000001315300042,2021,electric,0,Q1 (fastest),0
GA0000001315700011,2024,other,0,Q1 (fastest),0
GA0000001315700014,2018,other,0,Q1 (fastest),0
GA0000001315700049,2016,other,48,Q2,1
GA0000001315700049,2017,other,0,Q1 (fastest),2
GA0000001315700049,2018,other,0,Q1 (fastest),0
GA0000001315700049,2021,other,0,Q1 (fastest),0
GA0000001315700057,2017,other,0,Q1 (fastest),0
GA0000001315700057,2019,other,0,Q1 (fastest),0
GA0000001315700057,2021,other,0,Q1 (fastest),1
GA0000001315700057,2022,other,0,Q1 (fastest),0
GA0000001315700062,2022,other,0,Q1 (fastest),0
GA0000001315700067,2022,other,0,Q1 (fastest),0
GA0000001315700067,2024,other,0,Q1 (fastest),0
GA0000001315900012,2016,other,40,Q2,0
GA0000001315900017,2024,other,166,Q3,0
GA0000001316100019,2019,other,36.33,Q2,0
GA0000001316100019,2022,other,9,Q1 (fastest),0
GA0000001316100023,2019,other,0,Q1 (fastest),1
GA0000001316100023,2020,other,0,Q1 (fastest),1
GA0000001316100023,2021,other,0,Q1 (fastest),1
GA0000001316100023,2022,other,85.5,Q2,1
GA0000001316100023,2023,other,128.5,Q3,0
GA0000001316300026,2022,other,0,Q1 (fastest),0
GA0000001316300035,2016,other,0,Q1 (fastest),5
GA0000001316300035,2017,other,93,Q3,0
GA0000001316300035,2023,other,0,Q1 (fastest),0
GA0000001316500012,2017,other,35,Q2,0
GA0000001316500012,2023,other,12,Q1 (fastest),0
GA0000001316900010,2022,other,0,Q1 (fastest),0
GA0000001316900010,2024,other,0,Q1 (fastest),0
GA0000001317100005,2017,other,0,Q1 (fastest),0
GA0000001317100005,2023,other,83.5,Q2,0
GA0000001317500004,2022,other,0,Q1 (fastest),0
GA0000001317500035,2018,other,0,Q1 (fastest),0
GA0000001317500035,2021,other,0,Q1 (fastest),0
GA0000001317500035,2024,other,80,Q2,1
GA0000001317500055,2017,other,0,Q1 (fastest),0
GA0000001317500055,2023,other,0,Q1 (fastest),0
GA0000001317500058,2016,other,0,Q1 (fastest),1
GA0000001317500058,2017,other,0,Q1 (fastest),1
GA0000001317500058,2018,other,0,Q1 (fastest),0
GA0000001317500058,2020,other,108.5,Q3,0
GA0000001317500058,2024,other,74.33,Q2,0
GA0000001317500063,2018,other,0,Q1 (fastest),0
GA0000001317500075,2018,other,67.5,Q2,0
GA0000001317500075,2022,other,68.5,Q2,0
GA0000001317700010,2020,other,0,Q1 (fastest),1
GA0000001317700010,2021,other,29,Q2,0
GA0000001317900001,2019,other,0,Q1 (fastest),0
GA0000001317900011,2017,other,0,Q1 (fastest),2
GA0000001317900011,2018,other,0,Q1 (fastest),1
GA0000001317900011,2019,other,0,Q1 (fastest),1
GA0000001317900011,2020,other,99.5,Q3,0
GA0000001317900011,2023,other,33,Q2,1
GA0000001317900011,2024,other,0,Q1 (fastest),0
GA0000001317900018,2021,other,0,Q1 (fastest),0
GA0000001317900026,2021,other,25,Q2,0
GA0000001317900026,2024,other,0,Q1 (fastest),0
GA0000001317900027,2017,other,18,Q2,0
GA0000001317900027,2021,other,0,Q1 (fastest),0
GA0000001318500006,2023,other,0,Q1 (fastest),0
GA0000001318500009,2020,other,48.5,Q2,0
GA0000001318500023,2023,other,0,Q1 (fastest),0
GA0000001318500026,2024,other,0,Q1 (fastest),0
GA0000001318500051,2018,other,0,Q1 (fastest),0
GA0000001318500051,2021,other,110.8,Q3,0
GA0000001318500051,2023,other,0,Q1 (fastest),1
GA0000001318500051,2024,other,0,Q1 (fastest),0
GA0000001318500063,2018,other,0,Q1 (fastest),0
GA0000001318500073,2017,other,0,Q1 (fastest),0
GA0000001318500073,2023,other,6,Q1 (fastest),0
GA0000001318500082,2017,other,36,Q2,0
GA0000001318500082,2020,other,0,Q1 (fastest),1
GA0000001318500082,2021,other,0,Q1 (fastest),0
GA0000001318500088,2021,other,0,Q1 (fastest),1
GA0000001318500088,2022,other,29,Q2,0
GA0000001318500100,2022,other,0,Q1 (fastest),0
GA0000001318500106,2024,other,0,Q1 (fastest),0
GA0000001318500116,2024,other,0,Q1 (fastest),1
GA0000001318900002,2022,other,0,Q1 (fastest),0
GA0000001318900002,2024,other,0,Q1 (fastest),1
GA0000001319300008,2022,other,0,Q1 (fastest),0
GA0000001319300013,2016,other,0,Q1 (fastest),0
GA0000001319300013,2024,other,0,Q1 (fastest),0
GA0000001319300018,2022,other,0,Q1 (fastest),1
GA0000001319300018,2023,other,0,Q1 (fastest),0
GA0000001319500020,2019,electric,80.5,Q2,1
GA0000001319500020,2024,electric,70.5,Q2,1
GA0000001319900028,2017,other,0,Q1 (fastest),0
GA0000001319900028,2019,other,95.33,Q3,2
GA0000001319900028,2020,other,96.33,Q3,2
GA0000001319900028,2021,other,0,Q1 (fastest),1
GA0000001319900028,2022,other,0,Q1 (fastest),0
GA0000001320500036,2023,other,8,Q1 (fastest),0
GA0000001320500047,2017,other,0,Q1 (fastest),0
GA0000001320500047,2019,other,0,Q1 (fastest),0
GA0000001321100013,2019,other,68.5,Q2,1
GA0000001321100013,2020,other,73.5,Q2,0
GA0000001321300036,2019,other,0,Q1 (fastest),0
GA0000001321500001,2021,other,0,Q1 (fastest),0
GA0000001321500001,2023,other,0,Q1 (fastest),1
GA0000001321500001,2024,other,0,Q1 (fastest),1
GA0000001321500002,2022,other,0,Q1 (fastest),0
GA0000001321500002,2024,other,0,Q1 (fastest),0
GA0000001321500089,2016,other,74.5,Q2,2
GA0000001321500089,2017,other,77,Q2,1
GA0000001321500089,2018,other,0,Q1 (fastest),1
GA0000001321500089,2019,other,0,Q1 (fastest),0
GA0000001321500149,2019,other,0,Q1 (fastest),0
GA0000001321500149,2022,other,14,Q1 (fastest),0
GA0000001321500190,2019,other,44,Q2,0
GA0000001321700020,2022,other,57,Q2,0
GA0000001321700021,2019,other,7,Q1 (fastest),0
GA0000001321700030,2017,other,74.5,Q2,1
GA0000001321700033,2022,other,0,Q1 (fastest),0
GA0000001321700034,2022,other,0,Q1 (fastest),0
GA0000001321700053,2016,other,95,Q3,0
GA0000001321700053,2019,other,0,Q1 (fastest),0
GA0000001321700053,2021,other,0,Q1 (fastest),1
GA0000001321700053,2022,other,52.5,Q2,0
GA0000001321700053,2024,other,0,Q1 (fastest),0
GA0000001322500001,2018,other,54,Q2,1
GA0000001322500001,2019,other,117,Q3,2
GA0000001322500001,2020,other,13,Q1 (fastest),0
GA0000001322500001,2024,other,0,Q1 (fastest),1
GA0000001322500018,2022,other,37.5,Q2,0
GA0000001322900006,2020,other,34.5,Q2,0
GA0000001322900006,2024,other,0,Q1 (fastest),0
GA0000001322900007,2020,other,0,Q1 (fastest),0
GA0000001322900007,2022,other,1,Q1 (fastest),0
GA0000001323100004,2023,other,70.5,Q2,0
GA0000001323300020,2024,other,157.33,Q3,0
GA0000001323300022,2016,other,0,Q1 (fastest),1
GA0000001323300022,2017,other,0,Q1 (fastest),0
GA0000001323300022,2021,other,8.5,Q1 (fastest),0
GA0000001323300042,2024,electric,0,Q1 (fastest),0
GA0000001323300046,2019,other,0,Q1 (fastest),1
GA0000001323300046,2020,other,0,Q1 (fastest),0
GA0000001323300046,2024,other,0,Q1 (fastest),0
GA0000001323500027,2018,other,0,Q1 (fastest),1
GA0000001323500027,2019,other,70.5,Q2,0
GA0000001323700010,2018,other,63,Q2,0
GA0000001323700010,2021,other,0,Q1 (fastest),0
GA0000001323700132,2020,other,154.25,Q3,0
GA0000001324500002,2016,other,0,Q1 (fastest),0
GA0000001324500005,2019,other,138,Q3,0
GA0000001324500005,2022,other,0,Q1 (fastest),0
GA0000001324500006,2016,other,0,Q1 (fastest),0
GA0000001324500006,2019,other,0,Q1 (fastest),1
GA0000001324500006,2020,other,97,Q3,0
GA0000001324500007,2024,other,0,Q1 (fastest),0
GA0000001324500008,2020,other,0,Q1 (fastest),1
GA0000001324500008,2021,other,0,Q1 (fastest),1
GA0000001324500008,2022,other,0,Q1 (fastest),0
GA0000001324500009,2020,other,0,Q1 (fastest),0
GA0000001324500009,2023,other,25.33,Q2,0
GA0000001324500012,2019,other,44,Q2,0
GA0000001324500012,2021,other,0,Q1 (fastest),0
GA0000001324500012,2023,other,0,Q1 (fastest),0
GA0000001324500021,2016,other,0,Q1 (fastest),0
GA0000001324500021,2023,other,0,Q1 (fastest),0
GA0000001324500038,2021,other,0,Q1 (fastest),0
GA0000001324500047,2016,other,0,Q1 (fastest),0
GA0000001324500047,2019,other,0,Q1 (fastest),2
GA0000001324500047,2020,other,55.25,Q2,1
GA0000001324500047,2021,other,0,Q1 (fastest),0
GA0000001324500052,2020,other,0,Q1 (fastest),0
GA0000001324500104,2017,other,0,Q1 (fastest),1
GA0000001324500104,2018,other,0,Q1 (fastest),0
GA0000001324500104,2022,other,18,Q2,1
GA0000001324500104,2023,other,0,Q1 (fastest),0
GA0000001324500109,2023,other,0,Q1 (fastest),0
GA0000001324500134,2023,other,0,Q1 (fastest),0
GA0000001324500138,2017,other,16,Q2,0
GA0000001324500160,2016,other,0,Q1 (fastest),0
GA0000001324500200,2018,other,209,Q3,1
GA0000001324500200,2019,other,55,Q2,0
GA0000001324700033,2017,other,52,Q2,0
GA0000001324700033,2020,other,22,Q2,0
GA0000001324700033,2023,other,79.5,Q2,0
GA0000001324700037,2017,other,53.5,Q2,0
GA0000001324700037,2019,other,42.5,Q2,0
GA0000001324700037,2022,other,37.5,Q2,0
GA0000001324700037,2024,other,102.67,Q3,1
GA0000001325300018,2020,other,0,Q1 (fastest),0
GA0000001325500039,2024,other,0,Q1 (fastest),1
GA0000001325500047,2023,other,9,Q1 (fastest),0
GA0000001325500072,2019,other,0,Q1 (fastest),0
GA0000001325700028,2023,other,0,Q1 (fastest),1
GA0000001325700045,2024,other,56.33,Q2,0
GA0000001325700048,2021,other,0,Q1 (fastest),0
GA0000001325700048,2024,other,0,Q1 (fastest),0
GA0000001326100003,2018,other,0,Q1 (fastest),0
GA0000001326100003,2021,other,0,Q1 (fastest),1
GA0000001326100003,2022,other,0,Q1 (fastest),1
GA0000001326100003,2023,other,0,Q1 (fastest),0
GA0000001326100004,2021,other,0,Q1 (fastest),0
GA0000001326100069,2017,other,0,Q1 (fastest),1
GA0000001326100069,2018,other,0,Q1 (fastest),1
GA0000001326100069,2019,other,0,Q1 (fastest),1
GA0000001326100069,2020,other,82,Q2,0
GA0000001326100069,2023,other,0,Q1 (fastest),0
GA0000001326500001,2022,other,0,Q1 (fastest),0
GA0000001326700010,2018,other,0,Q1 (fastest),0
GA0000001326700010,2023,other,0,Q1 (fastest),0
GA0000001326700011,2018,other,0,Q1 (fastest),0
GA0000001326900014,2016,other,0,Q1 (fastest),0
GA0000001327100022,2018,other,106.5,Q3,0
GA0000001327100022,2021,other,60,Q2,1
GA0000001327100022,2022,other,0,Q1 (fastest),1
GA0000001327100022,2023,other,0,Q1 (fastest),1
GA0000001327100022,2024,other,131.33,Q3,0
GA0000001327100025,2024,other,241.67,Q3,0
GA0000001327500004,2024,other,103.33,Q3,0
GA0000001327500008,2017,other,56,Q2,0
GA0000001327500008,2022,other,24,Q2,0
GA0000001327700012,2017,other,0,Q1 (fastest),0
GA0000001327700012,2023,other,0,Q1 (fastest),0
GA0000001327700059,2019,other,0,Q1 (fastest),1
GA0000001327900030,2017,other,61.5,Q2,0
GA0000001328500009,2023,other,0,Q1 (fastest),0
GA0000001328500016,2022,other,0,Q1 (fastest),0
GA0000001328500016,2024,other,0,Q1 (fastest),1
GA0000001328500070,2017,other,0,Q1 (fastest),0
GA0000001328500082,2024,other,16,Q2,0
GA0000001328500084,2017,other,0,Q1 (fastest),0
GA0000001328500084,2023,other,0,Q1 (fastest),2
GA0000001328500084,2024,other,24,Q2,1
GA0000001328700023,2019,other,0,Q1 (fastest),0
GA0000001328700024,2021,other,0,Q1 (fastest),0
GA0000001328700024,2024,other,0,Q1 (fastest),1
GA0000001329300007,2017,other,101.5,Q3,2
GA0000001329300007,2018,other,0,Q1 (fastest),1
GA0000001329300007,2019,other,0,Q1 (fastest),0
GA0000001329300007,2021,other,54.25,Q2,0
GA0000001329300007,2024,other,0,Q1 (fastest),0
GA0000001329300022,2018,other,0,Q1 (fastest),0
GA0000001329300022,2023,other,0,Q1 (fastest),0
GA0000001329300024,2023,other,0,Q1 (fastest),1
GA0000001329300024,2024,other,0,Q1 (fastest),0
GA0000001329300025,2019,other,30,Q2,0
GA0000001329700036,2019,other,58,Q2,0
GA0000001329700036,2022,other,0,Q1 (fastest),0
GA0000001329700041,2020,electric,0,Q1 (fastest),0
GA0000001329900045,2020,other,0,Q1 (fastest),0
GA0000001329900045,2022,other,0,Q1 (fastest),0
GA0000001329900050,2020,other,0,Q1 (fastest),0
GA0000001329900050,2024,other,5.5,Q1 (fastest),0
GA0000001329900053,2021,other,0,Q1 (fastest),0
GA0000001329900053,2024,other,14,Q1 (fastest),0
GA0000001330100003,2018,other,0,Q1 (fastest),0
GA0000001330100012,2017,other,0,Q1 (fastest),0
GA0000001330100012,2019,other,44.33,Q2,0
GA0000001330100012,2024,other,0,Q1 (fastest),0
GA0000001330100017,2022,other,0,Q1 (fastest),0
GA0000001330300004,2018,other,0,Q1 (fastest),0
GA0000001330300006,2018,other,0,Q1 (fastest),0
GA0000001330300008,2020,other,0,Q1 (fastest),0
GA0000001330300008,2022,other,0,Q1 (fastest),0
GA0000001330300047,2022,other,0,Q1 (fastest),0
GA0000001330300057,2016,other,45,Q2,0
GA0000001330500001,2018,other,0,Q1 (fastest),0
GA0000001330500031,2018,other,0,Q1 (fastest),0
GA0000001330500033,2019,other,0,Q1 (fastest),2
GA0000001330500033,2020,other,0,Q1 (fastest),3
GA0000001330500033,2021,other,22.5,Q2,0
GA0000001331100007,2017,other,42,Q2,0
GA0000001331100018,2024,other,98.67,Q3,0
GA0000001331300059,2018,other,0,Q1 (fastest),0
GA0000001331300097,2024,other,0,Q1 (fastest),0
GA0000001331300116,2020,other,0,Q1 (fastest),0
GA0000001331300116,2022,other,0,Q1 (fastest),0
GA0000001331300126,2021,other,0,Q1 (fastest),1
GA0000001331300126,2022,other,45,Q2,0
GA0000001331700031,2017,other,0,Q1 (fastest),0
GA0000001331900002,2016,other,0,Q1 (fastest),1
GA0000001331900002,2017,other,0,Q1 (fastest),1
GA0000001331900002,2018,other,0,Q1 (fastest),0
GA0000001331900002,2023,other,0,Q1 (fastest),1
GA0000001331900009,2018,other,0,Q1 (fastest),1
GA0000001331900009,2019,other,0,Q1 (fastest),0
GA0000001331900009,2021,other,80.33,Q2,0
GA0000001331900009,2024,other,0,Q1 (fastest),0
GA0000001331900021,2019,other,0,Q1 (fastest),0
GA0000001331900021,2021,other,0,Q1 (fastest),0
GA0000001331900023,2017,other,50,Q2,0
GA0000001331900027,2018,other,27,Q2,1
GA0000001331900027,2019,other,0,Q1 (fastest),0
GA0000001331900029,2018,other,0,Q1 (fastest),0
GA0000001331900029,2021,other,35,Q2,0
GA0000001331900029,2023,other,0,Q1 (fastest),1
IA0000000001901300,2022,electric,0,Q1 (fastest),0
IA0000001900100005,2022,electric,0,Q1 (fastest),1
IA0000001900100005,2023,electric,0,Q1 (fastest),0
IA0000001900300028,2017,other,0,Q1 (fastest),1
IA0000001900300028,2018,other,20,Q2,0
IA0000001900300028,2024,other,0,Q1 (fastest),1
IA0000001900900039,2021,electric,0,Q1 (fastest),1
IA0000001900900039,2022,electric,0,Q1 (fastest),0
IA0000001900900039,2024,electric,0,Q1 (fastest),0
IA0000001901300104,2019,other,0,Q1 (fastest),0
IA0000001901300104,2023,other,0,Q1 (fastest),0
IA0000001901300130,2017,other,918,Q4 (slowest),0
IA0000001901300215,2017,other,199,Q3,0
IA0000001901300230,2024,other,0,Q1 (fastest),0
IA0000001901300279,2019,other,0,Q1 (fastest),0
IA0000001901700030,2023,electric,0,Q1 (fastest),0
IA0000001901900052,2019,other,10,Q1 (fastest),0
IA0000001901900058,2021,other,0,Q1 (fastest),1
IA0000001901900058,2022,other,0,Q1 (fastest),0
IA0000001902100058,2017,other,0,Q1 (fastest),0
IA0000001902100064,2019,other,0,Q1 (fastest),0
IA0000001902300098,2017,other,0,Q1 (fastest),0
IA0000001902300098,2023,other,0,Q1 (fastest),0
IA0000001902300109,2018,other,0,Q1 (fastest),0
IA0000001902300109,2021,other,0,Q1 (fastest),0
IA0000001902300109,2024,other,49.67,Q2,2
IA0000001902300116,2017,other,1826,Q4 (slowest),0
IA0000001902300116,2023,other,0,Q1 (fastest),1
IA0000001902700046,2024,other,0,Q1 (fastest),0
IA0000001902700060,2016,other,0,Q1 (fastest),0
IA0000001902900056,2022,electric,0,Q1 (fastest),1
IA0000001903300035,2017,other,0,Q1 (fastest),0
IA0000001903300035,2019,other,273.25,Q4 (slowest),0
IA0000001903300035,2021,other,0,Q1 (fastest),0
IA0000001903300035,2024,other,0,Q1 (fastest),4
IA0000001903300223,2023,other,50,Q2,0
IA0000001903300240,2016,other,0,Q1 (fastest),1
IA0000001903300240,2017,other,0,Q1 (fastest),2
IA0000001903300240,2018,other,0,Q1 (fastest),1
IA0000001903300240,2019,other,0,Q1 (fastest),0
IA0000001903300240,2021,other,0,Q1 (fastest),0
IA0000001903300240,2023,other,0,Q1 (fastest),1
IA0000001903300240,2024,other,0,Q1 (fastest),1
IA0000001903500086,2016,other,0,Q1 (fastest),0
IA0000001903700020,2023,electric,2,Q1 (fastest),0
IA0000001903700071,2017,other,0,Q1 (fastest),0
IA0000001903700071,2020,other,0,Q1 (fastest),1
IA0000001903900013,2017,other,0,Q1 (fastest),0
IA0000001903900013,2024,other,0,Q1 (fastest),0
IA0000001904300058,2024,electric,8,Q2,0
IA0000001904500030,2016,other,0,Q1 (fastest),0
IA0000001904500030,2021,other,0,Q1 (fastest),0
IA0000001904500030,2023,other,0,Q1 (fastest),1
IA0000001904500030,2024,other,0,Q1 (fastest),5
IA0000001904500203,2023,other,0,Q1 (fastest),0
IA0000001904500228,2023,other,0,Q1 (fastest),0
IA0000001904700011,2018,other,0,Q1 (fastest),1
IA0000001904700011,2019,other,0,Q1 (fastest),0
IA0000001904700011,2021,other,0,Q1 (fastest),1
IA0000001904700011,2022,other,42,Q2,0
IA0000001904900100,2024,other,0,Q1 (fastest),0
IA0000001905500057,2017,other,0,Q1 (fastest),0
IA0000001905700020,2016,other,0,Q1 (fastest),0
IA0000001905700020,2023,other,0,Q1 (fastest),0
IA0000001905700075,2022,other,0,Q1 (fastest),0
IA0000001905700136,2017,other,0,Q1 (fastest),0
IA0000001905700136,2020,other,0,Q1 (fastest),0
IA0000001905700136,2023,other,0,Q1 (fastest),1
IA0000001905700136,2024,other,0,Q1 (fastest),0
IA0000001905900096,2019,other,0,Q1 (fastest),0
IA0000001905900110,2016,other,0,Q1 (fastest),0
IA0000001906100049,2017,other,0,Q1 (fastest),0
IA0000001906100110,2017,other,0,Q1 (fastest),0
IA0000001906100292,2022,other,0,Q1 (fastest),1
IA0000001906100292,2023,other,0,Q1 (fastest),1
IA0000001906100292,2024,other,56,Q2,0
IA0000001906300007,2017,other,0,Q1 (fastest),1
IA0000001906300007,2018,other,0,Q1 (fastest),0
IA0000001906300057,2017,other,0,Q1 (fastest),0
IA0000001906300057,2023,other,0,Q1 (fastest),0
IA0000001906300065,2022,electric,0,Q1 (fastest),0
IA0000001906500039,2019,other,0,Q1 (fastest),0
IA0000001906700041,2017,other,0,Q1 (fastest),0
IA0000001906700093,2017,other,0,Q1 (fastest),0
IA0000001906700093,2022,other,32,Q2,1
IA0000001906700093,2023,other,139.5,Q3,2
IA0000001906700093,2024,other,20,Q2,1
IA0000001906900045,2019,other,478,Q4 (slowest),1
IA0000001907100031,2021,other,0,Q1 (fastest),0
IA0000001907300042,2019,other,0,Q1 (fastest),0
IA0000001907300042,2023,other,0,Q1 (fastest),0
IA0000001907700015,2021,other,0,Q1 (fastest),0
IA0000001907700015,2024,other,0,Q1 (fastest),1
IA0000001907700016,2019,other,0,Q1 (fastest),1
IA0000001907700016,2020,other,0,Q1 (fastest),0
IA0000001907700016,2022,other,0,Q1 (fastest),2
IA0000001907700016,2023,other,0,Q1 (fastest),1
IA0000001907700016,2024,other,0,Q1 (fastest),1
IA0000001907900018,2017,other,0,Q1 (fastest),1
IA0000001907900018,2018,other,79.33,Q2,0
IA0000001907900018,2022,other,0,Q1 (fastest),1
IA0000001907900018,2023,other,0,Q1 (fastest),1
IA0000001907900018,2024,other,40,Q2,1
IA0000001907900026,2017,other,190.5,Q3,0
IA0000001907900059,2018,other,0,Q1 (fastest),0
IA0000001907900059,2021,other,102.33,Q3,0
IA0000001907900059,2024,other,0,Q1 (fastest),2
IA0000001908100017,2018,other,0,Q1 (fastest),0
IA0000001908100017,2022,other,0,Q1 (fastest),0
IA0000001908100017,2024,other,245.5,Q3,2
IA0000001908300035,2024,other,0,Q1 (fastest),0
IA0000001908300045,2024,other,0,Q1 (fastest),1
IA0000001908300124,2016,other,0,Q1 (fastest),0
IA0000001908300124,2018,other,0,Q1 (fastest),0
IA0000001908300124,2021,other,0,Q1 (fastest),2
IA0000001908300124,2022,other,229.33,Q3,2
IA0000001908300124,2023,other,31,Q2,0
IA0000001908300125,2016,other,0,Q1 (fastest),1
IA0000001908300125,2018,other,0,Q1 (fastest),0
IA0000001908300125,2023,other,0,Q1 (fastest),0
IA0000001908300131,2023,other,0,Q1 (fastest),0
IA0000001908900006,2017,other,0,Q1 (fastest),0
IA0000001909100080,2024,other,0,Q1 (fastest),0
IA0000001909300029,2018,other,377.5,Q4 (slowest),2
IA0000001909300029,2019,other,126,Q3,1
IA0000001909300029,2023,other,76.11,Q2,1
IA0000001909300029,2024,other,0,Q1 (fastest),0
IA0000001909300031,2019,other,0,Q1 (fastest),0
IA0000001909300031,2021,other,0,Q1 (fastest),0
IA0000001909900150,2023,other,0,Q1 (fastest),0
IA0000001910100010,2017,other,0,Q1 (fastest),0
IA0000001910100010,2024,other,0,Q1 (fastest),0
IA0000001910300060,2016,electric,0,Q1 (fastest),0
IA0000001910300060,2021,electric,0,Q1 (fastest),0
IA0000001910300060,2024,electric,1,Q1 (fastest),0
IA0000001910300147,2024,other,0,Q1 (fastest),0
IA0000001910500018,2017,electric,0,Q1 (fastest),0
IA0000001910500019,2017,other,0,Q1 (fastest),0
IA0000001910500019,2019,other,0,Q1 (fastest),0
IA0000001910700010,2020,other,0,Q1 (fastest),0
IA0000001910900105,2016,other,0,Q1 (fastest),2
IA0000001910900105,2017,other,0,Q1 (fastest),2
IA0000001910900105,2018,other,0,Q1 (fastest),0
IA0000001910900105,2021,other,0,Q1 (fastest),0
IA0000001910900105,2024,other,313.25,Q4 (slowest),5
IA0000001910900107,2017,other,0,Q1 (fastest),0
IA0000001911100020,2017,other,0,Q1 (fastest),0
IA0000001911100057,2023,other,0,Q1 (fastest),1
IA0000001911100065,2024,other,0,Q1 (fastest),1
IA0000001911100076,2023,other,0,Q1 (fastest),0
IA0000001911100102,2019,other,0,Q1 (fastest),0
IA0000001911100102,2022,other,763.5,Q4 (slowest),0
IA0000001911100105,2023,other,0,Q1 (fastest),0
IA0000001911100171,2023,other,52,Q2,2
IA0000001911100171,2024,other,50,Q2,0
IA0000001911500047,2023,other,0,Q1 (fastest),0
IA0000001911900070,2017,other,0,Q1 (fastest),0
IA0000001911900070,2019,other,0,Q1 (fastest),0
IA0000001912500040,2022,other,0,Q1 (fastest),0
IA0000001912700205,2023,electric,0,Q1 (fastest),0
IA0000001913100042,2022,other,0,Q1 (fastest),0
IA0000001913500033,2023,other,0,Q1 (fastest),0
IA0000001913500037,2023,other,0,Q1 (fastest),0
IA0000001913700068,2023,electric,0,Q1 (fastest),0
IA0000001913900025,2016,other,0,Q1 (fastest),2
IA0000001913900025,2017,other,0,Q1 (fastest),4
IA0000001913900025,2018,other,0,Q1 (fastest),3
IA0000001913900025,2019,other,110,Q3,3
IA0000001913900025,2020,other,33.25,Q2,4
IA0000001913900025,2021,other,0,Q1 (fastest),1
IA0000001913900025,2022,other,0,Q1 (fastest),2
IA0000001913900025,2023,other,0,Q1 (fastest),1
IA0000001913900025,2024,other,0,Q1 (fastest),5
IA0000001913900036,2024,other,0,Q1 (fastest),0
IA0000001913900045,2020,other,0,Q1 (fastest),0
IA0000001913900045,2024,other,7,Q1 (fastest),0
IA0000001913900055,2023,electric,0,Q1 (fastest),1
IA0000001913900055,2024,electric,0,Q1 (fastest),0
IA0000001914100010,2022,other,0,Q1 (fastest),0
IA0000001914300028,2017,other,0,Q1 (fastest),1
IA0000001914300028,2024,other,56,Q2,1
IA0000001914500038,2017,other,0,Q1 (fastest),0
IA0000001914500038,2022,other,0,Q1 (fastest),1
IA0000001914700064,2017,other,0,Q1 (fastest),1
IA0000001914700064,2018,other,0,Q1 (fastest),0
IA0000001914700064,2024,other,0,Q1 (fastest),3
IA0000001914900036,2019,other,0,Q1 (fastest),0
IA0000001914900044,2021,other,0,Q1 (fastest),1
IA0000001914900044,2023,other,0,Q1 (fastest),1
IA0000001914900044,2024,other,0,Q1 (fastest),0
IA0000001915100044,2023,electric,0,Q1 (fastest),0
IA0000001915100048,2017,other,13,Q1 (fastest),0
IA0000001915500005,2017,other,0,Q1 (fastest),0
IA0000001915500317,2021,other,0,Q1 (fastest),0
IA0000001915500340,2016,other,0,Q1 (fastest),1
IA0000001915500340,2017,other,0,Q1 (fastest),0
IA0000001915500340,2021,other,0,Q1 (fastest),1
IA0000001915500340,2022,other,90,Q2,1
IA0000001915500340,2023,other,0,Q1 (fastest),0
IA0000001915500341,2020,other,0,Q1 (fastest),0
IA0000001915500349,2019,other,0,Q1 (fastest),0
IA0000001915500349,2024,other,0,Q1 (fastest),0
IA0000001916100090,2016,other,0,Q1 (fastest),0
IA0000001916100090,2024,other,28,Q2,1
IA0000001916300010,2023,other,0,Q1 (fastest),0
IA0000001916300125,2018,other,65,Q2,0
IA0000001916300125,2023,other,0,Q1 (fastest),0
IA0000001916300190,2019,other,0,Q1 (fastest),0
IA0000001916300190,2022,other,0,Q1 (fastest),4
IA0000001916300190,2023,other,0,Q1 (fastest),0
IA0000001916300210,2020,other,0,Q1 (fastest),1
IA0000001916300210,2021,other,0,Q1 (fastest),0
IA0000001916300394,2018,other,0,Q1 (fastest),0
IA0000001916900015,2016,electric,0,Q1 (fastest),0
IA0000001916900015,2021,electric,0,Q1 (fastest),0
IA0000001916900080,2023,other,0,Q1 (fastest),0
IA0000001916900153,2016,other,0,Q1 (fastest),2
IA0000001916900153,2017,other,2,Q1 (fastest),0
IA0000001916900153,2019,other,0,Q1 (fastest),1
IA0000001916900153,2020,other,0,Q1 (fastest),0
IA0000001916900153,2023,other,0,Q1 (fastest),1
IA0000001916900153,2024,other,0,Q1 (fastest),0
IA0000001916900155,2021,other,0,Q1 (fastest),1
IA0000001916900155,2022,other,1,Q1 (fastest),1
IA0000001916900155,2023,other,0,Q1 (fastest),0
IA0000001917900021,2020,other,0,Q1 (fastest),0
IA0000001917900021,2024,other,0,Q1 (fastest),0
IA0000001917900066,2023,other,0,Q1 (fastest),0
IA0000001918100015,2022,electric,0,Q1 (fastest),0
IA0000001918100015,2024,electric,0,Q1 (fastest),1
IA0000001918700015,2016,other,0,Q1 (fastest),0
IA0000001918700015,2018,other,14,Q1 (fastest),0
IA0000001918700060,2024,other,0,Q1 (fastest),0
IA0000001918700100,2019,other,120.5,Q3,0
IA0000001918700100,2021,other,298,Q4 (slowest),1
IA0000001918700100,2024,other,0,Q1 (fastest),0
IA0000001918700110,2017,other,0,Q1 (fastest),0
IA0000001918700110,2022,other,0,Q1 (fastest),0
IA0000001918700155,2017,other,0,Q1 (fastest),0
IA0000001918700155,2022,other,9,Q1 (fastest),0
IA0000001918700155,2024,other,31,Q2,0
IA0000001918700192,2017,other,0,Q1 (fastest),0
IA0000001918700192,2021,other,0,Q1 (fastest),0
IA0000001918700192,2023,other,0,Q1 (fastest),1
IA0000001918700192,2024,other,0,Q1 (fastest),3
IA0000001918700193,2019,other,0,Q1 (fastest),0
IA0000001918700198,2016,other,0,Q1 (fastest),0
IA0000001918700198,2024,other,0,Q1 (fastest),1
IA0000001918900054,2023,other,38,Q2,1
IA0000001918900054,2024,other,33,Q2,1
IA0000001918900055,2022,other,0,Q1 (fastest),1
IA0000001918900055,2023,other,146,Q3,1
IA0000001918900055,2024,other,40,Q2,1
IA0000001919300090,2023,other,508.75,Q4 (slowest),2
IA0000001919300090,2024,other,326,Q4 (slowest),2
IA0000001919300148,2024,other,0,Q1 (fastest),0
IA0000001919300460,2019,other,0,Q1 (fastest),1
IA0000001919300460,2020,other,0,Q1 (fastest),0
IA0000001919300460,2023,other,0,Q1 (fastest),1
IA0000001919300460,2024,other,0,Q1 (fastest),2
IA0000001919300666,2023,other,0,Q1 (fastest),3
IA0000001919500016,2017,other,1880,Q4 (slowest),0
IA0000001919500039,2018,other,0,Q1 (fastest),0
IA0000001919500039,2024,other,15,Q2,1
IA0000001919500041,2019,other,0,Q1 (fastest),0
IA0000001919500041,2023,other,0,Q1 (fastest),0
IA0000001919500045,2017,other,0,Q1 (fastest),1
IA0000001919500045,2021,other,0,Q1 (fastest),1
IA0000001919500045,2022,other,0,Q1 (fastest),0
IA0000001919700005,2019,other,0,Q1 (fastest),0
IA0000001919700005,2021,other,0,Q1 (fastest),0
IA0000001919700005,2023,other,0,Q1 (fastest),0
IA0000001919700077,2018,other,0,Q1 (fastest),0
IA0000001919700077,2023,other,0,Q1 (fastest),0
IA0001407002,2020,other,0,Q1 (fastest),0
IA0001501042,2019,other,0,Q1 (fastest),0
IA0001501042,2021,other,0,Q1 (fastest),2
IA0001501042,2022,other,0,Q1 (fastest),3
IA0001501042,2023,other,2.5,Q1 (fastest),4
IA0001501042,2024,other,0,Q1 (fastest),2
IA0001900006402005,2024,other,0,Q1 (fastest),1
IA0009000001204012,2024,other,284.5,Q4 (slowest),1
IA0009901019,2020,other,0,Q1 (fastest),0
IALIN0001911300015,2023,other,0,Q1 (fastest),0
IALIN0001911300020,2017,other,0,Q1 (fastest),0
IALIN0001911300062,2017,other,0,Q1 (fastest),1
IALIN0001911300062,2018,other,0,Q1 (fastest),0
IALIN0001911300152,2020,other,0,Q1 (fastest),0
IALIN0001911301108,2017,other,1882,Q4 (slowest),1
IALIN0001911301108,2018,other,0,Q1 (fastest),0
IALIN0001911301108,2020,other,10,Q1 (fastest),0
IALIN0001911301179,2024,other,1,Q1 (fastest),0
IALIN0001911301386,2022,other,0,Q1 (fastest),0
IAPLK0001915300050,2021,other,0,Q1 (fastest),0
IAPLK0001915300414,2022,other,0,Q1 (fastest),0
IAPLK0001915302086,2023,other,0,Q1 (fastest),0
ID0000001600100026,2018,other,466,Q4 (slowest),0
ID0000001600300001,2024,other,0,Q1 (fastest),1
ID0000001600900030,2018,other,110.5,Q3,0
ID0000001601100012,2020,other,156.5,Q3,0
ID0000001601100012,2023,other,124.5,Q3,0
ID0000001601100013,2017,other,156,Q3,0
ID0000001601100020,2019,other,122,Q3,0
ID0000001601700027,2016,other,57,Q2,0
ID0000001602100001,2016,other,144,Q3,0
ID0000001602700131,2021,other,167.5,Q3,0
ID0000001602900001,2019,other,285,Q4 (slowest),0
ID0000001602900001,2022,other,26.5,Q2,1
ID0000001602900001,2023,other,113,Q3,0
ID0000001602900003,2021,other,202.33,Q3,0
ID0000001602900003,2023,other,0,Q1 (fastest),0
ID0000001603100014,2019,other,39,Q2,0
ID0000001603100014,2021,other,187.5,Q3,0
ID0000001604700008,2022,other,170,Q3,0
ID0000001604900003,2022,other,0,Q1 (fastest),0
ID0000001606700001,2016,other,9,Q1 (fastest),0
ID0000001607700006,2024,other,45,Q2,0
ID0000001607700017,2023,other,18,Q2,0
ID0000001608300001,2018,other,226.5,Q3,0
ID0000001677700207,2021,other,231.5,Q3,0
ID0000001677700207,2024,other,95,Q3,0
ID0000001677700322,2021,other,161,Q3,0
IL000001815AAB,2021,other,173.5,Q3,0
IL000001815AAB,2023,other,118.33,Q3,0
IL000001815AAF,2019,other,96.5,Q3,0
IL000001815AAF,2024,other,89,Q2,0
IL000001815AAS,2016,other,131.5,Q3,0
IL000001815ABJ,2024,other,66,Q2,1
IL000003005AAI,2022,other,132.5,Q3,0
IL000007005AAF,2022,other,90.5,Q2,0
IL000011085ABG,2024,other,300.5,Q4 (slowest),0
IL000015808AAD,2024,other,53,Q2,0
IL000019813AAA,2017,other,3,Q1 (fastest),0
IL000019813AAA,2021,other,84.5,Q2,0
IL000019822AAB,2018,other,267,Q4 (slowest),0
IL000025010ABE,2023,other,67.5,Q2,1
IL000025010ABE,2024,other,74,Q2,0
IL000029010AAP,2024,other,53,Q2,0
IL000029806AAD,2019,other,653.5,Q4 (slowest),0
IL000031003ABA,2023,other,132,Q3,0
IL000031006AAC,2022,other,74,Q2,0
IL000031009AAS,2016,other,258.5,Q4 (slowest),0
IL000031012AAO,2021,other,485.67,Q4 (slowest),1
IL000031012AAO,2022,other,23,Q2,0
IL000031012ABI,2022,other,45,Q2,0
IL000031012AEA,2023,other,144.5,Q3,1
IL000031012AEA,2024,other,101.5,Q3,0
IL000031015AAC,2023,other,144,Q3,0
IL000031030AAG,2024,other,59.5,Q2,0
IL000031039AAA,2021,other,80.33,Q2,0
IL000031039AAA,2023,other,72,Q2,0
IL000031045AAJ,2019,other,1022.5,Q4 (slowest),1
IL000031045AAJ,2020,other,793,Q4 (slowest),1
IL000031045AAJ,2021,other,641,Q4 (slowest),0
IL000031045AAJ,2023,other,236,Q3,0
IL000031045AAK,2024,other,114.5,Q3,0
IL000031045ABS,2024,other,62.5,Q2,0
IL000031045ANE,2020,other,92.5,Q3,2
IL000031045ANE,2021,other,22.5,Q2,1
IL000031045ANE,2022,other,39,Q2,0
IL000031069AAI,2023,other,177.5,Q3,0
IL000031069ABW,2021,other,150,Q3,0
IL000031102ABW,2017,other,86.5,Q2,0
IL000031123ABP,2022,other,135.5,Q3,0
IL000031159AAQ,2017,other,83,Q2,0
IL000031159AAQ,2024,other,59,Q2,0
IL000031165ABL,2017,other,44,Q2,1
IL000031165ABL,2018,other,162,Q3,0
IL000031174AAM,2024,other,23,Q2,0
IL000031186AHL,2017,other,100.5,Q3,0
IL000031207AED,2024,other,29.5,Q2,0
IL000031228AAD,2022,other,231,Q3,0
IL000031285AEC,2024,other,119,Q3,0
IL000031288ABA,2017,other,88,Q2,0
IL000031288ABA,2019,other,131,Q3,0
IL000031288ABA,2021,other,61.5,Q2,0
IL000031300AAJ,2020,other,88,Q2,2
IL000031300AAJ,2021,other,57.5,Q2,0
IL000031300AAJ,2023,other,71,Q2,1
IL000031300AAL,2021,other,132,Q3,0
IL000031300AAL,2024,other,150,Q3,0
IL000031438ABC,2019,electric,147,Q3,0
IL000031440AAZ,2023,other,85,Q2,0
IL000031440AUK,2022,other,104.5,Q3,0
IL000031600AAR,2021,other,137,Q3,0
IL000031600AAR,2024,other,73.5,Q2,0
IL000031600ACL,2016,other,132,Q3,0
IL000031600ACL,2019,other,63,Q2,0
IL000031600AFV,2021,other,79,Q2,1
IL000031600AFV,2022,other,174,Q3,0
IL000031600AFV,2024,other,161.5,Q3,0
IL000031600AHP,2018,other,37.5,Q2,1
IL000031600AHP,2019,other,56,Q2,0
IL000031600AHP,2021,other,74.75,Q2,0
IL000031600AMI,2024,electric,102.5,Q3,0
IL000031600AXT,2020,other,15,Q2,0
IL000031600AXT,2022,other,58.5,Q2,0
IL000031600AXT,2024,other,7,Q1 (fastest),0
IL000031600BGU,2024,other,77,Q2,0
IL000031600BIY,2020,other,75.75,Q2,0
IL000031600BPK,2018,other,71.5,Q2,0
IL000031600BPK,2023,other,40,Q2,2
IL000031600BPK,2024,other,7.5,Q1 (fastest),0
IL000031600CBW,2019,other,115.5,Q3,1
IL000031600CBW,2020,other,67,Q2,0
IL000031600EEF,2021,other,71.5,Q2,0
IL000031600FDI,2021,other,92,Q3,0
IL000031600FMR,2019,other,83.5,Q2,0
IL000031600FMR,2021,other,97,Q3,0
IL000031600FMR,2023,other,67.5,Q2,0
IL000031600FYB,2017,other,13,Q1 (fastest),0
IL000031600GKE,2021,electric,106,Q3,0
IL000031600GRZ,2024,other,7,Q1 (fastest),1
IL000031600GUC,2019,other,85,Q2,0
IL000031600GUC,2021,other,110.5,Q3,1
IL000031600GUC,2022,other,689.5,Q4 (slowest),0
IL000031804AAK,2017,other,86.5,Q2,0
IL000031804AAM,2021,other,48,Q2,0
IL000031811AAA,2017,other,100.5,Q3,0
IL000031817AAB,2023,other,221.5,Q3,0
IL000031818AAC,2017,other,140,Q3,0
IL000033025ABG,2024,other,57,Q2,1
IL000033808AAB,2023,other,174.5,Q3,0
IL000033899AAA,2017,other,76,Q2,0
IL000033899AAA,2022,other,84,Q2,0
IL000037060AAA,2020,other,106,Q3,0
IL000039005ABC,2021,other,62,Q2,0
IL000039015AAL,2020,electric,387,Q4 (slowest),0
IL000039808AAC,2024,other,145.5,Q3,0
IL000041801AAB,2020,other,93.5,Q3,0
IL000041804AAB,2018,other,26,Q2,2
IL000041804AAB,2019,other,68.75,Q2,0
IL000041808AAH,2023,other,129.5,Q3,0
IL000043020ABB,2021,other,44,Q2,0
IL000043030AKW,2021,other,33,Q2,1
IL000043065AAG,2020,other,77,Q2,0
IL000043065AAG,2023,other,107.5,Q3,0
IL000043090ABX,2020,other,103.5,Q3,0
IL000043090ABX,2024,other,140.5,Q3,0
IL000043467AAT,2021,other,107,Q3,0
IL000043802AAA,2024,other,117,Q3,0
IL000043803AAD,2018,other,76.5,Q2,1
IL000043803AAD,2019,other,225.5,Q3,0
IL000045030ABG,2024,other,98.5,Q3,0
IL000045030ACD,2020,other,52,Q2,0
IL000045803AAA,2023,other,137.5,Q3,0
IL000047005AAA,2019,other,73.5,Q2,0
IL000047005AAA,2024,other,49,Q2,0
IL000053010AAW,2017,other,96,Q3,0
IL000053010AAW,2020,other,59,Q2,0
IL000055070AAU,2017,other,80,Q2,0
IL000055070AAU,2020,other,495.5,Q4 (slowest),0
IL000055070AAU,2023,other,86,Q2,0
IL000063800AAC,2017,other,231.5,Q3,1
IL000063800AAC,2018,other,44,Q2,3
IL000063800AAC,2019,other,28,Q2,0
IL000063800AAC,2024,other,40,Q2,1
IL000063800AAM,2018,other,79.5,Q2,0
IL000063800AAM,2023,other,152.5,Q3,2
IL000063800AAM,2024,other,123,Q3,0
IL000063813AAF,2024,other,84,Q2,0
IL000073050AAA,2017,electric,305,Q4 (slowest),0
IL000073075AAC,2024,other,25,Q2,0
IL000073802AAD,2023,other,63.5,Q2,0
IL000073813AAG,2024,other,177.5,Q3,0
IL000075810AAB,2024,other,55.5,Q2,1
IL000077015ABX,2021,other,79.5,Q2,0
IL000081803AAB,2017,other,400.5,Q4 (slowest),0
IL000085809AAA,2019,other,95.5,Q3,0
IL000089020AAF,2020,other,126.5,Q3,0
IL000089060AAR,2021,other,58,Q2,0
IL000091020AAW,2016,other,126.5,Q3,0
IL000091020AAW,2021,other,46.5,Q2,0
IL000091040AAD,2020,other,69.5,Q2,0
IL000091801AAB,2023,other,158.5,Q3,0
IL000091804AAB,2018,other,100,Q3,0
IL000091804AAB,2020,other,641.5,Q4 (slowest),0
IL000091804AAB,2023,other,257,Q4 (slowest),0
IL000091804AAS,2019,other,86,Q2,0
IL000091816AAE,2024,other,49,Q2,1
IL000093808AAD,2023,electric,156,Q3,0
IL000097080AAC,2024,other,88,Q2,0
IL000097085ABB,2019,other,52.5,Q2,0
IL000097115ABC,2022,other,89,Q2,0
IL000097125ABI,2017,other,146.5,Q3,0
IL000097125ABI,2020,other,82,Q2,0
IL000097190AAC,2019,electric,527,Q4 (slowest),0
IL000097190AAE,2024,other,62,Q2,0
IL000097200AAV,2024,other,123.5,Q3,1
IL000097200ABC,2017,electric,76,Q2,0
IL000099030AAB,2019,other,61,Q2,1
IL000099030AAB,2020,other,30,Q2,0
IL000099030AAZ,2019,other,54.5,Q2,0
IL000099055ABA,2024,other,80,Q2,0
IL000099085AAC,2020,other,101.5,Q3,0
IL000099085AAC,2022,other,93,Q3,1
IL000099085AAC,2023,other,19,Q2,2
IL000099085AAC,2024,other,179,Q3,0
IL000099085ABS,2020,other,89.5,Q2,0
IL000099120AAH,2019,other,107.5,Q3,0
IL000099120AAH,2021,other,93,Q3,0
IL000099120AAH,2024,other,193.5,Q3,0
IL000099490AAD,2019,other,76,Q2,0
IL000099825AAA,2018,other,97.5,Q3,0
IL000099825AAG,2023,other,177.5,Q3,1
IL000099825AAG,2024,other,115,Q3,0
IL000099825AAH,2020,other,122.5,Q3,0
IL000099827AAA,2020,other,45.25,Q2,0
IL000099827AAA,2022,other,93.5,Q3,0
IL000099829AAA,2021,other,97.5,Q3,0
IL000099833AAB,2022,other,102.5,Q3,0
IL000105060AAI,2024,other,47,Q2,0
IL000111040AAD,2022,other,1,Q1 (fastest),1
IL000111080AAD,2024,other,66.5,Q2,0
IL000111095ABI,2023,other,169,Q3,0
IL000111801ABL,2024,other,66.5,Q2,0
IL000113804AAR,2020,other,59.5,Q2,0
IL000113804AAR,2022,other,90,Q2,0
IL000113825AAG,2023,other,109,Q3,0
IL000115015AAE,2019,other,126,Q3,0
IL000115015AAE,2021,other,79.5,Q2,0
IL000115015AAE,2023,other,100.33,Q3,1
IL000115015AAT,2019,other,161.5,Q3,0
IL000115015ABX,2017,other,84.5,Q2,0
IL000115015ABX,2020,other,99,Q3,1
IL000115015ABX,2021,other,573,Q4 (slowest),0
IL000115015ABX,2023,other,469,Q4 (slowest),0
IL000115810AAA,2017,other,200,Q3,0
IL000115810AAA,2022,other,90,Q2,1
IL000115810AAA,2023,other,41,Q2,0
IL000119010AAE,2020,other,38,Q2,0
IL000119010AAE,2022,other,113,Q3,0
IL000119020ABG,2023,other,119,Q3,0
IL000119040ATN,2016,other,160.5,Q3,0
IL000119040ATN,2022,other,149.5,Q3,0
IL000119090AAA,2022,other,139.5,Q3,0
IL000119090AAF,2020,other,144.5,Q3,0
IL000119115AAY,2021,other,89.5,Q2,1
IL000119115AAY,2022,other,133.5,Q3,0
IL000119465AAG,2019,other,36,Q2,1
IL000119465AAG,2022,other,88.2,Q2,1
IL000119465AAG,2023,other,87,Q2,0
IL000119801AAA,2023,other,116,Q3,0
IL000119813AAI,2015,other,12,Q1 (fastest),0
IL000119813AAI,2017,other,103.5,Q3,0
IL000119813AAI,2023,other,90,Q2,0
IL000121045AAF,2019,other,80.5,Q2,1
IL000121045AAF,2020,other,88.5,Q2,1
IL000121045AAF,2021,other,96,Q3,0
IL000121045AAF,2023,other,74,Q2,0
IL000121422ABP,2021,other,418,Q4 (slowest),0
IL000121813AAA,2017,other,118,Q3,0
IL000123803AAJ,2017,other,91,Q2,0
IL000123803AAJ,2020,other,73.5,Q2,0
IL000123803AAJ,2023,other,35,Q2,0
IL000127854AAD,2017,other,37,Q2,0
IL000127855AAA,2022,other,124,Q3,0
IL000135815AAE,2023,other,192.5,Q3,0
IL000137867AAA,2019,other,52.5,Q2,0
IL000139030AAE,2020,electric,220,Q4 (slowest),0
IL000139404AAH,2020,other,66.5,Q2,0
IL000141017AAC,2019,other,85.5,Q2,0
IL000141017AAC,2024,other,94,Q3,0
IL000141050ABP,2016,other,73.5,Q2,0
IL000141050ABP,2019,other,82,Q2,0
IL000141050ABP,2021,other,709,Q4 (slowest),1
IL000141050ABP,2022,other,63,Q2,1
IL000141050ABP,2023,other,161,Q3,0
IL000141050ABU,2017,electric,112.5,Q3,0
IL000141050ABU,2020,electric,641.5,Q4 (slowest),0
IL000143065AJE,2017,other,83,Q2,1
IL000143065AJE,2018,other,86.5,Q2,1
IL000143065AJE,2019,other,98.5,Q3,1
IL000143065AJE,2020,other,100,Q3,2
IL000143065AJE,2021,other,56.25,Q2,0
IL000143065AJE,2024,other,57.5,Q2,0
IL000143805AAA,2018,other,77,Q2,0
IL000143805AAA,2022,other,147.5,Q3,0
IL000145010AAT,2019,other,81,Q2,0
IL000145842AAA,2021,electric,121,Q3,0
IL000147035AAH,2021,other,36,Q2,1
IL000147035AAH,2022,other,57.5,Q2,1
IL000147035AAH,2023,other,67,Q2,0
IL000149820AAB,2019,other,86.5,Q2,0
IL000153855AAA,2023,other,109.5,Q3,0
IL000155010AAJ,2017,other,37.5,Q2,0
IL000155010AAJ,2019,other,82.75,Q2,1
IL000155010AAJ,2020,other,48.5,Q2,1
IL000155010AAJ,2021,other,78,Q2,0
IL000155010AAJ,2023,other,166,Q3,0
IL000161040ABE,2022,other,2,Q1 (fastest),0
IL000161045AAK,2020,other,780.5,Q4 (slowest),0
IL000161807AAA,2022,other,112.5,Q3,1
IL000161807AAA,2023,other,81,Q2,0
IL000161807AAN,2022,electric,76.5,Q2,0
IL000161815AAE,2023,other,140,Q3,0
IL000161817AAA,2020,other,30.5,Q2,2
IL000161817AAA,2021,other,70,Q2,0
IL000161817AAA,2024,other,147.5,Q3,0
IL000163020AAB,2019,other,103.5,Q3,0
IL000163050AAD,2023,other,66.5,Q2,0
IL000163085AAH,2023,other,25.5,Q2,1
IL000163121AAB,2021,other,97,Q3,1
IL000163121AAB,2022,other,145,Q3,1
IL000163121AAB,2023,other,87,Q2,2
IL000163121AAB,2024,other,30,Q2,1
IL000163121AAM,2023,other,121,Q3,0
IL000163121AAU,2021,other,32.5,Q2,0
IL000163121AAV,2018,other,38.5,Q2,0
IL000163121AAY,2019,other,54.5,Q2,0
IL000163121AAY,2021,other,61.5,Q2,0
IL000165015AAA,2021,other,39.5,Q2,0
IL000167120AAO,2021,electric,6,Q1 (fastest),0
IL000167801AAA,2023,other,146,Q3,0
IL000171005AAA,2020,other,76.5,Q2,0
IL000171851AAA,2018,electric,114.5,Q3,0
IL000177801AAD,2023,other,111.5,Q3,0
IL000179020AAB,2024,other,201,Q3,0
IL000179060AAD,2018,other,124.5,Q3,1
IL000179060AAD,2019,other,126.5,Q3,1
IL000179060AAD,2020,other,125.67,Q3,1
IL000179060AAD,2021,other,71,Q2,0
IL000179060AAD,2023,other,90,Q2,0
IL000179060ACR,2018,other,97,Q3,1
IL000179060ACR,2019,other,86,Q2,0
IL000179060ACR,2021,other,205,Q3,0
IL000179473AEG,2023,other,64,Q2,1
IL000183020ABT,2022,other,86.5,Q2,0
IL000183020AHH,2021,other,40.5,Q2,0
IL000183804AAL,2017,other,52,Q2,0
IL000183804AAL,2021,other,80,Q2,0
IL000183804AAL,2023,other,90,Q2,0
IL000183814AAC,2023,other,150,Q3,0
IL000189808AAB,2021,electric,112.5,Q3,0
IL000189808AAB,2023,electric,86,Q2,0
IL000191801AAE,2022,other,81.5,Q2,0
IL000191803AAA,2023,other,159.5,Q3,0
IL000193807AAD,2023,other,120,Q3,0
IL000195819AAC,2021,other,53,Q2,0
IL000197030AAO,2021,electric,60.5,Q2,0
IL000197035ABD,2022,electric,85.5,Q2,0
IL000197035ABD,2024,electric,123,Q3,0
IL000197045ABO,2023,other,89,Q2,0
IL000197090AAI,2019,other,67.5,Q2,0
IL000197415AAH,2020,other,62,Q2,0
IL000197445AAY,2021,other,111,Q3,0
IL000197800AAA,2017,other,102,Q3,0
IL000197800AAD,2024,other,96.5,Q3,0
IL000197800AAE,2017,other,95.5,Q3,1
IL000197800AAE,2018,other,100,Q3,0
IL000197800AAE,2020,other,654.67,Q4 (slowest),0
IL000197800AAE,2022,other,103.25,Q3,2
IL000197800AAE,2023,other,119,Q3,0
IL000197800AAM,2019,other,86.5,Q2,1
IL000197800AAM,2020,other,89,Q2,0
IL000197800AAR,2021,other,77.5,Q2,0
IL000197800AAR,2024,other,139.5,Q3,0
IL000197800AAU,2017,other,137,Q3,0
IL000197800AAU,2019,other,76.5,Q2,1
IL000197800AAU,2020,other,87.5,Q2,0
IL000197800AAU,2022,other,128,Q3,0
IL000197800ABU,2018,other,86,Q2,0
IL000197800ABZ,2016,other,112.5,Q3,0
IL000197800ABZ,2019,other,96.33,Q3,1
IL000197800ABZ,2020,other,370,Q4 (slowest),2
IL000197800ABZ,2021,other,102.5,Q3,2
IL000197800ABZ,2022,other,163.75,Q3,1
IL000197800ABZ,2023,other,146.5,Q3,0
IL000197811AAA,2023,other,106.5,Q3,1
IL000197811AAA,2024,other,130,Q3,0
IL000197899AAC,2018,electric,111.5,Q3,0
IL000199055ACH,2020,other,80.5,Q2,0
IL000199856AAC,2022,electric,94.5,Q3,0
IL000201030DAP,2024,other,116.5,Q3,0
IL000201801AAF,2019,other,27.5,Q2,0
IL000201801AAF,2022,other,26,Q2,0
IL000201808ACJ,2021,other,85.5,Q2,0
IN0000001800100005,2022,other,342.5,Q4 (slowest),1
IN0000001800100005,2023,other,346.5,Q4 (slowest),2
IN0000001800100025,2021,other,82.5,Q2,0
IN0000001800100031,2021,other,283.5,Q4 (slowest),0
IN0000001800100032,2018,other,145,Q3,2
IN0000001800100032,2019,other,624.5,Q4 (slowest),0
IN0000001800100032,2021,other,601.5,Q4 (slowest),0
IN0000001800100058,2022,other,64,Q2,0
IN0000001800100068,2020,other,51.5,Q2,1
IN0000001800300013,2016,other,438.5,Q4 (slowest),0
IN0000001800300013,2021,other,617,Q4 (slowest),0
IN0000001800300025,2023,other,511.5,Q4 (slowest),0
IN0000001800300036,2018,other,988.5,Q4 (slowest),1
IN0000001800300196,2020,other,256,Q4 (slowest),0
IN0000001800300217,2017,other,362,Q4 (slowest),0
IN0000001800300225,2023,other,327.5,Q4 (slowest),0
IN0000001800300251,2018,other,503.5,Q4 (slowest),0
IN0000001800300268,2017,other,1,Q1 (fastest),0
IN0000001800300286,2016,other,561,Q4 (slowest),0
IN0000001800300341,2018,other,1079,Q4 (slowest),0
IN0000001800300360,2021,other,223.5,Q3,1
IN0000001800300384,2020,other,1161,Q4 (slowest),0
IN0000001800300411,2023,other,177.5,Q3,0
IN0000001800300426,2019,other,7,Q1 (fastest),0
IN0000001800300426,2020,other,403,Q4 (slowest),1
IN0000001800300426,2021,other,591.5,Q4 (slowest),0
IN0000001800300460,2023,other,6,Q1 (fastest),0
IN0000001800500042,2020,other,74,Q2,0
IN0000001800500043,2020,other,911.5,Q4 (slowest),1
IN0000001800500043,2021,other,1063.5,Q4 (slowest),0
IN0000001800500047,2022,other,68.5,Q2,0
IN0000001800500063,2023,other,967,Q4 (slowest),0
IN0000001800500080,2021,other,687,Q4 (slowest),3
IN0000001800500080,2023,other,493,Q4 (slowest),0
IN0000001800500087,2017,other,640,Q4 (slowest),0
IN0000001800500104,2020,other,622.5,Q4 (slowest),0
IN0000001800900002,2023,other,1095,Q4 (slowest),0
IN0000001800900016,2020,other,161.5,Q3,0
IN0000001800900021,2021,other,1096,Q4 (slowest),0
IN0000001801100056,2019,other,294.5,Q4 (slowest),0
IN0000001801100081,2024,other,317.5,Q4 (slowest),0
IN0000001801500026,2022,other,545,Q4 (slowest),1
IN0000001801700005,2016,other,315,Q4 (slowest),1
IN0000001801700005,2017,other,197.5,Q3,2
IN0000001801700005,2020,other,759.5,Q4 (slowest),2
IN0000001801700022,2020,other,947,Q4 (slowest),0
IN0000001801700023,2019,other,670,Q4 (slowest),0
IN0000001801700027,2018,other,163,Q3,0
IN0000001801700034,2022,other,743.5,Q4 (slowest),0
IN0000001801700056,2021,other,270,Q4 (slowest),1
IN0000001801700056,2022,other,1060,Q4 (slowest),2
IN0000001801700056,2023,other,44.5,Q2,0
IN0000001801900001,2018,other,987.5,Q4 (slowest),1
IN0000001801900001,2020,other,213.5,Q3,0
IN0000001801900007,2023,other,165,Q3,0
IN0000001801900008,2016,other,541.5,Q4 (slowest),2
IN0000001801900008,2017,other,919.67,Q4 (slowest),2
IN0000001801900008,2018,other,801,Q4 (slowest),3
IN0000001801900008,2019,other,366.5,Q4 (slowest),1
IN0000001801900008,2022,other,810.5,Q4 (slowest),3
IN0000001801900008,2023,other,568.5,Q4 (slowest),0
IN0000001801900015,2020,other,42.5,Q2,0
IN0000001801900043,2018,other,94,Q3,1
IN0000001801900043,2019,other,475,Q4 (slowest),0
IN0000001801900046,2020,other,222.5,Q3,0
IN0000001801900075,2021,other,100.5,Q3,0
IN0000001801900079,2018,other,551.5,Q4 (slowest),2
IN0000001801900079,2019,other,379.25,Q4 (slowest),0
IN0000001801900091,2021,other,22.5,Q2,0
IN0000001801900097,2016,other,98,Q3,0
IN0000001801900097,2018,other,314,Q4 (slowest),0
IN0000001801900109,2019,other,73,Q2,0
IN0000001801900132,2018,other,53,Q2,0
IN0000001801900132,2021,other,323,Q4 (slowest),0
IN0000001801900145,2019,other,415.5,Q4 (slowest),0
IN0000001801900148,2020,other,65,Q2,0
IN0000001801900151,2018,other,295,Q4 (slowest),0
IN0000001801900151,2021,other,619,Q4 (slowest),0
IN0000001801900155,2019,other,940.25,Q4 (slowest),0
IN0000001801900166,2020,other,691,Q4 (slowest),1
IN0000001801900166,2024,other,65.5,Q2,0
IN0000001801900167,2024,other,180.5,Q3,2
IN0000001801903321,2024,other,14,Q1 (fastest),0
IN0000001801905282,2021,other,77.5,Q2,0
IN0000001801905282,2024,other,159,Q3,0
IN0000001802100061,2017,other,181,Q3,0
IN0000001802100062,2017,other,1027,Q4 (slowest),0
IN0000001802100062,2019,other,157,Q3,0
IN0000001802300011,2021,other,910.5,Q4 (slowest),4
IN0000001802300011,2022,other,393.75,Q4 (slowest),1
IN0000001802300020,2024,other,747,Q4 (slowest),0
IN0000001802300024,2020,other,106,Q3,1
IN0000001802300024,2022,other,1090.5,Q4 (slowest),0
IN0000001802300039,2019,other,311,Q4 (slowest),0
IN0000001802500002,2017,other,85,Q2,0
IN0000001802500002,2020,other,130,Q3,0
IN0000001802700006,2021,other,1169.5,Q4 (slowest),0
IN0000001802700040,2019,other,50.5,Q2,0
IN0000001802700046,2017,other,1022.67,Q4 (slowest),2
IN0000001802700046,2019,other,979.75,Q4 (slowest),1
IN0000001802700046,2020,other,659.5,Q4 (slowest),1
IN0000001802700046,2021,other,1375.5,Q4 (slowest),5
IN0000001802700046,2022,other,1217.25,Q4 (slowest),2
IN0000001802700046,2023,other,1081,Q4 (slowest),5
IN0000001802700046,2024,other,763,Q4 (slowest),1
IN0000001802700052,2018,other,911.5,Q4 (slowest),0
IN0000001802700053,2018,other,54,Q2,0
IN0000001802700065,2023,other,351,Q4 (slowest),0
IN0000001802700066,2023,other,304.5,Q4 (slowest),0
IN0000001802900001,2022,other,1033,Q4 (slowest),1
IN0000001802900005,2016,other,436,Q4 (slowest),0
IN0000001802900005,2022,other,976,Q4 (slowest),1
IN0000001802900006,2019,other,40.5,Q2,0
IN0000001802900006,2024,other,839.5,Q4 (slowest),0
IN0000001802900007,2016,other,268.5,Q4 (slowest),0
IN0000001802900007,2018,other,97,Q3,1
IN0000001802900007,2019,other,653,Q4 (slowest),0
IN0000001802900007,2022,other,765.5,Q4 (slowest),1
IN0000001802900007,2023,other,1084.5,Q4 (slowest),0
IN0000001802900023,2021,other,167,Q3,0
IN0000001802900043,2021,other,586,Q4 (slowest),1
IN0000001802900043,2022,other,1107,Q4 (slowest),0
IN0000001802900045,2018,other,70.5,Q2,0
IN0000001802900049,2019,other,653,Q4 (slowest),1
IN0000001802900049,2020,other,1110,Q4 (slowest),0
IN0000001802900049,2023,other,107.5,Q3,2
IN0000001803100026,2021,other,841.5,Q4 (slowest),0
IN0000001803100031,2023,other,50,Q2,1
IN0000001803100031,2024,other,134,Q3,0
IN0000001803300013,2022,other,589,Q4 (slowest),0
IN0000001803300019,2022,other,510.5,Q4 (slowest),0
IN0000001803300026,2024,other,81.5,Q2,1
IN0000001803300042,2024,other,25,Q2,1
IN0000001803300043,2017,other,217,Q3,3
IN0000001803300043,2019,other,1493,Q4 (slowest),3
IN0000001803300043,2020,other,575,Q4 (slowest),1
IN0000001803300043,2021,other,340,Q4 (slowest),0
IN0000001803300043,2023,other,1020,Q4 (slowest),2
IN0000001803300052,2023,other,361.5,Q4 (slowest),0
IN0000001803300055,2019,other,841.5,Q4 (slowest),0
IN0000001803300076,2017,other,217,Q3,2
IN0000001803300079,2020,other,1071.5,Q4 (slowest),0
IN0000001803300079,2023,other,999,Q4 (slowest),0
IN0000001803300107,2019,other,61,Q2,0
IN0000001803300107,2022,other,21,Q2,0
IN0000001803300110,2024,other,246,Q3,0
IN0000001803500028,2017,other,468.5,Q4 (slowest),1
IN0000001803500028,2019,other,531.5,Q4 (slowest),1
IN0000001803500046,2020,other,384,Q4 (slowest),0
IN0000001803500116,2024,other,113,Q3,0
IN0000001803700005,2022,other,197.5,Q3,1
IN0000001803700005,2023,other,484,Q4 (slowest),1
IN0000001803700040,2017,other,842,Q4 (slowest),1
IN0000001803900005,2023,other,428.5,Q4 (slowest),1
IN0000001803900005,2024,other,32.5,Q2,0
IN0000001803900010,2021,other,1112,Q4 (slowest),0
IN0000001803900010,2024,other,131.5,Q3,0
IN0000001803900017,2022,other,1075,Q4 (slowest),0
IN0000001803900027,2020,other,114.5,Q3,0
IN0000001803900027,2023,other,174.5,Q3,0
IN0000001803900030,2022,other,677,Q4 (slowest),0
IN0000001803900069,2020,other,160.5,Q3,0
IN0000001803900073,2022,other,29,Q2,1
IN0000001803900073,2023,other,76,Q2,0
IN0000001803900086,2022,other,205,Q3,1
IN0000001803900086,2023,other,1013.5,Q4 (slowest),1
IN0000001803900103,2022,other,3,Q1 (fastest),0
IN0000001803900103,2024,other,560,Q4 (slowest),0
IN0000001803900110,2023,other,234.5,Q3,0
IN0000001803900110,2024,other,91,Q2,1
IN0000001803900126,2024,other,533,Q4 (slowest),0
IN0000001803900141,2022,other,1108,Q4 (slowest),0
IN0000001803900157,2024,other,44.5,Q2,0
IN0000001803900178,2022,other,474,Q4 (slowest),0
IN0000001803900231,2021,other,477,Q4 (slowest),0
IN0000001803900237,2024,other,71.5,Q2,0
IN0000001803900245,2022,other,1090,Q4 (slowest),0
IN0000001803900254,2022,other,1102,Q4 (slowest),1
IN0000001803900265,2022,other,804.5,Q4 (slowest),0
IN0000001803900267,2018,other,189.5,Q3,0
IN0000001803900267,2022,other,619.5,Q4 (slowest),0
IN0000001803900283,2023,other,113,Q3,0
IN0000001803900309,2017,other,1095,Q4 (slowest),1
IN0000001803900309,2023,other,453.5,Q4 (slowest),0
IN0000001803900324,2023,other,1043.5,Q4 (slowest),0
IN0000001803900336,2024,other,177,Q3,0
IN0000001803900373,2024,other,64,Q2,1
IN0000001803900434,2019,other,61.5,Q2,0
IN0000001803900460,2021,other,256,Q4 (slowest),0
IN0000001803900460,2024,other,105,Q3,1
IN0000001803900498,2018,other,1113.5,Q4 (slowest),0
IN0000001803900498,2021,other,172.5,Q3,0
IN0000001803900498,2023,other,1103.5,Q4 (slowest),0
IN0000001803900504,2019,other,88.5,Q2,0
IN0000001803900534,2022,other,1013.5,Q4 (slowest),0
IN0000001803900541,2020,other,1069,Q4 (slowest),0
IN0000001803900586,2021,other,1126,Q4 (slowest),0
IN0000001803900633,2023,other,1016.5,Q4 (slowest),0
IN0000001803900643,2021,other,866,Q4 (slowest),0
IN0000001803900643,2023,other,312,Q4 (slowest),1
IN0000001803900643,2024,other,753,Q4 (slowest),0
IN0000001803900699,2023,other,735,Q4 (slowest),0
IN0000001803900702,2024,other,417,Q4 (slowest),0
IN0000001803900710,2018,other,399.5,Q4 (slowest),0
IN0000001803900710,2023,other,170,Q3,1
IN0000001803900727,2023,other,681.5,Q4 (slowest),0
IN0000001803900728,2019,other,859,Q4 (slowest),0
IN0000001803900728,2023,other,1114,Q4 (slowest),2
IN0000001803900737,2023,other,69.5,Q2,0
IN0000001803900747,2018,other,535,Q4 (slowest),0
IN0000001803900747,2021,other,328,Q4 (slowest),2
IN0000001803900747,2022,other,534.5,Q4 (slowest),0
IN0000001803900751,2023,other,422,Q4 (slowest),0
IN0000001803900755,2022,other,450,Q4 (slowest),0
IN0000001803900761,2021,electric,62,Q2,1
IN0000001803900761,2022,electric,1121.5,Q4 (slowest),1
IN0000001803900761,2023,electric,1102,Q4 (slowest),2
IN0000001803900767,2022,other,350.5,Q4 (slowest),2
IN0000001803900767,2023,other,29,Q2,1
IN0000001803900767,2024,other,143,Q3,0
IN0000001803900779,2020,other,909,Q4 (slowest),0
IN0000001803900779,2023,other,115.5,Q3,1
IN0000001803900790,2017,other,1095,Q4 (slowest),1
IN0000001803900790,2021,other,536.5,Q4 (slowest),0
IN0000001803900792,2022,other,105,Q3,1
IN0000001803900792,2023,other,157.5,Q3,1
IN0000001803900852,2023,other,113.5,Q3,0
IN0000001803900891,2021,other,1129,Q4 (slowest),3
IN0000001803900891,2022,other,923,Q4 (slowest),1
IN0000001803900891,2023,other,691,Q4 (slowest),0
IN0000001804300004,2016,electric,114,Q3,0
IN0000001804300010,2023,other,193.5,Q3,0
IN0000001804300016,2022,other,80.5,Q2,0
IN0000001804300023,2018,other,996.5,Q4 (slowest),1
IN0000001804300033,2023,other,1071,Q4 (slowest),0
IN0000001804300039,2018,other,60.5,Q2,2
IN0000001804300039,2019,other,613,Q4 (slowest),0
IN0000001804300058,2020,other,736.5,Q4 (slowest),0
IN0000001804300073,2020,other,75.5,Q2,0
IN0000001804500001,2023,other,216.5,Q3,0
IN0000001804500002,2024,other,882,Q4 (slowest),1
IN0000001804500008,2016,other,367,Q4 (slowest),0
IN0000001804500008,2018,other,298,Q4 (slowest),3
IN0000001804500008,2019,other,386,Q4 (slowest),1
IN0000001804500008,2020,other,396.5,Q4 (slowest),0
IN0000001804500008,2023,other,55.5,Q2,0
IN0000001804500013,2022,other,515,Q4 (slowest),0
IN0000001804900002,2018,other,262.5,Q4 (slowest),1
IN0000001804900002,2024,other,345,Q4 (slowest),2
IN0000001804903137,2019,other,38.5,Q2,1
IN0000001804903137,2021,other,115.5,Q3,0
IN0000001805100013,2017,electric,285.5,Q4 (slowest),2
IN0000001805100013,2019,electric,1592.5,Q4 (slowest),1
IN0000001805100057,2021,other,393.5,Q4 (slowest),1
IN0000001805100057,2022,other,903,Q4 (slowest),1
IN0000001805300032,2018,other,240,Q3,0
IN0000001805300033,2017,other,68,Q2,0
IN0000001805300033,2022,other,700,Q4 (slowest),1
IN0000001805300033,2023,other,489,Q4 (slowest),0
IN0000001805300038,2020,other,522.5,Q4 (slowest),0
IN0000001805300040,2017,other,1648,Q4 (slowest),1
IN0000001805300040,2020,other,738,Q4 (slowest),0
IN0000001805300058,2018,other,238,Q3,0
IN0000001805300062,2022,other,849,Q4 (slowest),0
IN0000001805500034,2022,electric,1083,Q4 (slowest),1
IN0000001805500034,2023,electric,712,Q4 (slowest),0
IN0000001805700008,2018,other,606.5,Q4 (slowest),0
IN0000001805705038,2018,other,25,Q2,0
IN0000001805900002,2022,other,1105.5,Q4 (slowest),0
IN0000001805900015,2022,other,158.5,Q3,1
IN0000001805900015,2023,other,249.5,Q3,0
IN0000001805900024,2019,other,840.5,Q4 (slowest),0
IN0000001805900042,2019,other,46,Q2,1
IN0000001805900042,2020,other,212.5,Q3,0
IN0000001805900047,2022,other,1252.5,Q4 (slowest),0
IN0000001806300031,2024,other,40,Q2,0
IN0000001806300037,2020,other,515,Q4 (slowest),0
IN0000001806300037,2024,other,233.5,Q3,1
IN0000001806300046,2022,other,521,Q4 (slowest),0
IN0000001806300046,2024,other,743,Q4 (slowest),0
IN0000001806300047,2022,other,690,Q4 (slowest),0
IN0000001806300059,2019,other,991.5,Q4 (slowest),1
IN0000001806300074,2020,other,318.5,Q4 (slowest),0
IN0000001806500032,2016,electric,187,Q3,0
IN0000001806500036,2020,other,107,Q3,0
IN0000001806700009,2017,other,621,Q4 (slowest),0
IN0000001806700009,2019,other,577,Q4 (slowest),0
IN0000001806700012,2020,other,1005,Q4 (slowest),1
IN0000001806900012,2021,other,799,Q4 (slowest),0
IN0000001806900021,2019,other,1119,Q4 (slowest),0
IN0000001806900043,2017,other,362,Q4 (slowest),0
IN0000001806900048,2019,other,245,Q3,0
IN0000001806900048,2021,other,1093.5,Q4 (slowest),0
IN0000001806900048,2023,other,474.5,Q4 (slowest),0
IN0000001806900056,2018,other,102.5,Q3,0
IN0000001806900056,2023,other,537.5,Q4 (slowest),0
IN0000001806900085,2023,other,647.5,Q4 (slowest),1
IN0000001806900100,2021,other,897.5,Q4 (slowest),0
IN0000001806900100,2023,other,70,Q2,0
IN0000001806900101,2021,other,897,Q4 (slowest),0
IN0000001806903166,2018,other,13,Q1 (fastest),1
IN0000001807100006,2021,other,996,Q4 (slowest),0
IN0000001807100013,2020,other,1023,Q4 (slowest),0
IN0000001807100018,2017,other,702,Q4 (slowest),0
IN0000001807100018,2022,other,1004,Q4 (slowest),3
IN0000001807100018,2023,other,392,Q4 (slowest),0
IN0000001807100023,2022,other,49,Q2,0
IN0000001807100036,2023,other,360,Q4 (slowest),0
IN0000001807100048,2024,other,88,Q2,0
IN0000001807300025,2021,other,501.5,Q4 (slowest),1
IN0000001807300025,2022,other,105.5,Q3,1
IN0000001807300025,2023,other,967.5,Q4 (slowest),0
IN0000001807300031,2017,other,795,Q4 (slowest),2
IN0000001807300031,2018,other,368,Q4 (slowest),0
IN0000001807300031,2023,other,350,Q4 (slowest),0
IN0000001807300033,2018,other,1010,Q4 (slowest),0
IN0000001807300037,2021,other,999,Q4 (slowest),1
IN0000001807305148,2024,other,686,Q4 (slowest),0
IN0000001807500004,2021,other,258.5,Q4 (slowest),2
IN0000001807500004,2022,other,854.5,Q4 (slowest),1
IN0000001807500032,2017,other,229,Q3,0
IN0000001807500032,2019,other,141.5,Q3,1
IN0000001807500032,2020,other,467,Q4 (slowest),0
IN0000001807500032,2022,other,777,Q4 (slowest),1
IN0000001807500032,2024,other,430.5,Q4 (slowest),0
IN0000001807900002,2019,other,790,Q4 (slowest),0
IN0000001807900014,2021,other,1089,Q4 (slowest),0
IN0000001807900018,2020,other,374,Q4 (slowest),0
IN0000001807900018,2022,other,825.5,Q4 (slowest),0
IN0000001807900021,2018,other,47,Q2,2
IN0000001807900021,2019,other,742,Q4 (slowest),0
IN0000001807900021,2021,other,1063,Q4 (slowest),1
IN0000001807900021,2022,other,634,Q4 (slowest),0
IN0000001807905269,2018,other,29.5,Q2,0
IN0000001808100030,2019,other,772,Q4 (slowest),0
IN0000001808100030,2023,other,769.5,Q4 (slowest),0
IN0000001808100107,2023,other,358.5,Q4 (slowest),0
IN0000001808300003,2018,electric,300,Q4 (slowest),1
IN0000001808300003,2019,electric,1200,Q4 (slowest),2
IN0000001808300035,2023,other,1012,Q4 (slowest),1
IN0000001808300062,2019,other,1007,Q4 (slowest),0
IN0000001808500003,2017,other,785,Q4 (slowest),2
IN0000001808500003,2019,other,992,Q4 (slowest),0
IN0000001808500003,2021,other,548.5,Q4 (slowest),2
IN0000001808500003,2022,other,1086,Q4 (slowest),0
IN0000001808500012,2020,other,504.5,Q4 (slowest),0
IN0000001808500022,2022,other,95,Q3,1
IN0000001808500038,2021,other,115.5,Q3,0
IN0000001808500079,2017,other,451.5,Q4 (slowest),0
IN0000001808500079,2023,other,175.25,Q3,0
IN0000001808500085,2024,other,58.5,Q2,0
IN0000001808500101,2018,other,328.5,Q4 (slowest),0
IN0000001808500102,2018,other,861,Q4 (slowest),0
IN0000001808500102,2020,other,434,Q4 (slowest),1
IN0000001808500117,2018,other,1015,Q4 (slowest),1
IN0000001808500117,2022,other,1013,Q4 (slowest),0
IN0000001808500132,2019,other,44.5,Q2,0
IN0000001808700036,2020,other,910,Q4 (slowest),0
IN0000001808700036,2022,other,745.5,Q4 (slowest),0
IN0000001808700052,2019,other,885,Q4 (slowest),0
IN0000001808700052,2021,other,253.5,Q4 (slowest),0
IN0000001808700072,2021,other,248,Q3,0
IN0000001808900006,2018,other,117.5,Q3,0
IN0000001808900006,2023,other,1036,Q4 (slowest),0
IN0000001808900069,2016,other,154.5,Q3,0
IN0000001808900096,2019,other,18,Q2,1
IN0000001808900107,2016,other,162,Q3,0
IN0000001808900112,2019,other,650.25,Q4 (slowest),2
IN0000001808900112,2021,other,927,Q4 (slowest),2
IN0000001808900112,2022,other,537.5,Q4 (slowest),0
IN0000001808900112,2023,other,980,Q4 (slowest),4
IN0000001808900112,2024,other,297.5,Q4 (slowest),0
IN0000001808900121,2017,other,931,Q4 (slowest),6
IN0000001808900121,2018,other,554.5,Q4 (slowest),3
IN0000001808900121,2019,other,688,Q4 (slowest),3
IN0000001808900121,2020,other,789.75,Q4 (slowest),4
IN0000001808900121,2021,other,1045.5,Q4 (slowest),6
IN0000001808900121,2022,other,890.2,Q4 (slowest),5
IN0000001808900121,2023,other,860,Q4 (slowest),4
IN0000001808900121,2024,other,837,Q4 (slowest),1
IN0000001808900132,2023,other,1055,Q4 (slowest),0
IN0000001808900133,2020,other,1074.5,Q4 (slowest),0
IN0000001808900143,2022,other,74.5,Q2,0
IN0000001808900161,2020,other,968.5,Q4 (slowest),0
IN0000001808900173,2020,other,165,Q3,0
IN0000001808900201,2017,other,375.5,Q4 (slowest),4
IN0000001808900201,2019,other,776.5,Q4 (slowest),3
IN0000001808900203,2016,other,172.5,Q3,0
IN0000001808900203,2019,other,886.5,Q4 (slowest),4
IN0000001808900203,2020,other,713.5,Q4 (slowest),3
IN0000001808900203,2021,other,818.67,Q4 (slowest),0
IN0000001808900203,2023,other,976.5,Q4 (slowest),2
IN0000001808900204,2016,other,301.5,Q4 (slowest),0
IN0000001808900219,2021,other,22,Q2,0
IN0000001808900222,2019,other,60.5,Q2,0
IN0000001808900222,2022,other,1087,Q4 (slowest),0
IN0000001808900222,2024,other,34,Q2,0
IN0000001808900228,2019,other,61.5,Q2,0
IN0000001808900228,2023,other,392.5,Q4 (slowest),0
IN0000001808900230,2022,other,82,Q2,0
IN0000001808900301,2018,other,1050.5,Q4 (slowest),0
IN0000001808900301,2021,other,223,Q3,1
IN0000001808900310,2019,other,49,Q2,0
IN0000001808900316,2017,other,187.5,Q3,0
IN0000001808900316,2020,other,1057,Q4 (slowest),7
IN0000001808900316,2021,other,980.82,Q4 (slowest),4
IN0000001808900316,2022,other,782.2,Q4 (slowest),4
IN0000001808900316,2023,other,828.5,Q4 (slowest),4
IN0000001808900316,2024,other,818,Q4 (slowest),5
IN0000001808900318,2019,other,773.5,Q4 (slowest),3
IN0000001808900318,2020,other,1360.5,Q4 (slowest),2
IN0000001808900318,2021,other,951,Q4 (slowest),4
IN0000001808900318,2022,other,1048.83,Q4 (slowest),5
IN0000001808900318,2023,other,1002,Q4 (slowest),2
IN0000001808900318,2024,other,818,Q4 (slowest),3
IN0000001808900333,2019,other,530,Q4 (slowest),0
IN0000001808900345,2022,other,77,Q2,1
IN0000001808900345,2023,other,1000,Q4 (slowest),0
IN0000001808900356,2021,other,737,Q4 (slowest),0
IN0000001808900368,2021,other,690,Q4 (slowest),0
IN0000001808900369,2021,other,51.5,Q2,0
IN0000001808900379,2020,other,997,Q4 (slowest),0
IN0000001808900382,2021,other,886,Q4 (slowest),0
IN0000001808900382,2023,other,952.33,Q4 (slowest),4
IN0000001808900382,2024,other,785,Q4 (slowest),3
IN0000001808900407,2020,other,697,Q4 (slowest),0
IN0000001808900407,2022,other,741.5,Q4 (slowest),0
IN0000001808900413,2023,other,38,Q2,0
IN0000001808900443,2018,other,652,Q4 (slowest),0
IN0000001808900449,2019,electric,46,Q2,0
IN0000001808900453,2016,other,217.5,Q3,6
IN0000001808900453,2017,other,1071.89,Q4 (slowest),1
IN0000001808900453,2018,other,142,Q3,7
IN0000001808900453,2019,other,837.4,Q4 (slowest),7
IN0000001808900453,2020,other,704.8,Q4 (slowest),7
IN0000001808900453,2021,other,825.5,Q4 (slowest),7
IN0000001808900453,2022,other,825.42,Q4 (slowest),3
IN0000001808900453,2023,other,967.5,Q4 (slowest),7
IN0000001808900453,2024,other,342.33,Q4 (slowest),2
IN0000001808900458,2023,other,114.25,Q3,0
IN0000001808900469,2024,other,63,Q2,0
IN0000001808900476,2019,other,248,Q3,0
IN0000001808900476,2022,other,424,Q4 (slowest),0
IN0000001808900583,2022,other,151,Q3,1
IN0000001808900583,2023,other,320.5,Q4 (slowest),0
IN0000001808900594,2022,other,311,Q4 (slowest),0
IN0000001808900607,2019,other,799,Q4 (slowest),1
IN0000001808900607,2020,other,88,Q2,0
IN0000001809100021,2023,electric,287.5,Q4 (slowest),1
IN0000001809100047,2016,other,181,Q3,0
IN0000001809100047,2018,other,224,Q3,0
IN0000001809100074,2023,other,75.5,Q2,0
IN0000001809100104,2019,other,1092,Q4 (slowest),2
IN0000001809100104,2022,other,98.33,Q3,0
IN0000001809100106,2020,other,491,Q4 (slowest),1
IN0000001809100135,2021,other,94,Q3,0
IN0000001809100163,2020,other,562,Q4 (slowest),0
IN0000001809100163,2023,other,86,Q2,0
IN0000001809100181,2023,other,448.5,Q4 (slowest),1
IN0000001809100181,2024,other,345,Q4 (slowest),0
IN0000001809300002,2017,other,127.5,Q3,3
IN0000001809300002,2018,other,626,Q4 (slowest),1
IN0000001809300002,2022,other,677,Q4 (slowest),3
IN0000001809300002,2024,other,644,Q4 (slowest),1
IN0000001809300032,2017,other,154.5,Q3,1
IN0000001809300033,2018,other,76.5,Q2,0
IN0000001809300044,2023,other,434.5,Q4 (slowest),0
IN0000001809500012,2024,other,678,Q4 (slowest),1
IN0000001809500114,2024,other,594,Q4 (slowest),0
IN0000001809500127,2020,other,467,Q4 (slowest),0
IN0000001809500127,2023,other,397.5,Q4 (slowest),2
IN0000001809500127,2024,other,359.75,Q4 (slowest),1
IN0000001809500129,2019,other,464.75,Q4 (slowest),0
IN0000001809500129,2024,other,670,Q4 (slowest),0
IN0000001809500136,2019,other,850,Q4 (slowest),0
IN0000001809500136,2023,other,297,Q4 (slowest),0
IN0000001809500137,2018,other,388,Q4 (slowest),0
IN0000001809500161,2023,other,1009.5,Q4 (slowest),0
IN0000001809700014,2022,other,263.5,Q4 (slowest),0
IN0000001809700016,2018,other,124,Q3,0
IN0000001809700032,2017,other,458,Q4 (slowest),0
IN0000001809700032,2022,other,421.5,Q4 (slowest),0
IN0000001809700042,2023,other,953.5,Q4 (slowest),0
IN0000001809700060,2018,other,894.5,Q4 (slowest),1
IN0000001809700060,2023,other,19,Q2,1
IN0000001809700072,2018,other,415.5,Q4 (slowest),1
IN0000001809700076,2019,other,501,Q4 (slowest),1
IN0000001809700082,2017,other,240.5,Q3,0
IN0000001809700093,2019,other,846.25,Q4 (slowest),1
IN0000001809700093,2021,other,38,Q2,0
IN0000001809700104,2024,other,375,Q4 (slowest),0
IN0000001809700127,2021,other,709.5,Q4 (slowest),0
IN0000001809700129,2018,other,67,Q2,1
IN0000001809700129,2019,other,653.5,Q4 (slowest),2
IN0000001809700129,2022,other,189,Q3,1
IN0000001809700129,2024,other,409,Q4 (slowest),1
IN0000001809700131,2018,other,82.5,Q2,0
IN0000001809700131,2020,other,829.5,Q4 (slowest),0
IN0000001809700139,2019,other,1002.5,Q4 (slowest),2
IN0000001809700139,2020,other,1294,Q4 (slowest),0
IN0000001809700257,2019,other,1117,Q4 (slowest),0
IN0000001809700259,2024,other,336.5,Q4 (slowest),0
IN0000001809700275,2022,other,921.5,Q4 (slowest),0
IN0000001809700275,2024,other,87,Q2,0
IN0000001809700311,2017,other,271.5,Q4 (slowest),0
IN0000001809700315,2021,other,703.5,Q4 (slowest),0
IN0000001809700424,2019,other,50,Q2,0
IN0000001809700424,2023,other,500,Q4 (slowest),0
IN0000001809700664,2019,other,60,Q2,0
IN0000001809700668,2022,other,48,Q2,0
IN0000001809700685,2018,other,53.5,Q2,0
IN0000001809700700,2023,other,48.5,Q2,0
IN0000001809700789,2020,other,93.5,Q3,1
IN0000001809700789,2023,other,101.5,Q3,0
IN0000001809900001,2017,other,55,Q2,2
IN0000001809900001,2018,other,795.75,Q4 (slowest),1
IN0000001809900001,2020,other,402,Q4 (slowest),0
IN0000001809900028,2023,other,30,Q2,0
IN0000001809900029,2021,other,123.5,Q3,0
IN0000001809900089,2019,other,89.5,Q2,0
IN0000001809900100,2018,other,42,Q2,0
IN0000001809900102,2024,other,62.5,Q2,1
IN0000001809900115,2018,other,86.5,Q2,0
IN0000001809900115,2022,other,88,Q2,0
IN0000001810100001,2021,other,1060.67,Q4 (slowest),0
IN0000001810100003,2022,other,1119.5,Q4 (slowest),1
IN0000001810100003,2023,other,714,Q4 (slowest),3
IN0000001810100005,2020,other,562,Q4 (slowest),2
IN0000001810100005,2021,other,663.5,Q4 (slowest),1
IN0000001810100005,2022,other,447,Q4 (slowest),0
IN0000001810300035,2019,other,305.5,Q4 (slowest),0
IN0000001810500005,2022,other,265,Q4 (slowest),0
IN0000001810500030,2021,other,1113,Q4 (slowest),0
IN0000001810700004,2019,other,992.5,Q4 (slowest),0
IN0000001810700007,2019,other,966.5,Q4 (slowest),0
IN0000001810700038,2017,other,120,Q3,1
IN0000001810700038,2018,other,856,Q4 (slowest),1
IN0000001810700038,2021,other,36.5,Q2,1
IN0000001810700038,2022,other,856,Q4 (slowest),1
IN0000001810700052,2024,other,597,Q4 (slowest),0
IN0000001810700061,2021,other,847.67,Q4 (slowest),0
IN0000001810700065,2022,other,720,Q4 (slowest),1
IN0000001810700065,2023,other,656,Q4 (slowest),0
IN0000001810900007,2020,other,438,Q4 (slowest),0
IN0000001810900007,2022,other,202.5,Q3,0
IN0000001810900040,2018,other,199.5,Q3,0
IN0000001810900040,2020,other,259,Q4 (slowest),0
IN0000001810900062,2018,other,108.25,Q3,1
IN0000001810900086,2024,other,115.5,Q3,0
IN0000001811100017,2016,other,640.25,Q4 (slowest),0
IN0000001811300008,2019,other,144.5,Q3,1
IN0000001811300008,2020,other,927.5,Q4 (slowest),0
IN0000001811300008,2024,other,32.5,Q2,0
IN0000001811300018,2019,other,49,Q2,1
IN0000001811300021,2018,other,183,Q3,0
IN0000001811300071,2017,other,333.5,Q4 (slowest),0
IN0000001811300071,2019,other,253,Q4 (slowest),0
IN0000001811300071,2024,other,43,Q2,1
IN0000001811300117,2022,other,87,Q2,0
IN0000001811700014,2019,other,276,Q4 (slowest),0
IN0000001811700026,2018,other,334,Q4 (slowest),0
IN0000001812300019,2016,other,624.67,Q4 (slowest),0
IN0000001812300023,2019,other,250.5,Q3,0
IN0000001812300028,2018,other,60.5,Q2,1
IN0000001812500010,2023,other,950.5,Q4 (slowest),2
IN0000001812700001,2019,other,916,Q4 (slowest),5
IN0000001812700001,2020,other,811.62,Q4 (slowest),5
IN0000001812700001,2021,other,738.2,Q4 (slowest),6
IN0000001812700001,2022,other,896.25,Q4 (slowest),3
IN0000001812700005,2022,other,1068,Q4 (slowest),0
IN0000001812700026,2020,other,180,Q3,0
IN0000001812700036,2017,other,181,Q3,0
IN0000001812700036,2019,other,684.5,Q4 (slowest),1
IN0000001812700036,2020,other,507.5,Q4 (slowest),0
IN0000001812700038,2024,other,84,Q2,2
IN0000001812700039,2019,other,635.5,Q4 (slowest),0
IN0000001812700041,2019,other,47.5,Q2,0
IN0000001812700076,2018,other,77,Q2,2
IN0000001812700076,2019,other,233,Q3,1
IN0000001812700085,2020,other,385,Q4 (slowest),2
IN0000001812700085,2022,other,983.25,Q4 (slowest),2
IN0000001812700094,2018,other,849,Q4 (slowest),1
IN0000001812700094,2019,other,485.5,Q4 (slowest),0
IN0000001812700098,2020,other,190,Q3,0
IN0000001812700127,2017,other,153,Q3,0
IN0000001812900002,2022,other,1153,Q4 (slowest),2
IN0000001812900002,2023,other,1095,Q4 (slowest),3
IN0000001812900002,2024,other,546,Q4 (slowest),1
IN0000001812900003,2018,other,205.5,Q3,1
IN0000001812900003,2019,other,330.5,Q4 (slowest),1
IN0000001812900003,2022,other,1088,Q4 (slowest),1
IN0000001812900005,2023,other,921.5,Q4 (slowest),0
IN0000001812900010,2017,electric,115,Q3,2
IN0000001812900010,2018,electric,915.5,Q4 (slowest),1
IN0000001812900010,2020,electric,546.5,Q4 (slowest),2
IN0000001812900010,2021,electric,998.5,Q4 (slowest),2
IN0000001812900010,2023,electric,883,Q4 (slowest),0
IN0000001812900022,2023,other,108.5,Q3,0
IN0000001812900035,2021,other,1069,Q4 (slowest),0
IN0000001812900050,2020,other,702,Q4 (slowest),0
IN0000001812900050,2022,other,701.5,Q4 (slowest),2
IN0000001812900051,2022,other,1152.5,Q4 (slowest),0
IN0000001813100017,2018,other,156.5,Q3,0
IN0000001813100017,2022,other,132.5,Q3,0
IN0000001813100017,2024,other,705,Q4 (slowest),0
IN0000001813100027,2019,other,236.5,Q3,0
IN0000001813300002,2015,other,956.33,Q4 (slowest),2
IN0000001813300002,2016,other,182.5,Q3,1
IN0000001813300002,2017,other,43,Q2,0
IN0000001813300002,2019,other,1105,Q4 (slowest),1
IN0000001813300002,2021,other,341.5,Q4 (slowest),0
IN0000001813300002,2023,other,679,Q4 (slowest),0
IN0000001813300003,2017,other,213.75,Q3,2
IN0000001813300003,2018,other,435.5,Q4 (slowest),0
IN0000001813300019,2018,other,947.5,Q4 (slowest),0
IN0000001813300019,2020,other,271.5,Q4 (slowest),0
IN0000001813300027,2017,other,321,Q4 (slowest),0
IN0000001813300027,2020,other,424.5,Q4 (slowest),0
IN0000001813300047,2016,other,322.5,Q4 (slowest),0
IN0000001813500012,2022,other,327,Q4 (slowest),0
IN0000001813500033,2016,other,832,Q4 (slowest),0
IN0000001813500033,2021,other,946,Q4 (slowest),1
IN0000001813500033,2022,other,583,Q4 (slowest),0
IN0000001813700016,2024,other,72,Q2,2
IN0000001813700022,2024,other,159.5,Q3,0
IN0000001813700049,2021,other,18,Q2,1
IN0000001813700049,2022,other,47.5,Q2,0
IN0000001813900011,2016,other,879,Q4 (slowest),2
IN0000001813900011,2017,other,365,Q4 (slowest),2
IN0000001813900011,2018,other,306.75,Q4 (slowest),1
IN0000001814100009,2021,other,23.5,Q2,0
IN0000001814100013,2018,other,181,Q3,1
IN0000001814100027,2020,other,839,Q4 (slowest),0
IN0000001814100029,2024,other,855,Q4 (slowest),1
IN0000001814100033,2018,other,993.5,Q4 (slowest),1
IN0000001814100033,2020,other,252.5,Q4 (slowest),1
IN0000001814100033,2021,other,874,Q4 (slowest),2
IN0000001814100033,2022,other,644.5,Q4 (slowest),1
IN0000001814100033,2023,other,961,Q4 (slowest),3
IN0000001814100033,2024,other,715.67,Q4 (slowest),2
IN0000001814100132,2020,other,93,Q3,0
IN0000001814100146,2021,other,81.5,Q2,1
IN0000001814100146,2022,other,834,Q4 (slowest),0
IN0000001814100185,2021,other,72,Q2,0
IN0000001814100185,2023,other,1150,Q4 (slowest),1
IN0000001814100185,2024,other,669,Q4 (slowest),0
IN0000001814300016,2020,other,55,Q2,0
IN0000001814300016,2024,other,766,Q4 (slowest),0
IN0000001814500001,2018,other,290,Q4 (slowest),1
IN0000001814500001,2019,other,629,Q4 (slowest),0
IN0000001814500001,2021,other,1098,Q4 (slowest),2
IN0000001814500001,2022,other,994,Q4 (slowest),1
IN0000001814500001,2023,other,1046.5,Q4 (slowest),1
IN0000001814500026,2017,other,278.5,Q4 (slowest),0
IN0000001814500028,2017,other,129,Q3,1
IN0000001814500031,2019,other,407.75,Q4 (slowest),0
IN0000001814500035,2022,other,761,Q4 (slowest),1
IN0000001814500035,2023,other,920,Q4 (slowest),0
IN0000001814500057,2017,other,236,Q3,1
IN0000001814500078,2017,other,165.5,Q3,0
IN0000001814500086,2023,other,514,Q4 (slowest),0
IN0000001814500089,2024,other,577.5,Q4 (slowest),2
IN0000001814700041,2019,other,509.5,Q4 (slowest),0
IN0000001814900027,2024,other,63,Q2,0
IN0000001815100042,2022,other,65,Q2,1
IN0000001815100042,2023,other,225.5,Q3,2
IN0000001815100060,2022,other,184.25,Q3,1
IN0000001815100060,2023,other,33,Q2,0
IN0000001815100067,2022,other,160,Q3,1
IN0000001815100067,2023,other,922,Q4 (slowest),1
IN0000001815300015,2017,other,281,Q4 (slowest),0
IN0000001815300033,2024,other,855,Q4 (slowest),0
IN0000001815700001,2019,other,1017,Q4 (slowest),1
IN0000001815700001,2023,other,667,Q4 (slowest),0
IN0000001815700003,2017,other,152,Q3,0
IN0000001815700003,2019,other,514,Q4 (slowest),0
IN0000001815700003,2021,other,890.5,Q4 (slowest),0
IN0000001815700012,2018,other,228,Q3,1
IN0000001815700012,2023,other,482.5,Q4 (slowest),0
IN0000001815700032,2019,other,691.5,Q4 (slowest),1
IN0000001815700033,2021,other,1013,Q4 (slowest),1
IN0000001815700033,2022,other,1075,Q4 (slowest),0
IN0000001815700034,2019,other,955.5,Q4 (slowest),1
IN0000001815700038,2020,other,556,Q4 (slowest),1
IN0000001815700038,2021,other,460,Q4 (slowest),1
IN0000001815700038,2023,other,774.5,Q4 (slowest),2
IN0000001815700046,2016,other,387.5,Q4 (slowest),0
IN0000001815700050,2016,other,815,Q4 (slowest),0
IN0000001815700050,2020,other,83,Q2,1
IN0000001815700056,2022,other,84,Q2,0
IN0000001815700461,2019,other,758,Q4 (slowest),0
IN0000001816300015,2022,other,1113.5,Q4 (slowest),0
IN0000001816300059,2020,other,466.5,Q4 (slowest),0
IN0000001816300059,2022,other,848.5,Q4 (slowest),0
IN0000001816300082,2021,other,67.5,Q2,0
IN0000001816300096,2016,other,246,Q3,0
IN0000001816300096,2018,other,1106.5,Q4 (slowest),1
IN0000001816300104,2021,other,21,Q2,0
IN0000001816300107,2017,other,1001,Q4 (slowest),2
IN0000001816300107,2018,other,769,Q4 (slowest),2
IN0000001816300107,2019,other,593,Q4 (slowest),1
IN0000001816300120,2020,other,1037,Q4 (slowest),0
IN0000001816300129,2023,other,1010,Q4 (slowest),0
IN0000001816300194,2024,other,87,Q2,0
IN0000001816500001,2016,electric,177,Q3,0
IN0000001816500022,2016,electric,187,Q3,0
IN0000001816700007,2023,other,53.5,Q2,2
IN0000001816700007,2024,other,679,Q4 (slowest),0
IN0000001816700010,2019,other,246.5,Q3,0
IN0000001816700032,2019,other,72,Q2,0
IN0000001816700032,2021,other,482.5,Q4 (slowest),0
IN0000001816700033,2017,other,76,Q2,0
IN0000001816700033,2022,other,1382.5,Q4 (slowest),0
IN0000001816700120,2024,other,150,Q3,0
IN0000001816700139,2017,other,478,Q4 (slowest),1
IN0000001816700139,2019,other,1023.5,Q4 (slowest),0
IN0000001816700140,2019,other,742,Q4 (slowest),1
IN0000001816700140,2020,other,90.5,Q2,0
IN0000001816700160,2023,other,355.5,Q4 (slowest),0
IN0000001816700187,2023,other,437.5,Q4 (slowest),0
IN0000001816900003,2024,other,250,Q3,1
IN0000001816900009,2017,other,391,Q4 (slowest),2
IN0000001816900009,2021,other,306.5,Q4 (slowest),0
IN0000001816900010,2018,other,136.5,Q3,1
IN0000001816900010,2022,other,955,Q4 (slowest),0
IN0000001816900035,2024,other,232.5,Q3,0
IN0000001816900042,2021,other,999,Q4 (slowest),0
IN0000001816900066,2018,other,817,Q4 (slowest),0
IN0000001816900067,2020,other,1092.5,Q4 (slowest),0
IN0000001816900067,2023,other,81,Q2,0
IN0000001816900068,2020,other,467,Q4 (slowest),0
IN0000001816900068,2024,other,113,Q3,1
IN0000001816900073,2022,other,80,Q2,0
IN0000001817300007,2018,other,541.75,Q4 (slowest),2
IN0000001817300007,2021,other,561,Q4 (slowest),1
IN0000001817300007,2022,other,376,Q4 (slowest),2
IN0000001817300007,2023,other,1068,Q4 (slowest),3
IN0000001817300007,2024,other,747.5,Q4 (slowest),2
IN0000001817300126,2021,other,318.5,Q4 (slowest),1
IN0000001817300126,2022,other,313,Q4 (slowest),1
IN0000001817305142,2020,other,633.5,Q4 (slowest),0
IN0000001817500028,2019,other,82.5,Q2,1
IN0000001817500028,2020,other,94,Q3,1
IN0000001817500028,2021,other,190.5,Q3,0
IN0000001817700001,2021,other,994,Q4 (slowest),1
IN0000001817700001,2023,other,996,Q4 (slowest),0
IN0000001817700003,2018,other,878,Q4 (slowest),0
IN0000001817700006,2021,other,1014.5,Q4 (slowest),1
IN0000001817700009,2018,electric,135,Q3,1
IN0000001817700110,2021,other,154.5,Q3,0
IN0000001817700110,2023,other,582.33,Q4 (slowest),0
IN0000001817900010,2018,other,184.5,Q3,0
IN0000001817900010,2021,other,509.5,Q4 (slowest),0
IN0000001817900033,2021,other,304,Q4 (slowest),0
IN0000001817900033,2023,other,650,Q4 (slowest),0
IN0000001817900036,2017,other,206,Q3,0
IN0000001817900036,2019,other,660.67,Q4 (slowest),4
IN0000001817900036,2020,other,524,Q4 (slowest),1
IN0000001817900036,2021,other,466,Q4 (slowest),2
IN0000001817900036,2023,other,222.5,Q3,1
IN0000001818100035,2017,other,314,Q4 (slowest),1
IN0000001818100035,2018,other,325.5,Q4 (slowest),1
IN0000001818100035,2019,other,923,Q4 (slowest),2
IN0000001818100035,2021,other,1063,Q4 (slowest),1
IN0000001818100041,2023,other,1073.5,Q4 (slowest),1
IN0000001818100043,2024,other,94.5,Q3,1
IN0000001818100044,2021,other,48,Q2,0
IN0000001818100044,2023,other,141,Q3,1
IN0000001818100044,2024,other,145.5,Q3,1
IN0000001818100057,2018,electric,141.5,Q3,0
IN0000001818100057,2020,electric,222.5,Q4 (slowest),0
IN0000001818300033,2020,other,692.5,Q4 (slowest),0
IN0000001818300059,2021,other,1060,Q4 (slowest),1
IN0000001877703265,2017,other,32.5,Q2,0
IN0000001877703265,2023,other,428.5,Q4 (slowest),0
IN0000001877703279,2018,other,29,Q2,0
IN0000001877703285,2017,other,211.5,Q3,0
IN0000001877703291,2020,other,44,Q2,0
IN0000001877705211,2021,other,606.5,Q4 (slowest),0
IN0000001877705241,2016,other,70,Q2,0
IN0000001877705336,2016,other,71,Q2,0
IN0000001877705360,2017,other,154,Q3,0
IN0000001877705406,2021,other,19,Q2,0
IN0000001877705408,2020,other,293,Q4 (slowest),0
KS0000002000100033,2021,other,55,Q2,1
KS0000002000100033,2022,other,6,Q1 (fastest),1
KS0000002000100033,2023,other,18,Q2,0
KS0000002000300001,2020,electric,6,Q1 (fastest),0
KS0000002000300030,2017,other,27,Q2,0
KS0000002000500020,2017,other,85,Q2,0
KS0000002000500020,2021,other,59,Q2,0
KS0000002000500037,2021,other,66,Q2,0
KS0000002000500037,2023,other,18,Q2,0
KS0000002000500039,2020,other,5,Q1 (fastest),0
KS0000002000700126,2018,other,350,Q4 (slowest),0
KS0000002000900004,2017,other,0,Q1 (fastest),2
KS0000002000900004,2018,other,0,Q1 (fastest),1
KS0000002000900004,2023,other,18,Q2,0
KS0000002000900005,2023,other,24,Q2,0
KS0000002000900025,2023,electric,18,Q2,0
KS0000002000900070,2018,other,0,Q1 (fastest),0
KS0000002000900080,2018,other,0,Q1 (fastest),0
KS0000002001100024,2018,other,0,Q1 (fastest),0
KS0000002001500004,2019,other,260,Q4 (slowest),0
KS0000002001500027,2017,other,36,Q2,0
KS0000002001500037,2018,other,0,Q1 (fastest),0
KS0000002001500048,2022,other,6,Q1 (fastest),1
KS0000002001500048,2023,other,18,Q2,0
KS0000002001500077,2019,other,49,Q2,0
KS0000002001500077,2021,other,65,Q2,1
KS0000002001500077,2022,other,20,Q2,0
KS0000002001500078,2018,other,350,Q4 (slowest),0
KS0000002001500079,2018,other,350,Q4 (slowest),0
KS0000002002100048,2020,other,5,Q1 (fastest),0
KS0000002002300009,2018,electric,61.33,Q2,1
KS0000002002300009,2019,electric,2,Q1 (fastest),1
KS0000002002300009,2020,electric,6,Q1 (fastest),0
KS0000002002700007,2020,electric,113,Q3,0
KS0000002002900028,2018,other,3,Q1 (fastest),0
KS0000002003100021,2019,electric,11,Q2,0
KS0000002003100041,2023,electric,18,Q2,0
KS0000002003100047,2018,electric,0,Q1 (fastest),0
KS0000002003500031,2016,other,0,Q1 (fastest),0
KS0000002003500044,2018,other,0,Q1 (fastest),0
KS0000002003500046,2018,other,0,Q1 (fastest),0
KS0000002003500049,2018,other,0,Q1 (fastest),0
KS0000002003500049,2022,other,6,Q1 (fastest),1
KS0000002003500049,2023,other,38,Q2,0
KS0000002003500059,2022,other,6,Q1 (fastest),0
KS0000002003700006,2018,electric,0,Q1 (fastest),0
KS0000002003700006,2023,electric,18,Q2,0
KS0000002003700031,2019,other,23,Q2,0
KS0000002003700039,2018,other,36,Q2,0
KS0000002003700039,2020,other,118,Q3,0
KS0000002003700039,2023,other,60,Q2,0
KS0000002003700041,2018,other,0,Q1 (fastest),0
KS0000002003700058,2020,other,5,Q1 (fastest),0
KS0000002003900009,2018,electric,351,Q4 (slowest),1
KS0000002004100006,2023,other,18,Q2,0
KS0000002004100076,2018,electric,0,Q1 (fastest),0
KS0000002004100076,2024,electric,0,Q1 (fastest),0
KS0000002004100079,2023,electric,0,Q1 (fastest),0
KS0000002004300001,2019,other,13,Q1 (fastest),0
KS0000002004300017,2022,other,247,Q3,0
KS0000002004300018,2021,other,55,Q2,0
KS0000002004300026,2021,other,65,Q2,0
KS0000002004500006,2018,other,0,Q1 (fastest),0
KS0000002004500047,2023,other,47,Q2,0
KS0000002004700003,2023,other,18,Q2,0
KS0000002004700041,2016,other,606,Q4 (slowest),0
KS0000002005100001,2017,other,423,Q4 (slowest),1
KS0000002005100001,2018,other,0,Q1 (fastest),0
KS0000002005100057,2023,electric,12,Q2,0
KS0000002005100060,2018,other,0,Q1 (fastest),0
KS0000002005300002,2017,other,0,Q1 (fastest),0
KS0000002005300002,2020,other,94,Q3,0
KS0000002005300024,2018,other,2,Q1 (fastest),1
KS0000002005300024,2019,other,8,Q1 (fastest),1
KS0000002005300024,2020,other,135,Q3,0
KS0000002005500009,2023,other,48,Q2,0
KS0000002005500024,2023,other,48,Q2,0
KS0000002005500043,2018,other,7,Q1 (fastest),0
KS0000002005500055,2022,other,1,Q1 (fastest),0
KS0000002005500133,2023,other,18,Q2,0
KS0000002005700016,2023,other,47,Q2,0
KS0000002005900006,2018,electric,0,Q1 (fastest),0
KS0000002005900022,2017,other,0,Q1 (fastest),0
KS0000002005900035,2022,other,1,Q1 (fastest),0
KS0000002005900043,2016,other,0,Q1 (fastest),0
KS0000002005900043,2018,other,0,Q1 (fastest),0
KS0000002006100009,2018,other,37,Q2,0
KS0000002006100027,2023,other,18,Q2,0
KS0000002006700007,2024,other,18,Q2,1
KS0000002006700017,2018,other,263,Q4 (slowest),0
KS0000002006700017,2020,other,102,Q3,0
KS0000002006700017,2023,other,48,Q2,0
KS0000002006700024,2023,other,48,Q2,0
KS0000002006700030,2023,other,48,Q2,0
KS0000002006700032,2023,other,48,Q2,0
KS0000002006700045,2018,other,0,Q1 (fastest),1
KS0000002006700045,2019,other,33,Q2,0
KS0000002006700046,2018,other,0,Q1 (fastest),1
KS0000002006700046,2019,other,33,Q2,0
KS0000002006700049,2023,other,48,Q2,0
KS0000002006900003,2018,other,0,Q1 (fastest),0
KS0000002006900003,2023,other,18,Q2,0
KS0000002006900011,2019,other,178,Q3,0
KS0000002007300017,2022,other,6,Q1 (fastest),1
KS0000002007300017,2023,other,18,Q2,0
KS0000002007500012,2017,other,0,Q1 (fastest),2
KS0000002007500012,2018,other,63.5,Q2,0
KS0000002007700002,2016,electric,433,Q4 (slowest),0
KS0000002007900021,2018,other,94,Q3,1
KS0000002007900021,2019,other,88,Q2,0
KS0000002007900021,2021,other,50.67,Q2,1
KS0000002007900021,2022,other,23,Q2,0
KS0000002007900060,2023,other,47,Q2,0
KS0000002008100012,2023,other,48,Q2,0
KS0000002008700025,2017,other,1822,Q4 (slowest),0
KS0000002008700025,2023,other,48,Q2,0
KS0000002008700034,2023,electric,18,Q2,0
KS0000002008700035,2023,electric,18,Q2,0
KS0000002008707033,2022,other,233,Q3,1
KS0000002008707033,2023,other,48,Q2,0
KS0000002009100024,2023,other,18,Q2,0
KS0000002009100031,2018,other,0,Q1 (fastest),0
KS0000002009100065,2018,electric,0,Q1 (fastest),0
KS0000002009100065,2023,electric,18,Q2,0
KS0000002009100083,2018,other,0,Q1 (fastest),0
KS0000002009100084,2018,other,18,Q2,0
KS0000002009100085,2023,other,18,Q2,0
KS0000002009100114,2019,other,26,Q2,0
KS0000002009100127,2018,other,0,Q1 (fastest),1
KS0000002009100127,2019,other,73,Q2,0
KS0000002009100127,2021,other,55,Q2,1
KS0000002009100127,2022,other,40,Q2,1
KS0000002009100127,2023,other,18,Q2,0
KS0000002009100129,2018,other,0,Q1 (fastest),1
KS0000002009100129,2019,other,49,Q2,0
KS0000002009100129,2023,other,18,Q2,1
KS0000002009100129,2024,other,0,Q1 (fastest),0
KS0000002009100171,2023,other,13,Q1 (fastest),0
KS0000002009100177,2018,other,0,Q1 (fastest),0
KS0000002009100226,2018,other,0,Q1 (fastest),0
KS0000002009100226,2023,other,18,Q2,0
KS0000002009100263,2021,other,14,Q1 (fastest),0
KS0000002009100281,2018,other,0,Q1 (fastest),0
KS0000002009300008,2023,other,48,Q2,0
KS0000002009300010,2023,other,48,Q2,0
KS0000002009300013,2018,other,0,Q1 (fastest),0
KS0000002009500010,2023,other,18,Q2,0
KS0000002009500023,2018,other,0,Q1 (fastest),0
KS0000002009500048,2018,other,0,Q1 (fastest),0
KS0000002009500070,2017,other,349,Q4 (slowest),0
KS0000002009900037,2023,other,48,Q2,0
KS0000002010300001,2018,other,0,Q1 (fastest),0
KS0000002010300018,2022,other,6,Q1 (fastest),1
KS0000002010300018,2023,other,0,Q1 (fastest),1
KS0000002010300019,2019,other,49,Q2,0
KS0000002010300019,2023,other,18,Q2,0
KS0000002010300020,2018,other,0,Q1 (fastest),0
KS0000002010300136,2023,electric,18,Q2,0
KS0000002010300137,2023,electric,18,Q2,0
KS0000002010700005,2017,electric,855,Q4 (slowest),0
KS0000002011100008,2020,other,21,Q2,0
KS0000002011100046,2019,electric,26,Q2,0
KS0000002011300003,2019,other,48,Q2,0
KS0000002011300074,2022,other,23,Q2,0
KS0000002011300079,2017,other,271,Q4 (slowest),0
KS0000002011300081,2018,other,0,Q1 (fastest),0
KS0000002011500010,2023,other,18,Q2,0
KS0000002011500035,2022,other,6,Q1 (fastest),0
KS0000002011500051,2018,other,361,Q4 (slowest),0
KS0000002011700021,2017,other,771,Q4 (slowest),0
KS0000002011700035,2017,other,416,Q4 (slowest),1
KS0000002011900013,2021,electric,260,Q4 (slowest),0
KS0000002012100001,2018,electric,75,Q2,0
KS0000002012100015,2018,other,0,Q1 (fastest),0
KS0000002012100035,2022,other,8,Q1 (fastest),0
KS0000002012100039,2023,other,18,Q2,1
KS0000002012300026,2019,other,8,Q1 (fastest),0
KS0000002012500005,2019,other,178,Q3,0
KS0000002012500064,2017,other,0,Q1 (fastest),0
KS0000002012500079,2019,other,114,Q3,0
KS0000002012500097,2019,other,190.5,Q3,0
KS0000002012900005,2018,other,0,Q1 (fastest),0
KS0000002012900008,2023,other,48,Q2,0
KS0000002013300027,2018,other,189,Q3,0
KS0000002013300044,2023,other,18,Q2,0
KS0000002013500023,2018,other,0,Q1 (fastest),0
KS0000002013500043,2023,other,18,Q2,0
KS0000002014100023,2018,other,0,Q1 (fastest),0
KS0000002014300013,2018,electric,0,Q1 (fastest),0
KS0000002014500016,2021,other,71,Q2,0
KS0000002014700004,2019,other,75,Q2,0
KS0000002014900022,2018,other,0,Q1 (fastest),0
KS0000002015100005,2017,electric,384,Q4 (slowest),0
KS0000002015100018,2018,other,493,Q4 (slowest),0
KS0000002015100054,2017,other,277,Q4 (slowest),0
KS0000002015500008,2020,other,230,Q3,0
KS0000002015500009,2018,other,0,Q1 (fastest),0
KS0000002015500011,2018,other,0,Q1 (fastest),1
KS0000002015500011,2019,other,18,Q2,2
KS0000002015500011,2020,other,23,Q2,0
KS0000002015500066,2018,other,0,Q1 (fastest),0
KS0000002015500071,2022,other,1,Q1 (fastest),0
KS0000002015500075,2018,other,0,Q1 (fastest),1
KS0000002015500075,2019,other,49,Q2,1
KS0000002015500075,2020,other,6,Q1 (fastest),1
KS0000002015500075,2023,other,18,Q2,1
KS0000002015500075,2024,other,0,Q1 (fastest),1
KS0000002015500092,2018,other,0,Q1 (fastest),0
KS0000002015500182,2018,electric,0,Q1 (fastest),0
KS0000002015500182,2023,electric,0,Q1 (fastest),0
KS0000002015500194,2022,other,20,Q2,0
KS0000002015700016,2018,electric,0,Q1 (fastest),0
KS0000002015700028,2018,other,0,Q1 (fastest),0
KS0000002015700028,2020,other,4,Q1 (fastest),0
KS0000002016100001,2018,other,0,Q1 (fastest),0
KS0000002016100001,2020,other,53,Q2,0
KS0000002016100007,2017,other,0,Q1 (fastest),1
KS0000002016100007,2018,other,0,Q1 (fastest),1
KS0000002016100007,2019,other,182,Q3,1
KS0000002016100007,2020,other,53,Q2,0
KS0000002016100007,2023,other,14,Q1 (fastest),1
KS0000002016100007,2024,other,2,Q1 (fastest),2
KS0000002016100009,2019,other,27,Q2,0
KS0000002016100020,2018,other,0,Q1 (fastest),0
KS0000002016100021,2018,other,0,Q1 (fastest),0
KS0000002016100025,2018,other,0,Q1 (fastest),0
KS0000002016500001,2018,electric,0,Q1 (fastest),0
KS0000002016500023,2017,other,1826,Q4 (slowest),0
KS0000002016500023,2019,other,109,Q3,1
KS0000002016500023,2020,other,5,Q1 (fastest),1
KS0000002016500023,2021,other,84,Q2,2
KS0000002016500023,2022,other,79.5,Q2,0
KS0000002016500031,2021,other,14,Q1 (fastest),0
KS0000002016500031,2023,other,18,Q2,0
KS0000002016700021,2019,other,8,Q1 (fastest),0
KS0000002016900002,2018,other,0,Q1 (fastest),0
KS0000002016900002,2020,other,6,Q1 (fastest),0
KS0000002016900020,2019,other,8,Q1 (fastest),0
KS0000002016900035,2017,other,1830,Q4 (slowest),0
KS0000002016900035,2023,other,48,Q2,0
KS0000002016900037,2020,other,86,Q2,0
KS0000002016900041,2018,other,0,Q1 (fastest),0
KS0000002016900041,2020,other,39,Q2,0
KS0000002016900041,2023,other,18,Q2,0
KS0000002016900042,2018,other,0,Q1 (fastest),0
KS0000002016900042,2020,other,39,Q2,0
KS0000002016900042,2023,other,18,Q2,0
KS0000002016900044,2019,other,8,Q1 (fastest),0
KS0000002016900050,2017,other,1826,Q4 (slowest),0
KS0000002016900050,2019,other,5,Q1 (fastest),0
KS0000002016900050,2022,other,41.5,Q2,0
KS0000002016900056,2018,other,0,Q1 (fastest),0
KS0000002016900064,2023,other,47,Q2,0
KS0000002017300005,2019,other,42,Q2,0
KS0000002017300023,2017,other,19,Q2,0
KS0000002017300023,2023,other,55,Q2,0
KS0000002017300029,2021,other,7,Q1 (fastest),0
KS0000002017300034,2023,other,18,Q2,0
KS0000002017300050,2021,other,73,Q2,0
KS0000002017300052,2016,other,0,Q1 (fastest),0
KS0000002017300052,2019,other,14,Q1 (fastest),0
KS0000002017300053,2018,other,0,Q1 (fastest),0
KS0000002017300059,2023,other,48,Q2,0
KS0000002017300105,2019,other,49,Q2,1
KS0000002017300105,2023,other,18,Q2,0
KS0000002017300106,2019,other,49,Q2,1
KS0000002017300106,2023,other,47,Q2,0
KS0000002017300107,2019,other,28,Q2,0
KS0000002017300110,2018,other,0,Q1 (fastest),0
KS0000002017300135,2018,other,0,Q1 (fastest),0
KS0000002017300152,2020,other,64,Q2,0
KS0000002017300165,2017,other,0,Q1 (fastest),0
KS0000002017300165,2023,other,48,Q2,0
KS0000002017300173,2020,other,81,Q2,0
KS0000002017300270,2018,electric,0,Q1 (fastest),0
KS0000002017300283,2023,other,18,Q2,0
KS0000002017300309,2018,other,18,Q2,0
KS0000002017300366,2019,other,282,Q4 (slowest),0
KS0000002017300366,2023,other,18,Q2,1
KS0000002017300366,2024,other,0,Q1 (fastest),0
KS0000002017500012,2021,other,66,Q2,0
KS0000002017500114,2017,other,72,Q2,0
KS0000002017500116,2023,other,48,Q2,0
KS0000002017700004,2018,other,0,Q1 (fastest),0
KS0000002017700021,2018,other,0,Q1 (fastest),0
KS0000002017700175,2018,other,0,Q1 (fastest),0
KS0000002017700202,2019,other,15,Q2,1
KS0000002017700202,2020,other,102,Q3,0
KS0000002017700233,2019,other,91,Q2,0
KS0000002018100005,2023,electric,18,Q2,0
KS0000002018900002,2019,other,71,Q2,0
KS0000002018900002,2023,other,48,Q2,0
KS0000002018900008,2023,other,48,Q2,0
KS0000002018900021,2018,electric,0,Q1 (fastest),0
KS0000002018900021,2022,electric,122,Q3,0
KS0000002018900024,2018,other,0,Q1 (fastest),0
KS0000002018900024,2023,other,48,Q2,0
KS0000002018900025,2023,other,48,Q2,0
KS0000002018900032,2023,other,48,Q2,0
KS0000002018900046,2023,other,48,Q2,0
KS0000002019100020,2018,other,0,Q1 (fastest),0
KS0000002019100020,2023,other,18,Q2,0
KS0000002019300002,2019,other,6,Q1 (fastest),0
KS0000002020100024,2018,electric,0,Q1 (fastest),0
KS0000002020100037,2018,other,0,Q1 (fastest),0
KS0000002020500037,2017,other,239,Q3,0
KS0000002020500045,2019,other,29,Q2,2
KS0000002020500045,2020,other,29,Q2,0
KS0000002020500045,2023,other,20,Q2,0
KS0000002020507039,2018,other,0,Q1 (fastest),0
KS0000002020900001,2017,other,1826,Q4 (slowest),0
KS0000002020900001,2019,other,72.2,Q2,0
KS0000002020900001,2021,other,106,Q3,0
KS0000002020900001,2023,other,0,Q1 (fastest),0
KS0000002020900002,2019,other,6,Q1 (fastest),0
KS0000002020900002,2021,other,55,Q2,0
KS0000002020900010,2018,other,111.5,Q3,1
KS0000002020900010,2019,other,203,Q3,0
KS0000002020900010,2021,other,84,Q2,1
KS0000002020900010,2022,other,55,Q2,0
KS0000002020900011,2018,other,0,Q1 (fastest),1
KS0000002020900011,2019,other,42,Q2,0
KS0000002020900014,2023,other,18,Q2,0
KS0000002020900018,2019,other,36,Q2,0
KS0000002020900026,2018,other,0,Q1 (fastest),0
KS0000002020900026,2023,other,18,Q2,0
KS0000002020900038,2018,other,0,Q1 (fastest),0
KS0000002020900041,2023,other,18,Q2,0
KS0000002020900044,2018,other,0,Q1 (fastest),1
KS0000002020900044,2019,other,49,Q2,0
KS0000002020900044,2021,other,55,Q2,0
KS0000002020900044,2023,other,18,Q2,0
KS0000002020900047,2018,other,38,Q2,0
KS0000002020900047,2021,other,33,Q2,1
KS0000002020900047,2022,other,506,Q4 (slowest),0
KS0000002020900060,2019,other,16,Q2,0
KS0000002020900067,2017,other,0,Q1 (fastest),0
KS0000002020900069,2018,other,0,Q1 (fastest),0
KS0000002020900069,2020,other,0,Q1 (fastest),1
KS0000002020900069,2021,other,60,Q2,0
KS0000002020900069,2023,other,18,Q2,1
KS0000002020900069,2024,other,19,Q2,1
KS0000002020900077,2020,other,72,Q2,0
KS0000002020900094,2018,other,0,Q1 (fastest),0
KS0000002020900094,2023,other,18,Q2,0
KS0000002020900169,2018,other,0,Q1 (fastest),0
KS0000002020900169,2023,other,18,Q2,0
KS0000002020900194,2016,other,6,Q1 (fastest),0
KS0000002020900194,2019,other,150,Q3,0
KS0000002020900206,2018,other,0,Q1 (fastest),0
KS0000002020900206,2020,other,21,Q2,0
KS0000002020900229,2022,other,71,Q2,0
KS0000002020900232,2023,other,18,Q2,0
KS0000002020900236,2018,other,0,Q1 (fastest),0
KS0000002020900277,2018,other,0,Q1 (fastest),0
KS0000002020900277,2021,other,36,Q2,0
KS0000002020900280,2018,other,0,Q1 (fastest),0
KS0000002020900317,2018,other,0,Q1 (fastest),0
KS0000002077700117,2017,other,0,Q1 (fastest),0
KS0000002077700192,2017,other,0,Q1 (fastest),0
KS0000002077700304,2018,other,0,Q1 (fastest),0
KS0000002077700309,2023,other,18,Q2,1
KS0000002077700309,2024,other,0,Q1 (fastest),2
KS0000002077700340,2018,other,0,Q1 (fastest),0
KS0000002077700404,2018,other,0,Q1 (fastest),0
KS0000002077700408,2018,other,0,Q1 (fastest),0
KS0000002077700577,2018,other,0,Q1 (fastest),0
KS0000002077700641,2018,other,0,Q1 (fastest),1
KS0000002077700641,2019,other,49,Q2,0
KS0000002077700691,2018,other,0,Q1 (fastest),0
KS0000002077700691,2023,other,18,Q2,1
KS0000002077700745,2019,other,262,Q4 (slowest),0
KS0000002077700756,2018,other,0,Q1 (fastest),1
KS0000002077700760,2018,other,0,Q1 (fastest),0
KS0000002077700777,2019,other,91,Q2,1
KS0000002077700777,2020,other,81,Q2,1
KS0000002077700777,2021,other,24,Q2,0
KS0000002077700787,2017,other,114,Q3,0
KS0000002077700787,2022,other,1,Q1 (fastest),1
KS0000002077700809,2020,other,21,Q2,0
KS0000002077700809,2024,other,419,Q4 (slowest),3
KS0000002077700826,2023,other,48,Q2,0
KS0000002077700868,2017,other,1826,Q4 (slowest),0
KS0000002077700879,2016,other,297,Q4 (slowest),0
KS0000002077700906,2018,other,1,Q1 (fastest),0
KS0000002077700906,2021,other,205,Q3,0
KS0000002077700914,2019,other,91,Q2,0
KS0000002077700932,2017,other,168,Q3,0
KS0000002077700932,2022,other,0,Q1 (fastest),1
KS0000002077700932,2023,other,24,Q2,0
KS000000207771016,2024,other,480,Q4 (slowest),1
KY0000002101500243,2020,other,0,Q1 (fastest),0
KY0000002107100157,2018,other,155,Q3,0
KY0000002107300053,2018,other,0,Q1 (fastest),0
KY0000002115100032,2018,other,0,Q1 (fastest),0
KY0000002115100064,2019,other,145.5,Q3,0
KY0000002115700007,2018,other,0,Q1 (fastest),0
KY0000002115700055,2018,other,0,Q1 (fastest),0
KY0000002116100010,2019,other,0,Q1 (fastest),0
KY0000002117900020,2019,other,0,Q1 (fastest),0
KY0000002120900069,2019,other,0,Q1 (fastest),0
KY0000002121300064,2020,other,27,Q2,0
KYJFC0002111100001,2022,other,208,Q3,0
KYJFC0002111100002,2017,other,276,Q4 (slowest),0
KYJFC0002111100002,2020,other,88,Q2,2
KYJFC0002111100002,2021,other,54,Q2,0
KYJFC0002111100002,2022,other,55,Q2,1
KYJFC0002111100002,2023,other,300,Q4 (slowest),0
KYJFC0002111100011,2017,other,275,Q4 (slowest),1
KYJFC0002111100011,2018,other,168,Q3,0
KYJFC0002111100011,2023,other,178.5,Q3,0
KYJFC0002111100028,2018,other,205,Q3,1
KYJFC0002111100028,2019,other,76.5,Q2,0
KYJFC0002111100036,2017,other,201.4,Q3,2
KYJFC0002111100036,2018,other,194.25,Q3,1
KYJFC0002111100036,2019,other,114.5,Q3,2
KYJFC0002111100036,2020,other,374.25,Q4 (slowest),0
KYJFC0002111100042,2019,other,114.5,Q3,1
KYJFC0002111100042,2020,other,406.5,Q4 (slowest),0
KYJFC0002111100060,2020,other,75,Q2,0
KYJFC0002111100115,2019,other,876,Q4 (slowest),2
KYJFC0002111100115,2020,other,582.2,Q4 (slowest),1
KYJFC0002111100149,2019,other,299.5,Q4 (slowest),0
KYJFC0002111100187,2024,other,132.5,Q3,0
KYJFC0002111100283,2018,other,289.5,Q4 (slowest),0
KYJFC0002111100290,2021,other,97.5,Q3,0
KYJFC0002111100564,2024,other,138.5,Q3,0
KYJFC0002111101568,2024,other,46.5,Q2,0
KYJFC0002111101734,2021,other,51.5,Q2,0
LA0000002200500001,2019,other,477,Q4 (slowest),0
LA0000002200500012,2022,other,245,Q3,0
LA0000002201500004,2017,other,874.5,Q4 (slowest),0
LA0000002201500131,2021,other,1374,Q4 (slowest),0
LA0000002201700005,2017,other,872.5,Q4 (slowest),0
LA0000002201900004,2019,other,31,Q2,0
LA0000002201900005,2019,other,35,Q2,0
LA0000002201900005,2021,other,85,Q2,0
LA0000002201900005,2024,other,95,Q3,0
LA0000002201900006,2023,other,69,Q2,0
LA0000002201900016,2021,other,1713,Q4 (slowest),0
LA0000002201900107,2019,other,106,Q3,0
LA0000002201900466,2021,other,663,Q4 (slowest),0
LA0000002201900488,2021,other,328.5,Q4 (slowest),0
LA0000002201900502,2020,other,928,Q4 (slowest),0
LA0000002202300184,2023,other,451,Q4 (slowest),0
LA0000002203300127,2019,other,930,Q4 (slowest),0
LA0000002203300128,2018,other,388.5,Q4 (slowest),0
LA0000002203300173,2020,other,938,Q4 (slowest),0
LA0000002203300173,2024,other,124,Q3,0
LA0000002204700008,2018,other,830,Q4 (slowest),0
LA0000002204700118,2018,other,479.5,Q4 (slowest),0
LA0000002205100001,2020,other,515,Q4 (slowest),0
LA0000002205700120,2021,other,168,Q3,1
LA0000002205700120,2022,other,175,Q3,0
LA0000002206700018,2019,other,1385,Q4 (slowest),0
LA0000002207500009,2021,other,386.5,Q4 (slowest),0
LA0000002207500141,2018,other,497,Q4 (slowest),0
LA0000002207500145,2020,other,682,Q4 (slowest),0
LA0000002208900091,2021,electric,530.5,Q4 (slowest),0
LA0000002209300004,2022,other,49,Q2,0
LA0000002209300021,2022,other,49,Q2,0
LA0000002209300298,2022,other,1063,Q4 (slowest),0
LA0000002212100070,2019,other,593,Q4 (slowest),0
LA0000002277700890,2021,other,154,Q3,0
MA0000002504200104,2018,other,342,Q4 (slowest),0
MA0000002504200107,2018,other,100,Q3,0
MA0000002504200113,2015,other,384,Q4 (slowest),0
MA0000002504200151,2017,other,76,Q2,1
MA0000002504200151,2018,other,253,Q4 (slowest),0
MA0000002504200166,2017,other,202,Q3,1
MA0000002504200166,2018,other,111,Q3,1
MA0000002504200166,2019,other,175,Q3,0
MA0000002504200187,2019,other,125,Q3,0
MA0000002504200190,2018,other,55,Q2,0
MA0000002504200232,2019,electric,90,Q3,0
MA0000002504200304,2018,other,114,Q3,0
MA0000002504200314,2019,other,97,Q3,0
MA0000002504200508,2017,other,91,Q2,0
MA0000002504200558,2018,other,181,Q3,0
MA0000002504200720,2017,other,127,Q3,0
MA0000002504200976,2017,other,80,Q2,0
MA0000002504200995,2017,other,346,Q4 (slowest),0
MA0000002504201111,2018,other,63,Q2,0
MA0000002511700012,2017,other,379,Q4 (slowest),0
MA0000002511700013,2018,other,65,Q2,0
MA0000002511700042,2018,other,146,Q3,0
MA0000002511700112,2017,other,242,Q3,0
MA0000002511700174,2018,other,242,Q3,0
MA0000002511800039,2016,other,341,Q4 (slowest),0
MA0000002511800187,2017,other,83,Q2,0
MA0000002511800201,2018,other,307,Q4 (slowest),0
MA0000002511800296,2016,other,489,Q4 (slowest),0
MA0000002511800334,2018,other,36,Q2,0
MA0000002511800487,2018,other,198.5,Q3,0
MA0000002511800507,2017,other,77,Q2,0
MA0000002511801275,2018,other,241,Q3,0
MA0000002511801492,2016,other,78,Q2,0
MA0000002511900156,2018,other,308,Q4 (slowest),0
MA0000002511900304,2016,other,58,Q2,0
MA0000002511900308,2017,other,46,Q2,0
MA0000002511900766,2017,electric,112,Q3,1
MA0000002511900766,2018,electric,342,Q4 (slowest),0
MA0000002511900772,2017,other,70,Q2,0
MA0000002511901249,2017,other,133,Q3,1
MA0000002511901249,2018,other,103,Q3,0
MA0000002511901745,2017,other,57,Q2,0
MA0000002511903424,2015,other,51,Q2,0
MA0000002511903671,2016,other,511,Q4 (slowest),0
MA0000002511903672,2016,other,639,Q4 (slowest),0
MA0000002512000068,2016,other,50,Q2,0
MA0000002512000091,2018,other,109,Q3,0
MA0000002512000137,2019,other,33,Q2,0
MA0000002512000290,2016,other,70,Q2,0
MA0000002512000947,2019,other,17,Q2,0
MA0000002512001550,2018,electric,45,Q2,0
MA0000002512100001,2018,other,53,Q2,0
MA0000002512100128,2016,other,146,Q3,0
MA0000002512100242,2019,other,56,Q2,0
MA0000002512100247,2016,other,212,Q3,0
MA0000002512100255,2018,other,62,Q2,0
MA0000002512100395,2017,other,42,Q2,0
MA0000002512100703,2017,other,420,Q4 (slowest),0
MA0000002512100725,2017,other,70,Q2,0
MA0000002512100937,2017,other,107.67,Q3,0
MD0000002400100011,2018,other,0,Q1 (fastest),1
MD0000002400100011,2019,other,0,Q1 (fastest),0
MD0000002400100203,2019,electric,0,Q1 (fastest),1
MD0000002400100203,2020,electric,0,Q1 (fastest),0
MD0000002400300033,2017,other,0,Q1 (fastest),0
MD0000002400300309,2017,other,62.5,Q2,0
MD0000002400300316,2018,other,0,Q1 (fastest),0
MD0000002400300316,2021,other,0,Q1 (fastest),0
MD0000002400300468,2016,electric,73.5,Q2,1
MD0000002400300468,2017,electric,0,Q1 (fastest),0
MD0000002400500041,2016,other,0,Q1 (fastest),0
MD0000002400500079,2016,electric,75,Q2,1
MD0000002400500079,2017,electric,134,Q3,1
MD0000002400500079,2018,electric,0,Q1 (fastest),0
MD0000002400500146,2019,other,132.67,Q3,0
MD0000002400500236,2022,other,28.5,Q2,0
MD0000002400500812,2016,other,0,Q1 (fastest),0
MD0000002400500812,2024,other,18.5,Q2,0
MD0000002400500979,2020,other,0,Q1 (fastest),0
MD0000002400500979,2022,other,88,Q2,2
MD0000002400500979,2023,other,68,Q2,0
MD0000002400501484,2020,other,149.5,Q3,1
MD0000002400501484,2021,other,479,Q4 (slowest),0
MD0000002400502407,2023,other,77.5,Q2,0
MD0000002400502436,2024,other,256.33,Q4 (slowest),0
MD0000002400502684,2023,other,196.5,Q3,0
MD0000002400502824,2018,other,0,Q1 (fastest),1
MD0000002400502824,2019,other,1,Q1 (fastest),0
MD0000002400502824,2023,other,0,Q1 (fastest),0
MD0000002400900021,2021,other,0,Q1 (fastest),0
MD0000002400900021,2023,other,86.5,Q2,0
MD0000002401300046,2023,other,0,Q1 (fastest),0
MD0000002401300098,2018,other,0,Q1 (fastest),0
MD0000002401700040,2024,other,17,Q2,0
MD0000002401900029,2018,other,0,Q1 (fastest),0
MD0000002401900029,2021,other,0,Q1 (fastest),0
MD0000002402100003,2018,other,0,Q1 (fastest),0
MD0000002402100131,2017,other,16.5,Q2,2
MD0000002402100131,2018,other,0,Q1 (fastest),0
MD0000002402100599,2023,other,0,Q1 (fastest),0
MD0000002402300042,2020,other,182.5,Q3,0
MD0000002402500024,2019,electric,0,Q1 (fastest),0
MD0000002402500024,2024,electric,36.5,Q2,0
MD0000002402500082,2020,other,0,Q1 (fastest),0
MD0000002402500558,2016,other,4,Q1 (fastest),0
MD0000002402500558,2018,other,108,Q3,0
MD0000002402500558,2020,other,161.5,Q3,1
MD0000002402500558,2021,other,87,Q2,0
MD0000002402500630,2021,other,84.5,Q2,0
MD0000002402700052,2018,other,0,Q1 (fastest),0
MD0000002403100019,2018,other,158,Q3,0
MD0000002403101124,2017,other,0,Q1 (fastest),0
MD0000002403101124,2020,other,254,Q4 (slowest),1
MD0000002403101124,2021,other,32.5,Q2,0
MD0000002403101129,2016,other,0,Q1 (fastest),1
MD0000002403101129,2017,other,0,Q1 (fastest),0
MD0000002403101129,2019,other,47,Q2,0
MD0000002403101385,2017,other,0,Q1 (fastest),0
MD0000002403101718,2020,other,0,Q1 (fastest),0
MD0000002403300014,2019,electric,0,Q1 (fastest),0
MD0000002403300667,2021,other,61.67,Q2,0
MD0000002403302568,2023,other,0,Q1 (fastest),0
MD0000002403302737,2019,electric,380.5,Q4 (slowest),0
MD0000002403302737,2021,electric,174.5,Q3,0
MD0000002403700017,2021,other,0,Q1 (fastest),0
MD0000002403900017,2019,electric,0,Q1 (fastest),0
MD0000002404300008,2018,other,1188.5,Q4 (slowest),1
MD0000002404300008,2019,other,572.43,Q4 (slowest),1
MD0000002404300008,2020,other,710,Q4 (slowest),0
MD0000002404300008,2022,other,50,Q2,3
MD0000002404300008,2023,other,0.33,Q1 (fastest),0
MD0000002404500042,2016,other,0,Q1 (fastest),0
MD0000002404500042,2020,other,167,Q3,0
MD0000002404500042,2022,other,87.5,Q2,1
MD0000002404500042,2023,other,255.5,Q4 (slowest),2
MD0000002404500042,2024,other,135,Q3,0
MD0000002404500121,2018,other,82.33,Q2,0
MD0000002451000076,2024,other,83,Q2,0
MD0000002451000233,2019,other,0,Q1 (fastest),3
MD0000002451000233,2020,other,330.6,Q4 (slowest),0
MD0000002451000233,2022,other,55,Q2,0
MD0000002451000286,2024,other,210,Q3,0
MD0000002451001886,2021,other,0,Q1 (fastest),0
MD0000002451002975,2016,other,0,Q1 (fastest),2
MD0000002451002975,2017,other,0,Q1 (fastest),1
MD0000002451002975,2018,other,269.5,Q4 (slowest),0
MD0000002451002975,2021,other,123.5,Q3,0
MD0000002451002975,2023,other,0,Q1 (fastest),6
MD0000002451002975,2024,other,5.14,Q1 (fastest),1
MD0000002451003258,2020,other,143.5,Q3,0
MD0000002451003406,2019,other,0,Q1 (fastest),0
ME0000002301300004,2017,other,631.5,Q4 (slowest),0
ME0000002301300004,2020,other,36,Q2,0
ME0000002301700005,2017,other,699,Q4 (slowest),0
ME000A001129,2019,other,849,Q4 (slowest),0
ME000A001129,2022,other,493,Q4 (slowest),1
MI00000000000A0023,2019,other,0,Q1 (fastest),0
MI00000000000A0023,2024,other,0,Q1 (fastest),1
MI00000000000A0703,2018,other,288.67,Q4 (slowest),0
MI00000000000A0884,2017,other,0,Q1 (fastest),0
MI00000000000A0884,2019,other,285,Q4 (slowest),1
MI00000000000A0884,2020,other,0,Q1 (fastest),0
MI00000000000A2402,2022,other,0,Q1 (fastest),1
MI00000000000A2402,2023,other,0,Q1 (fastest),0
MI00000000000A2722,2021,other,0,Q1 (fastest),0
MI00000000000A2809,2022,other,107.67,Q3,1
MI00000000000A2809,2023,other,341,Q4 (slowest),5
MI00000000000A2809,2024,other,133.6,Q3,2
MI00000000000A3569,2016,other,0,Q1 (fastest),0
MI00000000000A3569,2021,other,609.5,Q4 (slowest),1
MI00000000000A3569,2022,other,435,Q4 (slowest),1
MI00000000000A3569,2023,other,276,Q4 (slowest),1
MI00000000000A3900,2023,other,0,Q1 (fastest),0
MI00000000000A3934,2024,other,0,Q1 (fastest),1
MI00000000000A4033,2016,other,0,Q1 (fastest),1
MI00000000000A4033,2017,other,0,Q1 (fastest),0
MI00000000000A4033,2022,other,0,Q1 (fastest),0
MI00000000000A4043,2018,other,0,Q1 (fastest),5
MI00000000000A4043,2019,other,37.33,Q2,2
MI00000000000A4043,2020,other,0,Q1 (fastest),2
MI00000000000A4043,2021,other,0,Q1 (fastest),0
MI00000000000A4216,2020,other,0,Q1 (fastest),2
MI00000000000A4216,2021,other,0,Q1 (fastest),1
MI00000000000A4216,2022,other,0,Q1 (fastest),2
MI00000000000A4216,2023,other,0,Q1 (fastest),1
MI00000000000A4302,2023,other,0,Q1 (fastest),1
MI00000000000A4302,2024,other,0,Q1 (fastest),0
MI00000000000A5262,2022,other,0,Q1 (fastest),0
MI00000000000A6175,2021,other,0,Q1 (fastest),0
MI00000000000A6218,2023,other,0,Q1 (fastest),0
MI00000000000A6220,2019,other,226.5,Q3,0
MI00000000000A6220,2023,other,0,Q1 (fastest),2
MI00000000000A6220,2024,other,377,Q4 (slowest),0
MI00000000000A6262,2018,other,234,Q3,0
MI00000000000A6444,2022,other,0,Q1 (fastest),1
MI00000000000A6445,2024,other,0,Q1 (fastest),0
MI00000000000A6497,2021,other,0,Q1 (fastest),0
MI00000000000A6497,2023,other,303,Q4 (slowest),0
MI00000000000A7757,2019,other,0,Q1 (fastest),0
MI00000000000A7809,2015,other,372,Q4 (slowest),6
MI00000000000A7809,2016,other,0,Q1 (fastest),2
MI00000000000A7809,2017,other,396.33,Q4 (slowest),4
MI00000000000A7809,2018,other,182.25,Q3,1
MI00000000000A7809,2019,other,0,Q1 (fastest),0
MI00000000000A7809,2021,other,9.67,Q1 (fastest),2
MI00000000000A7809,2022,other,0,Q1 (fastest),0
MI00000000000A8640,2016,other,0,Q1 (fastest),0
MI00000000000A8640,2019,other,638.6,Q4 (slowest),3
MI00000000000A8640,2020,other,0,Q1 (fastest),1
MI00000000000A8640,2021,other,593,Q4 (slowest),2
MI00000000000A8640,2022,other,0,Q1 (fastest),2
MI00000000000A8640,2023,other,60.67,Q2,0
MI00000000000A8648,2016,other,212.5,Q3,0
MI00000000000A8648,2018,other,0,Q1 (fastest),1
MI00000000000A8648,2019,other,0,Q1 (fastest),0
MI00000000000A8650,2021,other,0,Q1 (fastest),0
MI00000000000A8892,2018,other,0,Q1 (fastest),0
MI00000000000A8892,2020,other,0,Q1 (fastest),0
MI00000000000A9426,2016,other,0,Q1 (fastest),0
MI00000000000A9831,2016,other,0,Q1 (fastest),2
MI00000000000A9831,2017,other,414,Q4 (slowest),3
MI00000000000A9831,2018,other,0,Q1 (fastest),4
MI00000000000A9831,2019,other,0,Q1 (fastest),1
MI00000000000A9831,2020,other,0,Q1 (fastest),0
MI00000000000A9831,2022,other,0,Q1 (fastest),1
MI00000000000A9831,2023,other,0,Q1 (fastest),0
MI00000000000B1470,2017,other,0,Q1 (fastest),1
MI00000000000B1470,2018,other,0,Q1 (fastest),0
MI00000000000B1470,2024,other,0,Q1 (fastest),0
MI00000000000B1476,2017,other,0,Q1 (fastest),1
MI00000000000B1476,2018,other,0,Q1 (fastest),1
MI00000000000B1476,2019,other,0,Q1 (fastest),0
MI00000000000B1477,2017,other,0,Q1 (fastest),2
MI00000000000B1477,2018,other,0,Q1 (fastest),6
MI00000000000B1477,2019,other,215.27,Q3,2
MI00000000000B1477,2020,other,180,Q3,1
MI00000000000B1477,2021,other,0,Q1 (fastest),2
MI00000000000B1477,2022,other,0,Q1 (fastest),1
MI00000000000B1477,2023,other,0,Q1 (fastest),1
MI00000000000B1477,2024,other,0,Q1 (fastest),2
MI00000000000B1485,2017,other,108,Q3,0
MI00000000000B1493,2016,other,0,Q1 (fastest),0
MI00000000000B1493,2018,other,0,Q1 (fastest),0
MI00000000000B1493,2024,other,62,Q2,3
MI00000000000B1548,2018,other,0,Q1 (fastest),1
MI00000000000B1548,2019,other,0,Q1 (fastest),0
MI00000000000B1559,2018,other,440,Q4 (slowest),3
MI00000000000B1559,2019,other,308.8,Q4 (slowest),2
MI00000000000B1559,2020,other,0,Q1 (fastest),0
MI00000000000B1559,2022,other,0,Q1 (fastest),0
MI00000000000B1577,2018,other,419.33,Q4 (slowest),2
MI00000000000B1577,2019,other,0,Q1 (fastest),0
MI00000000000B1577,2021,other,76,Q2,0
MI00000000000B1646,2016,other,0,Q1 (fastest),0
MI00000000000B1678,2020,other,404.5,Q4 (slowest),0
MI00000000000B1678,2022,other,231,Q3,0
MI00000000000B1715,2017,other,0,Q1 (fastest),0
MI00000000000B1715,2020,other,0,Q1 (fastest),2
MI00000000000B1715,2021,other,0,Q1 (fastest),1
MI00000000000B1715,2022,other,0,Q1 (fastest),1
MI00000000000B1715,2023,other,0,Q1 (fastest),0
MI00000000000B1729,2018,other,0,Q1 (fastest),1
MI00000000000B1729,2019,other,244,Q3,0
MI00000000000B1729,2021,other,0,Q1 (fastest),0
MI00000000000B1729,2023,other,0,Q1 (fastest),1
MI00000000000B1737,2021,other,0,Q1 (fastest),0
MI00000000000B1754,2017,other,0,Q1 (fastest),0
MI00000000000B1754,2022,other,114.5,Q3,1
MI00000000000B1754,2023,other,0,Q1 (fastest),2
MI00000000000B1754,2024,other,0,Q1 (fastest),0
MI00000000000B1772,2023,other,0,Q1 (fastest),0
MI00000000000B1792,2018,other,0,Q1 (fastest),0
MI00000000000B1877,2017,other,0,Q1 (fastest),0
MI00000000000B1877,2020,other,0,Q1 (fastest),1
MI00000000000B1877,2021,other,0,Q1 (fastest),1
MI00000000000B1877,2022,other,0,Q1 (fastest),0
MI00000000000B1909,2017,other,0,Q1 (fastest),1
MI00000000000B1909,2018,other,0,Q1 (fastest),0
MI00000000000B1909,2023,other,0,Q1 (fastest),0
MI00000000000B1925,2019,other,0,Q1 (fastest),1
MI00000000000B1925,2020,other,0,Q1 (fastest),1
MI00000000000B1925,2021,other,0,Q1 (fastest),1
MI00000000000B1925,2022,other,0,Q1 (fastest),0
MI00000000000B1945,2017,other,0,Q1 (fastest),1
MI00000000000B1945,2018,other,0,Q1 (fastest),0
MI00000000000B1945,2020,other,0,Q1 (fastest),0
MI00000000000B1950,2018,other,0,Q1 (fastest),0
MI00000000000B1960,2024,other,0,Q1 (fastest),0
MI00000000000B1961,2018,other,0,Q1 (fastest),0
MI00000000000B1976,2017,electric,0,Q1 (fastest),0
MI00000000000B1991,2020,other,0,Q1 (fastest),2
MI00000000000B1991,2021,other,167.75,Q3,1
MI00000000000B1991,2022,other,101,Q3,0
MI00000000000B2014,2018,other,0,Q1 (fastest),0
MI00000000000B2015,2018,other,99.5,Q3,0
MI00000000000B2015,2020,other,0,Q1 (fastest),0
MI00000000000B2063,2019,other,0,Q1 (fastest),1
MI00000000000B2063,2020,other,0,Q1 (fastest),1
MI00000000000B2063,2021,other,0,Q1 (fastest),0
MI00000000000B2063,2024,other,0,Q1 (fastest),0
MI00000000000B2103,2017,other,0,Q1 (fastest),1
MI00000000000B2103,2018,other,0,Q1 (fastest),0
MI00000000000B2103,2020,other,0,Q1 (fastest),0
MI00000000000B2103,2024,other,0,Q1 (fastest),1
MI00000000000B2169,2016,other,294,Q4 (slowest),0
MI00000000000B2169,2023,other,182,Q3,0
MI00000000000B2329,2022,other,0,Q1 (fastest),1
MI00000000000B2329,2023,other,0,Q1 (fastest),0
MI00000000000B2363,2019,other,0,Q1 (fastest),0
MI00000000000B2363,2021,other,0,Q1 (fastest),1
MI00000000000B2363,2022,other,0,Q1 (fastest),1
MI00000000000B2363,2023,other,0,Q1 (fastest),0
MI00000000000B2644,2021,other,0,Q1 (fastest),0
MI00000000000B2644,2024,other,0,Q1 (fastest),0
MI00000000000B2647,2018,electric,0,Q1 (fastest),4
MI00000000000B2647,2019,electric,0,Q1 (fastest),0
MI00000000000B2647,2021,electric,0,Q1 (fastest),0
MI00000000000B2763,2021,other,0,Q1 (fastest),0
MI00000000000B2767,2021,other,284,Q4 (slowest),3
MI00000000000B2767,2022,other,0,Q1 (fastest),0
MI00000000000B2796,2016,electric,0,Q1 (fastest),0
MI00000000000B2796,2022,electric,0,Q1 (fastest),2
MI00000000000B2796,2023,electric,0,Q1 (fastest),0
MI00000000000B2811,2017,electric,0,Q1 (fastest),0
MI00000000000B2814,2017,other,0,Q1 (fastest),3
MI00000000000B2814,2018,other,9,Q1 (fastest),0
MI00000000000B2816,2016,electric,0,Q1 (fastest),0
MI00000000000B2816,2018,electric,0,Q1 (fastest),0
MI00000000000B2816,2020,electric,0,Q1 (fastest),2
MI00000000000B2816,2021,electric,0,Q1 (fastest),0
MI00000000000B2816,2023,electric,0,Q1 (fastest),2
MI00000000000B2816,2024,electric,104.5,Q3,3
MI00000000000B2817,2021,other,0,Q1 (fastest),0
MI00000000000B2835,2019,electric,0,Q1 (fastest),0
MI00000000000B2840,2021,electric,0,Q1 (fastest),0
MI00000000000B2873,2017,other,58.67,Q2,1
MI00000000000B2873,2018,other,0,Q1 (fastest),2
MI00000000000B2873,2019,other,0,Q1 (fastest),0
MI00000000000B2873,2023,other,0,Q1 (fastest),0
MI00000000000B2875,2016,other,0,Q1 (fastest),0
MI00000000000B2875,2018,other,0,Q1 (fastest),1
MI00000000000B2875,2019,other,0,Q1 (fastest),1
MI00000000000B2875,2020,other,0,Q1 (fastest),1
MI00000000000B2875,2021,other,0,Q1 (fastest),0
MI00000000000B2875,2023,other,0,Q1 (fastest),0
MI00000000000B2876,2018,other,129.67,Q3,0
MI00000000000B2876,2021,other,0,Q1 (fastest),2
MI00000000000B2876,2023,other,0,Q1 (fastest),0
MI00000000000B2881,2020,other,0,Q1 (fastest),0
MI00000000000B2881,2023,other,0,Q1 (fastest),0
MI00000000000B2987,2019,other,0,Q1 (fastest),0
MI00000000000B3037,2018,other,0,Q1 (fastest),0
MI00000000000B3291,2019,other,0,Q1 (fastest),0
MI00000000000B3472,2019,other,0,Q1 (fastest),1
MI00000000000B3472,2020,other,0,Q1 (fastest),0
MI00000000000B3518,2017,other,0,Q1 (fastest),0
MI00000000000B3518,2022,other,0,Q1 (fastest),0
MI00000000000B3607,2020,other,0,Q1 (fastest),0
MI00000000000B3607,2022,other,0,Q1 (fastest),0
MI00000000000B3607,2024,other,577,Q4 (slowest),0
MI00000000000B3610,2021,other,0,Q1 (fastest),0
MI00000000000B3610,2023,other,0,Q1 (fastest),0
MI00000000000B3658,2021,other,0,Q1 (fastest),1
MI00000000000B4001,2016,electric,0,Q1 (fastest),0
MI00000000000B4001,2021,electric,60,Q2,1
MI00000000000B4001,2022,electric,0,Q1 (fastest),1
MI00000000000B4001,2023,electric,0,Q1 (fastest),0
MI00000000000B4049,2022,other,0,Q1 (fastest),0
MI00000000000B4145,2019,other,0,Q1 (fastest),0
MI00000000000B4145,2021,other,0,Q1 (fastest),0
MI00000000000B4243,2019,other,0,Q1 (fastest),0
MI00000000000B4287,2020,other,0,Q1 (fastest),0
MI00000000000B4302,2021,other,253.5,Q4 (slowest),2
MI00000000000B4302,2022,other,142,Q3,0
MI00000000000B4306,2018,other,0,Q1 (fastest),1
MI00000000000B4306,2019,other,0,Q1 (fastest),0
MI00000000000B4359,2017,other,146.33,Q3,0
MI00000000000B4359,2019,other,0,Q1 (fastest),1
MI00000000000B4359,2020,other,0,Q1 (fastest),0
MI00000000000B4359,2022,other,65.33,Q2,1
MI00000000000B4359,2023,other,40,Q2,0
MI00000000000B4364,2016,other,0,Q1 (fastest),0
MI00000000000B4364,2022,other,0,Q1 (fastest),0
MI00000000000B4569,2018,other,0,Q1 (fastest),0
MI00000000000B4885,2020,other,0,Q1 (fastest),0
MI00000000000B4942,2016,other,0,Q1 (fastest),0
MI00000000000B4942,2021,other,554,Q4 (slowest),1
MI00000000000B4942,2022,other,0,Q1 (fastest),0
MI00000000000B5169,2022,other,0,Q1 (fastest),0
MI00000000000B5462,2021,other,0,Q1 (fastest),1
MI00000000000B5462,2022,other,0,Q1 (fastest),0
MI00000000000B5462,2024,other,0,Q1 (fastest),0
MI00000000000B5619,2022,other,0,Q1 (fastest),2
MI00000000000B5619,2023,other,0,Q1 (fastest),2
MI00000000000B5619,2024,other,0,Q1 (fastest),4
MI00000000000B5627,2022,other,0,Q1 (fastest),0
MI00000000000B5830,2022,other,260,Q4 (slowest),0
MI00000000000B5854,2018,other,0,Q1 (fastest),0
MI00000000000B6001,2018,other,0,Q1 (fastest),0
MI00000000000B6027,2019,other,0,Q1 (fastest),1
MI00000000000B6027,2020,other,0,Q1 (fastest),0
MI00000000000B6027,2023,other,0,Q1 (fastest),0
MI00000000000B6138,2021,other,391.5,Q4 (slowest),0
MI00000000000B6455,2019,other,0,Q1 (fastest),0
MI00000000000B6478,2022,other,0,Q1 (fastest),0
MI00000000000B6480,2024,other,0,Q1 (fastest),0
MI00000000000B6527,2020,electric,0,Q1 (fastest),1
MI00000000000B6527,2021,electric,0,Q1 (fastest),0
MI00000000000B6625,2021,other,0,Q1 (fastest),0
MI00000000000B6636,2019,other,0,Q1 (fastest),1
MI00000000000B6636,2020,other,0,Q1 (fastest),0
MI00000000000B6637,2018,other,0,Q1 (fastest),0
MI00000000000B7013,2018,other,0,Q1 (fastest),0
MI00000000000B7013,2022,other,36,Q2,0
MI00000000000B7061,2016,other,565.5,Q4 (slowest),0
MI00000000000B7061,2018,other,0,Q1 (fastest),0
MI00000000000B7061,2020,other,0,Q1 (fastest),1
MI00000000000B7061,2021,other,0,Q1 (fastest),4
MI00000000000B7061,2022,other,651,Q4 (slowest),0
MI00000000000B7061,2024,other,0,Q1 (fastest),2
MI00000000000B7093,2021,other,0,Q1 (fastest),0
MI00000000000B7186,2017,other,0,Q1 (fastest),0
MI00000000000B7186,2019,other,0,Q1 (fastest),0
MI00000000000B7205,2016,other,738,Q4 (slowest),1
MI00000000000B7205,2017,other,0,Q1 (fastest),0
MI00000000000B7205,2019,other,0,Q1 (fastest),0
MI00000000000B7205,2021,other,0,Q1 (fastest),0
MI00000000000B7205,2024,other,0,Q1 (fastest),1
MI00000000000B7220,2019,other,0,Q1 (fastest),1
MI00000000000B7220,2020,other,0,Q1 (fastest),1
MI00000000000B7220,2021,other,0,Q1 (fastest),0
MI00000000000B7221,2019,other,0,Q1 (fastest),0
MI00000000000B7221,2023,other,0,Q1 (fastest),0
MI00000000000B7222,2021,other,0,Q1 (fastest),0
MI00000000000B7248,2021,other,0,Q1 (fastest),0
MI00000000000B7294,2018,other,722,Q4 (slowest),1
MI00000000000B7294,2019,other,517.5,Q4 (slowest),0
MI00000000000B7294,2021,other,239.5,Q3,0
MI00000000000B7294,2024,other,0,Q1 (fastest),0
MI00000000000B7357,2017,other,0,Q1 (fastest),0
MI00000000000B7357,2022,other,275.5,Q4 (slowest),1
MI00000000000B7357,2023,other,168,Q3,1
MI00000000000B7625,2019,other,0,Q1 (fastest),0
MI00000000000B7625,2022,other,0,Q1 (fastest),0
MI00000000000B7711,2019,other,0,Q1 (fastest),0
MI00000000000B7870,2016,other,0,Q1 (fastest),0
MI00000000000B8337,2022,other,0,Q1 (fastest),0
MI00000000000B8570,2017,other,0,Q1 (fastest),1
MI00000000000B8570,2018,other,0,Q1 (fastest),1
MI00000000000B8570,2019,other,0,Q1 (fastest),0
MI00000000000B8570,2021,other,0,Q1 (fastest),2
MI00000000000B8570,2022,other,51.33,Q2,0
MI00000000000B8570,2024,other,0,Q1 (fastest),0
MI00000000000B8786,2024,other,0,Q1 (fastest),0
MI00000000000B8860,2016,other,0,Q1 (fastest),0
MI00000000000B8919,2021,other,0,Q1 (fastest),0
MI00000000000B9052,2017,other,0,Q1 (fastest),0
MI00000000000D8065,2023,other,0,Q1 (fastest),0
MI00000000000E5094,2017,other,0,Q1 (fastest),1
MI00000000000E5094,2018,other,0,Q1 (fastest),0
MI00000000000E5094,2021,other,0,Q1 (fastest),0
MI00000000000E5094,2024,other,384,Q4 (slowest),1
MI00000000000F3254,2021,other,0,Q1 (fastest),0
MI00000000000G5066,2020,other,0,Q1 (fastest),0
MI00000000000G5252,2020,other,0,Q1 (fastest),0
MI00000000000H5877,2023,other,0,Q1 (fastest),0
MI00000000000K1276,2018,other,0,Q1 (fastest),0
MI00000000000K2460,2024,other,0,Q1 (fastest),0
MI00000000000K3249,2016,other,0,Q1 (fastest),1
MI00000000000K3249,2017,other,0,Q1 (fastest),0
MI00000000000K3249,2023,other,0,Q1 (fastest),0
MI00000000000M0675,2021,other,0,Q1 (fastest),0
MI00000000000M1812,2020,other,0,Q1 (fastest),0
MI00000000000M1968,2022,other,0,Q1 (fastest),0
MI00000000000M3554,2022,other,0,Q1 (fastest),1
MI00000000000M3554,2023,other,0,Q1 (fastest),0
MI00000000000M4085,2017,other,0,Q1 (fastest),1
MI00000000000M4085,2018,other,0,Q1 (fastest),0
MI00000000000M4148,2016,other,229.75,Q3,6
MI00000000000M4148,2017,other,0,Q1 (fastest),14
MI00000000000M4148,2018,other,0,Q1 (fastest),3
MI00000000000M4148,2019,other,0,Q1 (fastest),0
MI00000000000M4204,2018,other,0,Q1 (fastest),0
MI00000000000M4204,2024,other,0,Q1 (fastest),0
MI00000000000M4469,2020,other,0,Q1 (fastest),0
MI00000000000M4545,2017,other,0,Q1 (fastest),0
MI00000000000M4545,2021,other,0,Q1 (fastest),0
MI00000000000M4547,2016,other,0,Q1 (fastest),1
MI00000000000M4547,2017,other,0,Q1 (fastest),0
MI00000000000M4768,2022,other,0,Q1 (fastest),0
MI00000000000M4780,2023,other,0,Q1 (fastest),0
MI00000000000M4803,2019,other,0,Q1 (fastest),1
MI00000000000M4803,2020,other,0,Q1 (fastest),1
MI00000000000N0034,2024,other,0,Q1 (fastest),3
MI00000000000N0544,2018,other,0,Q1 (fastest),1
MI00000000000N0544,2019,other,0,Q1 (fastest),0
MI00000000000N0677,2021,other,0,Q1 (fastest),0
MI00000000000N0731,2016,other,0,Q1 (fastest),0
MI00000000000N0731,2019,other,0,Q1 (fastest),0
MI00000000000N0758,2020,other,0,Q1 (fastest),0
MI00000000000N0760,2018,other,0,Q1 (fastest),1
MI00000000000N0802,2021,other,0,Q1 (fastest),2
MI00000000000N0802,2022,other,0,Q1 (fastest),0
MI00000000000N0871,2020,other,0,Q1 (fastest),0
MI00000000000N0878,2016,other,0,Q1 (fastest),2
MI00000000000N0878,2017,other,0,Q1 (fastest),2
MI00000000000N0878,2018,other,0,Q1 (fastest),1
MI00000000000N0878,2019,other,0,Q1 (fastest),0
MI00000000000N0879,2018,other,0,Q1 (fastest),0
MI00000000000N0895,2017,other,0,Q1 (fastest),0
MI00000000000N0895,2021,other,497.67,Q4 (slowest),0
MI00000000000N0895,2024,other,0,Q1 (fastest),0
MI00000000000N0917,2020,other,0,Q1 (fastest),1
MI00000000000N0917,2021,other,0,Q1 (fastest),1
MI00000000000N0917,2022,other,0,Q1 (fastest),0
MI00000000000N0924,2017,other,0,Q1 (fastest),0
MI00000000000N0929,2016,other,0,Q1 (fastest),0
MI00000000000N0929,2022,other,0,Q1 (fastest),0
MI00000000000N0950,2017,other,0,Q1 (fastest),2
MI00000000000N0950,2018,other,0,Q1 (fastest),3
MI00000000000N0950,2019,other,0,Q1 (fastest),0
MI00000000000N1160,2016,electric,0,Q1 (fastest),0
MI00000000000N1203,2018,other,0,Q1 (fastest),0
MI00000000000N1228,2019,other,0,Q1 (fastest),0
MI00000000000N1276,2021,other,0,Q1 (fastest),0
MI00000000000N1324,2022,other,0,Q1 (fastest),0
MI00000000000N1384,2019,other,0,Q1 (fastest),0
MI00000000000N1436,2016,other,0,Q1 (fastest),0
MI00000000000N1436,2020,other,0,Q1 (fastest),1
MI00000000000N1436,2021,other,0,Q1 (fastest),0
MI00000000000N1581,2021,other,0,Q1 (fastest),2
MI00000000000N1581,2022,other,0,Q1 (fastest),2
MI00000000000N1581,2023,other,0,Q1 (fastest),0
MI00000000000N1586,2016,other,0,Q1 (fastest),1
MI00000000000N1586,2017,other,0,Q1 (fastest),2
MI00000000000N1586,2018,other,0,Q1 (fastest),0
MI00000000000N1586,2024,other,0,Q1 (fastest),1
MI00000000000N1701,2019,other,307.25,Q4 (slowest),0
MI00000000000N1722,2019,other,0,Q1 (fastest),1
MI00000000000N1722,2023,other,92,Q3,0
MI00000000000N1726,2023,other,832,Q4 (slowest),0
MI00000000000N1794,2016,other,0,Q1 (fastest),0
MI00000000000N1794,2018,other,0,Q1 (fastest),0
MI00000000000N1794,2020,other,690.25,Q4 (slowest),1
MI00000000000N1794,2021,other,443.5,Q4 (slowest),2
MI00000000000N1794,2022,other,217,Q3,0
MI00000000000N1888,2016,other,0,Q1 (fastest),0
MI00000000000N1966,2017,other,0,Q1 (fastest),0
MI00000000000N2079,2021,other,604.75,Q4 (slowest),2
MI00000000000N2079,2022,other,0,Q1 (fastest),0
MI00000000000N2079,2024,other,0,Q1 (fastest),0
MI00000000000N2148,2022,other,0,Q1 (fastest),0
MI00000000000N2155,2018,other,0,Q1 (fastest),0
MI00000000000N2155,2021,other,204,Q3,1
MI00000000000N2155,2023,other,411,Q4 (slowest),0
MI00000000000N2283,2024,other,371,Q4 (slowest),0
MI00000000000N2383,2020,other,0,Q1 (fastest),0
MI00000000000N2383,2022,other,0,Q1 (fastest),0
MI00000000000N2383,2024,other,0,Q1 (fastest),0
MI00000000000N2388,2021,electric,192.5,Q3,0
MI00000000000N2407,2023,other,0,Q1 (fastest),0
MI00000000000N2430,2017,other,0,Q1 (fastest),0
MI00000000000N2430,2022,other,0,Q1 (fastest),1
MI00000000000N2430,2023,other,0,Q1 (fastest),0
MI00000000000N2473,2019,other,0,Q1 (fastest),0
MI00000000000N2503,2024,other,148.75,Q3,0
MI00000000000N2586,2018,electric,0,Q1 (fastest),0
MI00000000000N2586,2024,electric,209,Q3,0
MI00000000000N2610,2018,other,0,Q1 (fastest),0
MI00000000000N2610,2021,other,0,Q1 (fastest),0
MI00000000000N2614,2021,other,0,Q1 (fastest),1
MI00000000000N2614,2022,other,0,Q1 (fastest),0
MI00000000000N2657,2021,other,0,Q1 (fastest),1
MI00000000000N2688,2015,other,2238,Q4 (slowest),0
MI00000000000N2688,2018,other,0,Q1 (fastest),4
MI00000000000N2688,2019,other,218,Q3,4
MI00000000000N2688,2020,other,0,Q1 (fastest),0
MI00000000000N2688,2022,other,0,Q1 (fastest),0
MI00000000000N2688,2024,other,0,Q1 (fastest),0
MI00000000000N2726,2021,electric,0,Q1 (fastest),0
MI00000000000N2804,2017,other,0,Q1 (fastest),1
MI00000000000N2804,2018,other,0,Q1 (fastest),2
MI00000000000N2804,2019,other,0,Q1 (fastest),0
MI00000000000N2812,2018,other,187,Q3,0
MI00000000000N2829,2020,other,0,Q1 (fastest),0
MI00000000000N2901,2022,other,0,Q1 (fastest),0
MI00000000000N2907,2023,other,0,Q1 (fastest),1
MI00000000000N2915,2017,other,0,Q1 (fastest),0
MI00000000000N2940,2016,other,0,Q1 (fastest),0
MI00000000000N2940,2018,other,0,Q1 (fastest),0
MI00000000000N3044,2022,other,0,Q1 (fastest),1
MI00000000000N3078,2020,other,0,Q1 (fastest),0
MI00000000000N3078,2022,other,0,Q1 (fastest),0
MI00000000000N3078,2024,other,0,Q1 (fastest),0
MI00000000000N3228,2018,other,0,Q1 (fastest),0
MI00000000000N3254,2021,other,0,Q1 (fastest),0
MI00000000000N3267,2022,other,0,Q1 (fastest),1
MI00000000000N3279,2016,other,0,Q1 (fastest),2
MI00000000000N3294,2024,other,0,Q1 (fastest),0
MI00000000000N3391,2016,other,0,Q1 (fastest),0
MI00000000000N3391,2022,other,0,Q1 (fastest),0
MI00000000000N3391,2024,other,0,Q1 (fastest),0
MI00000000000N3422,2021,other,0,Q1 (fastest),0
MI00000000000N3570,2019,electric,0,Q1 (fastest),0
MI00000000000N3570,2021,electric,0,Q1 (fastest),0
MI00000000000N3570,2024,electric,0,Q1 (fastest),0
MI00000000000N3818,2016,other,0,Q1 (fastest),0
MI00000000000N3818,2020,other,0,Q1 (fastest),0
MI00000000000N5101,2017,other,0,Q1 (fastest),0
MI00000000000N5101,2019,other,0,Q1 (fastest),1
MI00000000000N5101,2020,other,0,Q1 (fastest),1
MI00000000000N5101,2021,other,0,Q1 (fastest),1
MI00000000000N5101,2022,other,0,Q1 (fastest),0
MI00000000000N5223,2019,other,0,Q1 (fastest),1
MI00000000000N5223,2020,other,142,Q3,0
MI00000000000N5352,2018,electric,0,Q1 (fastest),0
MI00000000000N5397,2024,other,0,Q1 (fastest),0
MI00000000000N5541,2023,other,0,Q1 (fastest),0
MI00000000000N5574,2023,other,0,Q1 (fastest),0
MI00000000000N5599,2018,other,0,Q1 (fastest),0
MI00000000000N5600,2023,other,0,Q1 (fastest),0
MI00000000000N5619,2022,other,0,Q1 (fastest),0
MI00000000000N5656,2022,other,0,Q1 (fastest),0
MI00000000000N5747,2020,other,0,Q1 (fastest),0
MI00000000000N5798,2017,other,0,Q1 (fastest),0
MI00000000000N5814,2016,other,0,Q1 (fastest),0
MI00000000000N5814,2019,other,0,Q1 (fastest),0
MI00000000000N5866,2019,other,0,Q1 (fastest),0
MI00000000000N5940,2024,other,0,Q1 (fastest),0
MI00000000000N5955,2017,other,0,Q1 (fastest),0
MI00000000000N5957,2017,other,0,Q1 (fastest),3
MI00000000000N5957,2018,other,167.33,Q3,1
MI00000000000N5957,2019,other,0,Q1 (fastest),0
MI00000000000N5957,2023,other,0,Q1 (fastest),0
MI00000000000N5984,2020,other,0,Q1 (fastest),0
MI00000000000N5985,2023,other,0,Q1 (fastest),0
MI00000000000N5986,2016,other,0,Q1 (fastest),0
MI00000000000N5987,2019,other,0,Q1 (fastest),1
MI00000000000N5987,2020,other,0,Q1 (fastest),0
MI00000000000N5987,2023,other,0,Q1 (fastest),0
MI00000000000N5991,2019,other,0,Q1 (fastest),0
MI00000000000N5991,2021,other,0,Q1 (fastest),1
MI00000000000N5991,2022,other,0,Q1 (fastest),1
MI00000000000N5997,2019,other,275.5,Q4 (slowest),0
MI00000000000N5997,2022,other,0,Q1 (fastest),0
MI00000000000N5997,2024,other,0,Q1 (fastest),1
MI00000000000N6004,2016,other,0,Q1 (fastest),2
MI00000000000N6004,2017,other,0,Q1 (fastest),1
MI00000000000N6004,2018,other,0,Q1 (fastest),0
MI00000000000N6004,2022,other,0,Q1 (fastest),0
MI00000000000N6006,2021,other,0,Q1 (fastest),0
MI00000000000N6008,2016,other,130,Q3,0
MI00000000000N6008,2020,other,0,Q1 (fastest),0
MI00000000000N6010,2017,other,0,Q1 (fastest),0
MI00000000000N6010,2019,other,0,Q1 (fastest),0
MI00000000000N6013,2020,other,0,Q1 (fastest),0
MI00000000000N6033,2020,other,0,Q1 (fastest),0
MI00000000000N6034,2018,other,0,Q1 (fastest),0
MI00000000000N6035,2023,other,0,Q1 (fastest),2
MI00000000000N6035,2024,other,0,Q1 (fastest),2
MI00000000000N6037,2020,other,0,Q1 (fastest),0
MI00000000000N6039,2020,other,0,Q1 (fastest),0
MI00000000000N6052,2022,other,0,Q1 (fastest),0
MI00000000000N6064,2017,other,0,Q1 (fastest),0
MI00000000000N6069,2017,other,0,Q1 (fastest),0
MI00000000000N6071,2017,other,0,Q1 (fastest),0
MI00000000000N6072,2017,other,0,Q1 (fastest),0
MI00000000000N6074,2017,other,0,Q1 (fastest),0
MI00000000000N6207,2023,other,304.5,Q4 (slowest),1
MI00000000000N6207,2024,other,0,Q1 (fastest),0
MI00000000000N6226,2016,other,1088,Q4 (slowest),5
MI00000000000N6226,2017,other,0,Q1 (fastest),3
MI00000000000N6226,2018,other,0,Q1 (fastest),1
MI00000000000N6226,2019,other,0,Q1 (fastest),0
MI00000000000N6226,2022,other,137.67,Q3,0
MI00000000000N6235,2021,other,0,Q1 (fastest),1
MI00000000000N6388,2022,other,0,Q1 (fastest),0
MI00000000000N6388,2024,other,0,Q1 (fastest),0
MI00000000000N6578,2017,other,0,Q1 (fastest),0
MI00000000000N6626,2022,electric,0,Q1 (fastest),0
MI00000000000N6707,2021,other,1471,Q4 (slowest),0
MI00000000000N6767,2017,electric,0,Q1 (fastest),1
MI00000000000N6767,2018,electric,0,Q1 (fastest),1
MI00000000000N6767,2019,electric,0,Q1 (fastest),0
MI00000000000N6767,2023,electric,573.67,Q4 (slowest),2
MI00000000000N6767,2024,electric,0,Q1 (fastest),0
MI00000000000N6791,2024,other,372,Q4 (slowest),0
MI00000000000N6858,2018,other,0,Q1 (fastest),0
MI00000000000N6873,2019,electric,0,Q1 (fastest),0
MI00000000000N6873,2021,electric,0,Q1 (fastest),0
MI00000000000N6938,2018,other,0,Q1 (fastest),1
MI00000000000N6944,2016,other,0,Q1 (fastest),0
MI00000000000N6944,2020,other,0,Q1 (fastest),1
MI00000000000N6944,2021,other,0,Q1 (fastest),0
MI00000000000N6944,2023,other,0,Q1 (fastest),0
MI00000000000N6989,2020,other,0,Q1 (fastest),0
MI00000000000N6996,2022,other,0,Q1 (fastest),3
MI00000000000N6996,2023,other,0,Q1 (fastest),2
MI00000000000N6996,2024,other,0,Q1 (fastest),1
MI00000000000N7164,2016,other,0,Q1 (fastest),0
MI00000000000N7164,2021,other,609.5,Q4 (slowest),1
MI00000000000N7164,2022,other,393.5,Q4 (slowest),0
MI00000000000N7221,2019,other,0,Q1 (fastest),0
MI00000000000N7221,2021,other,0,Q1 (fastest),0
MI00000000000N7228,2019,other,0,Q1 (fastest),0
MI00000000000N7256,2020,other,0,Q1 (fastest),1
MI00000000000N7256,2021,other,0,Q1 (fastest),0
MI00000000000N7271,2019,other,0,Q1 (fastest),0
MI00000000000N7350,2024,other,0,Q1 (fastest),0
MI00000000000N7362,2022,other,200,Q3,0
MI00000000000N7374,2016,other,0,Q1 (fastest),1
MI00000000000N7374,2017,other,1119.5,Q4 (slowest),1
MI00000000000N7374,2018,other,1030,Q4 (slowest),0
MI00000000000N7374,2020,other,612.5,Q4 (slowest),0
MI00000000000N7413,2019,other,159,Q3,0
MI00000000000N7413,2021,other,0,Q1 (fastest),0
MI00000000000N7413,2023,other,0,Q1 (fastest),0
MI00000000000N7418,2023,other,0,Q1 (fastest),1
MI00000000000N7436,2016,other,0,Q1 (fastest),1
MI00000000000N7436,2017,other,0,Q1 (fastest),0
MI00000000000N7436,2022,other,0,Q1 (fastest),1
MI00000000000N7486,2019,other,0,Q1 (fastest),1
MI00000000000N7486,2020,other,0,Q1 (fastest),0
MI00000000000N7486,2024,other,0,Q1 (fastest),0
MI00000000000N7499,2019,other,0,Q1 (fastest),0
MI00000000000N7499,2023,other,0,Q1 (fastest),1
MI00000000000N7499,2024,other,0,Q1 (fastest),1
MI00000000000N7564,2017,other,0,Q1 (fastest),2
MI00000000000N7564,2018,other,0,Q1 (fastest),0
MI00000000000N7564,2021,other,0,Q1 (fastest),1
MI00000000000N7564,2022,other,0,Q1 (fastest),0
MI00000000000N7578,2017,other,0,Q1 (fastest),0
MI00000000000N7578,2021,other,0,Q1 (fastest),1
MI00000000000N7578,2022,other,0,Q1 (fastest),0
MI00000000000N7578,2024,other,0,Q1 (fastest),0
MI00000000000N7599,2023,other,0,Q1 (fastest),0
MI00000000000N7679,2023,other,0,Q1 (fastest),0
MI00000000000N7688,2018,other,185.5,Q3,2
MI00000000000N7688,2019,other,0,Q1 (fastest),2
MI00000000000N7688,2020,other,0,Q1 (fastest),1
MI00000000000N7688,2021,other,0,Q1 (fastest),1
MI00000000000N7688,2022,other,0,Q1 (fastest),1
MI00000000000N7688,2023,other,0,Q1 (fastest),2
MI00000000000N7688,2024,other,3.5,Q1 (fastest),0
MI00000000000N7709,2024,other,804,Q4 (slowest),0
MI00000000000N7754,2023,other,0,Q1 (fastest),0
MI00000000000N7762,2024,other,0,Q1 (fastest),0
MI00000000000N7764,2019,other,0,Q1 (fastest),0
MI00000000000N7795,2020,other,0,Q1 (fastest),0
MI00000000000N7871,2018,other,0,Q1 (fastest),0
MI00000000000N7927,2017,other,0,Q1 (fastest),0
MI00000000000N7954,2016,other,0,Q1 (fastest),1
MI00000000000N7954,2017,other,0,Q1 (fastest),1
MI00000000000N7999,2021,other,0,Q1 (fastest),1
MI00000000000N7999,2022,other,0,Q1 (fastest),1
MI00000000000N7999,2023,other,0,Q1 (fastest),0
MI00000000000N8081,2022,other,0,Q1 (fastest),2
MI00000000000N8081,2023,other,177.25,Q3,1
MI00000000000N8081,2024,other,0,Q1 (fastest),4
MI00000000000N8210,2021,electric,0,Q1 (fastest),0
MI00000000000N8248,2023,other,0,Q1 (fastest),0
MI00000000000N8270,2018,other,0,Q1 (fastest),0
MI00000000000N8304,2019,electric,0,Q1 (fastest),0
MI00000000000P0087,2018,other,327,Q4 (slowest),0
MI00000000000P0087,2024,other,337,Q4 (slowest),0
MI00000000000P0117,2018,other,0,Q1 (fastest),0
MI00000000000P0206,2022,other,0,Q1 (fastest),0
MI00000000000P0222,2017,electric,0,Q1 (fastest),0
MI00000000000P0293,2016,other,0,Q1 (fastest),0
MI00000000000P0293,2019,other,0,Q1 (fastest),0
MI00000000000P0301,2021,other,0,Q1 (fastest),1
MI00000000000P0301,2022,other,0,Q1 (fastest),1
MI00000000000P0316,2018,other,0,Q1 (fastest),1
MI00000000000P0317,2019,other,0,Q1 (fastest),0
MI00000000000P0328,2022,other,0,Q1 (fastest),1
MI00000000000P0328,2023,other,0,Q1 (fastest),0
MI00000000000P0374,2016,other,0,Q1 (fastest),0
MI00000000000P0375,2016,electric,0,Q1 (fastest),0
MI00000000000P0380,2019,other,0,Q1 (fastest),0
MI00000000000P0384,2017,other,509,Q4 (slowest),0
MI00000000000P0408,2016,other,0,Q1 (fastest),4
MI00000000000P0408,2017,other,0,Q1 (fastest),0
MI00000000000P0408,2019,other,0,Q1 (fastest),2
MI00000000000P0408,2020,other,0,Q1 (fastest),1
MI00000000000P0408,2021,other,0,Q1 (fastest),0
MI00000000000P0408,2023,other,0,Q1 (fastest),3
MI00000000000P0408,2024,other,0,Q1 (fastest),0
MI00000000000P0423,2020,other,0,Q1 (fastest),1
MI00000000000P0423,2021,other,0,Q1 (fastest),0
MI00000000000P0426,2017,electric,0,Q1 (fastest),0
MI00000000000P0429,2016,other,70,Q2,0
MI00000000000P0465,2020,electric,0,Q1 (fastest),0
MI00000000000P0578,2019,other,0,Q1 (fastest),1
MI00000000000P0625,2016,other,0,Q1 (fastest),0
MI00000000000P0634,2016,other,0,Q1 (fastest),3
MI00000000000P0634,2017,other,0,Q1 (fastest),0
MI00000000000P0634,2019,other,0,Q1 (fastest),0
MI00000000000P0634,2021,other,247.33,Q3,0
MI00000000000P0634,2023,other,29,Q2,2
MI00000000000P0634,2024,other,0,Q1 (fastest),0
MI00000000000P0677,2017,other,0,Q1 (fastest),0
MI00000000000P0677,2019,other,0,Q1 (fastest),0
MI00000000000P0677,2022,other,0,Q1 (fastest),2
MI00000000000P0677,2023,other,0,Q1 (fastest),0
MI00000000000P0680,2021,other,0,Q1 (fastest),0
MI00000000000P0708,2021,other,0,Q1 (fastest),0
MI00000000000P0739,2021,other,0,Q1 (fastest),0
MI00000000000P0742,2024,other,0,Q1 (fastest),0
MI00000000000P0758,2017,other,0,Q1 (fastest),0
MI00000000000P0808,2017,other,191,Q3,0
MI00000000000P0808,2024,other,0,Q1 (fastest),0
MI00000000000P0829,2017,electric,354,Q4 (slowest),0
MI00000000000P0893,2023,other,0,Q1 (fastest),1
MI00000000000P0982,2024,other,0,Q1 (fastest),0
MI00000000000P1025,2022,other,0,Q1 (fastest),0
MI00000000000P1027,2019,other,0,Q1 (fastest),0
MI00000000000P1028,2021,other,0,Q1 (fastest),0
MI00000000000P1028,2023,other,0,Q1 (fastest),0
MI00000000000P1075,2023,other,0,Q1 (fastest),1
MI00000000000P1075,2024,other,0,Q1 (fastest),0
MI00000000000P1109,2020,other,0,Q1 (fastest),2
MI00000000000P1109,2021,other,0,Q1 (fastest),3
MI00000000000P1109,2022,other,0,Q1 (fastest),0
MI00000000000P1193,2023,other,0,Q1 (fastest),0
MI00000000000P1198,2022,other,0,Q1 (fastest),1
MI00000000000P1198,2023,other,0,Q1 (fastest),0
MI00000000000P1217,2023,other,0,Q1 (fastest),0
MI00000000000P1242,2024,other,391,Q4 (slowest),1
MI00000000000P1256,2023,other,0,Q1 (fastest),1
MI00000000000P1318,2023,other,0,Q1 (fastest),1
MI00000000000P1318,2024,other,0,Q1 (fastest),1
MI00000000000P1361,2024,other,0,Q1 (fastest),0
MI00000000000P1475,2018,other,2695,Q4 (slowest),2
MN0000002700100024,2017,other,225,Q3,0
MN0000002700100024,2022,other,61,Q2,0
MN0000002700300019,2019,other,140,Q3,0
MN0000002700300019,2021,other,247,Q3,0
MN0000002700300156,2022,other,230,Q3,0
MN0000002700300196,2017,other,71,Q2,0
MN0000002700300196,2022,other,231,Q3,0
MN0000002700300224,2019,other,37,Q2,0
MN0000002700700019,2021,other,378,Q4 (slowest),1
MN0000002700700019,2022,other,328,Q4 (slowest),0
MN0000002700900026,2022,other,149,Q3,0
MN0000002700900026,2024,other,559,Q4 (slowest),0
MN0000002701300004,2021,other,614,Q4 (slowest),0
MN0000002701300110,2017,other,72,Q2,0
MN0000002701300110,2020,other,192,Q3,0
MN0000002701700006,2023,other,163,Q3,0
MN0000002701900022,2017,other,167,Q3,0
MN0000002701900022,2022,other,28,Q2,0
MN0000002702500056,2017,other,71,Q2,0
MN0000002702700001,2018,other,232,Q3,0
MN0000002702700001,2021,other,490,Q4 (slowest),0
MN0000002702700001,2023,other,183,Q3,0
MN0000002702700072,2018,electric,37,Q2,0
MN0000002702700082,2022,other,190,Q3,0
MN0000002703100008,2019,electric,567,Q4 (slowest),0
MN0000002703300025,2017,other,196,Q3,0
MN0000002703700011,2024,other,42,Q2,0
MN0000002703700020,2017,other,569,Q4 (slowest),0
MN0000002703700020,2021,other,301,Q4 (slowest),0
MN0000002703700043,2021,other,82,Q2,0
MN0000002703700066,2018,other,1,Q1 (fastest),1
MN0000002703700066,2021,other,136,Q3,1
MN0000002703700066,2022,other,48,Q2,0
MN0000002703700070,2018,other,250,Q3,0
MN0000002703700070,2023,other,446,Q4 (slowest),0
MN0000002703700115,2022,other,146,Q3,0
MN0000002703700369,2019,other,211,Q3,0
MN0000002703700370,2017,other,64,Q2,0
MN0000002703700381,2019,other,72,Q2,0
MN0000002703700398,2024,other,234,Q3,0
MN0000002703900014,2016,other,197,Q3,1
MN0000002703900014,2017,other,43,Q2,0
MN0000002703900014,2020,other,61,Q2,0
MN0000002703900014,2023,other,181,Q3,0
MN0000002703900028,2019,other,806,Q4 (slowest),0
MN0000002703900028,2023,other,1009,Q4 (slowest),0
MN0000002704100003,2018,other,147,Q3,0
MN0000002704100021,2019,electric,318,Q4 (slowest),0
MN0000002704300002,2024,electric,310,Q4 (slowest),0
MN0000002704500037,2022,other,84,Q2,1
MN0000002704500037,2023,other,243,Q3,0
MN0000002704700055,2017,other,53,Q2,1
MN0000002704700055,2019,other,373,Q4 (slowest),0
MN0000002704700055,2022,other,650,Q4 (slowest),0
MN0000002704900001,2016,other,385,Q4 (slowest),0
MN0000002704900001,2022,other,278,Q4 (slowest),0
MN0000002704900039,2016,other,79,Q2,0
MN0000002704900039,2018,other,83,Q2,0
MN0000002704900039,2020,other,69,Q2,0
MN0000002704900039,2023,other,232,Q3,0
MN0000002704900040,2021,other,50,Q2,1
MN0000002704900040,2022,other,174,Q3,0
MN0000002704900040,2024,other,197,Q3,0
MN0000002704900065,2019,other,127,Q3,0
MN0000002704900065,2021,other,38,Q2,0
MN0000002705300002,2022,other,42,Q2,0
MN0000002705300010,2022,other,91,Q2,0
MN0000002705300028,2017,other,74.5,Q2,0
MN0000002705300028,2019,other,37,Q2,0
MN0000002705300043,2020,other,380,Q4 (slowest),0
MN0000002705300061,2022,other,232,Q3,0
MN0000002705300099,2020,other,393,Q4 (slowest),0
MN0000002705300138,2019,other,28,Q2,0
MN0000002705300138,2022,other,137.5,Q3,0
MN0000002705300222,2019,other,204,Q3,1
MN0000002705300222,2020,other,56,Q2,0
MN0000002705300384,2020,other,35,Q2,0
MN0000002705300384,2023,other,413,Q4 (slowest),0
MN0000002705300411,2017,other,35,Q2,0
MN0000002705300443,2017,other,80,Q2,0
MN0000002705300443,2024,other,81,Q2,0
MN0000002705300477,2017,other,567,Q4 (slowest),1
MN0000002705300477,2018,other,23,Q2,0
MN0000002705300477,2023,other,85,Q2,0
MN0000002705300821,2019,other,84,Q2,0
MN0000002705300834,2021,other,237,Q3,1
MN0000002705300834,2022,other,28,Q2,0
MN0000002705300966,2018,other,39,Q2,0
MN0000002705301047,2019,other,27,Q2,0
MN0000002705301050,2022,other,27,Q2,0
MN0000002705301077,2017,other,332,Q4 (slowest),0
MN0000002705301156,2022,other,169,Q3,0
MN0000002705301207,2019,other,260,Q4 (slowest),0
MN0000002705301207,2021,other,57,Q2,1
MN0000002705301207,2022,other,55,Q2,0
MN0000002705301240,2017,other,240,Q3,0
MN0000002705301255,2019,other,168,Q3,0
MN0000002706100001,2018,other,183,Q3,0
MN0000002706100067,2016,other,113,Q3,0
MN0000002706300010,2016,other,603,Q4 (slowest),0
MN0000002706300025,2023,other,644,Q4 (slowest),0
MN0000002706500032,2019,electric,126,Q3,0
MN0000002706500033,2017,other,80,Q2,0
MN0000002706700061,2018,other,64,Q2,0
MN0000002706900025,2020,other,218,Q3,0
MN0000002707100002,2020,other,129,Q3,0
MN0000002707300002,2018,other,42,Q2,0
MN0000002707900006,2018,other,210,Q3,0
MN0000002707900017,2017,other,56,Q2,0
MN0000002707900017,2020,other,132,Q3,0
MN0000002707900019,2021,other,540,Q4 (slowest),0
MN0000002707900044,2022,other,272,Q4 (slowest),0
MN0000002707900045,2017,other,1067,Q4 (slowest),0
MN0000002707900045,2024,other,327,Q4 (slowest),0
MN0000002707900050,2017,electric,216,Q3,0
MN0000002707900050,2020,electric,55,Q2,0
MN0000002708300038,2017,other,241,Q3,0
MN0000002708300038,2023,other,309,Q4 (slowest),0
MN0000002708500002,2017,electric,665,Q4 (slowest),0
MN0000002708500013,2018,electric,604,Q4 (slowest),0
MN0000002708900022,2018,other,54,Q2,0
MN0000002709100059,2017,other,325,Q4 (slowest),0
MN0000002709100060,2022,other,982,Q4 (slowest),0
MN0000002709300035,2017,other,83,Q2,0
MN0000002709500011,2021,electric,235,Q4 (slowest),0
MN0000002709700025,2019,other,38,Q2,0
MN0000002709900002,2021,other,48,Q2,1
MN0000002709900002,2022,other,82,Q2,0
MN0000002710300014,2017,other,525,Q4 (slowest),0
MN0000002710300036,2018,electric,459,Q4 (slowest),0
MN0000002710300036,2021,electric,127,Q3,0
MN0000002710500001,2018,other,132,Q3,0
MN0000002710500053,2020,other,167,Q3,0
MN0000002710500054,2024,electric,391,Q4 (slowest),0
MN0000002710900005,2019,electric,169,Q3,0
MN0000002710900006,2023,other,207,Q3,0
MN0000002710900010,2017,other,83,Q2,1
MN0000002710900010,2018,other,128,Q3,0
MN0000002710900022,2020,other,354,Q4 (slowest),0
MN0000002710900022,2023,other,284,Q4 (slowest),0
MN0000002710900032,2017,other,73,Q2,0
MN0000002710900032,2019,other,237,Q3,0
MN0000002710900032,2021,other,292,Q4 (slowest),1
MN0000002710900032,2022,other,526,Q4 (slowest),0
MN0000002710900084,2023,other,462,Q4 (slowest),0
MN0000002710900102,2021,other,455,Q4 (slowest),0
MN0000002710900102,2023,other,620,Q4 (slowest),0
MN0000002710901028,2019,electric,15,Q2,0
MN0000002711100016,2019,other,36,Q2,0
MN0000002711100036,2017,other,44,Q2,1
MN0000002711100036,2018,other,12,Q1 (fastest),0
MN0000002711100077,2017,other,240,Q3,0
MN0000002711100077,2020,other,101,Q3,0
MN0000002711100077,2023,other,175,Q3,0
MN0000002711300014,2019,other,143,Q3,1
MN0000002711300014,2020,other,176,Q3,0
MN0000002711900001,2017,other,203,Q3,0
MN0000002711900002,2020,other,154,Q3,1
MN0000002711900002,2021,other,1079,Q4 (slowest),0
MN0000002711900051,2018,other,89,Q2,0
MN0000002712100021,2017,other,323,Q4 (slowest),0
MN0000002712300001,2019,other,212,Q3,0
MN0000002712300015,2018,other,320,Q4 (slowest),1
MN0000002712300015,2019,other,44,Q2,1
MN0000002712300015,2020,other,174,Q3,0
MN0000002712300055,2017,other,518,Q4 (slowest),0
MN0000002712300063,2016,electric,307,Q4 (slowest),0
MN0000002712300063,2018,electric,27,Q2,0
MN0000002712300063,2020,electric,28,Q2,0
MN0000002712300341,2020,other,236,Q3,0
MN0000002712300687,2018,other,264,Q4 (slowest),0
MN0000002712300694,2019,other,86,Q2,0
MN0000002712300707,2016,other,44,Q2,0
MN0000002712300707,2019,other,35,Q2,0
MN0000002712300718,2017,other,56,Q2,0
MN0000002712300718,2020,other,141,Q3,0
MN0000002712300755,2019,other,22,Q2,0
MN0000002712700038,2018,electric,96,Q3,0
MN0000002712700053,2018,other,267,Q4 (slowest),0
MN0000002713100005,2018,other,299,Q4 (slowest),0
MN0000002713100005,2020,other,166,Q3,0
MN0000002713100005,2024,other,335,Q4 (slowest),0
MN0000002713100058,2018,other,14,Q1 (fastest),0
MN0000002713100071,2022,electric,84,Q2,0
MN0000002713300023,2018,other,204,Q3,0
MN0000002713500002,2017,other,188,Q3,1
MN0000002713500002,2018,other,491,Q4 (slowest),0
MN0000002713500002,2021,other,27,Q2,0
MN0000002713700005,2021,other,34,Q2,0
MN0000002713700015,2022,electric,17,Q2,0
MN0000002713700027,2021,electric,66,Q2,1
MN0000002713700027,2023,electric,55,Q2,0
MN0000002713700028,2016,electric,132.33,Q3,0
MN0000002713700071,2019,other,120,Q3,0
MN0000002713700113,2024,other,551,Q4 (slowest),0
MN0000002713700343,2017,other,10,Q1 (fastest),0
MN0000002713700343,2019,other,481,Q4 (slowest),0
MN0000002713900003,2019,other,153,Q3,0
MN0000002713900005,2018,other,132,Q3,0
MN0000002713900005,2020,other,147,Q3,0
MN0000002713900013,2022,other,100,Q3,0
MN0000002713900114,2017,electric,1052,Q4 (slowest),1
MN0000002713900114,2018,electric,777,Q4 (slowest),1
MN0000002713900114,2019,electric,335,Q4 (slowest),0
MN0000002713900114,2021,electric,182,Q3,0
MN0000002713900114,2024,electric,133,Q3,0
MN0000002713900120,2016,other,248,Q3,0
MN0000002713900128,2017,electric,251,Q4 (slowest),0
MN0000002713900128,2021,electric,226,Q4 (slowest),1
MN0000002713900128,2022,electric,596,Q4 (slowest),0
MN0000002714100001,2019,other,685.5,Q4 (slowest),0
MN0000002714100003,2017,electric,450,Q4 (slowest),0
MN0000002714100004,2018,electric,238,Q4 (slowest),0
MN0000002714100036,2017,other,428,Q4 (slowest),0
MN0000002714100059,2018,other,44,Q2,0
MN0000002714300014,2017,other,18,Q2,0
MN0000002714300014,2018,other,453,Q4 (slowest),0
MN0000002714300014,2024,other,34,Q2,0
MN0000002714500010,2017,other,76,Q2,1
MN0000002714500010,2018,other,63,Q2,0
MN0000002714500010,2020,other,135,Q3,0
MN0000002714500032,2017,other,185,Q3,0
MN0000002714500147,2019,other,79,Q2,0
MN0000002714500185,2019,other,400,Q4 (slowest),0
MN0000002714700012,2020,other,197,Q3,0
MN0000002714900013,2017,other,224,Q3,0
MN0000002714900013,2019,other,189,Q3,1
MN0000002714900013,2020,other,114,Q3,0
MN0000002714900013,2024,other,240,Q3,0
MN0000002715100006,2024,electric,550,Q4 (slowest),0
MN0000002715100026,2017,other,81,Q2,0
MN0000002715100026,2019,other,50,Q2,0
MN0000002715700015,2017,other,306,Q4 (slowest),0
MN0000002715700022,2018,other,155,Q3,1
MN0000002715700022,2019,other,158,Q3,0
MN0000002715700034,2021,other,164,Q3,1
MN0000002715700034,2022,other,386,Q4 (slowest),0
MN0000002715700034,2024,other,268,Q4 (slowest),1
MN0000002716100035,2022,other,203,Q3,0
MN0000002716300005,2019,electric,196,Q3,0
MN0000002716300015,2023,other,396,Q4 (slowest),0
MN0000002716300059,2019,other,229,Q3,0
MN0000002716500025,2017,electric,27,Q2,0
MN0000002716900003,2019,other,126,Q3,0
MN0000002716900004,2018,other,154,Q3,1
MN0000002716900012,2016,other,17,Q2,0
MN0000002716900012,2022,other,230,Q3,1
MN0000002716900012,2023,other,190,Q3,0
MN0000002716900013,2019,other,167,Q3,0
MN0000002716900013,2021,other,157,Q3,0
MN0000002716900092,2018,other,71,Q2,0
MN0000002717100009,2019,other,85,Q2,0
MN0000002717300038,2019,other,129,Q3,0
MO0000002900700047,2023,other,85,Q2,0
MO0000002900700051,2021,other,0,Q1 (fastest),1
MO0000002900700051,2022,other,0,Q1 (fastest),0
MO0000002900900062,2024,other,112.5,Q3,0
MO0000002901900004,2020,electric,0,Q1 (fastest),0
MO0000002901900004,2023,electric,63,Q2,1
MO0000002901900004,2024,electric,22,Q2,0
MO0000002901900069,2024,other,63,Q2,0
MO0000002902100016,2020,other,0,Q1 (fastest),0
MO0000002902100016,2022,other,70.33,Q2,1
MO0000002902100016,2023,other,0,Q1 (fastest),0
MO0000002902100056,2024,other,63,Q2,0
MO0000002902100064,2020,other,0,Q1 (fastest),0
MO0000002902100064,2022,other,0,Q1 (fastest),0
MO0000002902100064,2024,other,105,Q3,1
MO0000002902100095,2022,other,0,Q1 (fastest),1
MO0000002902100095,2023,other,0,Q1 (fastest),0
MO0000002902100105,2022,other,0,Q1 (fastest),1
MO0000002902100105,2023,other,37,Q2,1
MO0000002902100105,2024,other,216.5,Q3,0
MO0000002902700001,2022,other,0,Q1 (fastest),1
MO0000002902700001,2023,other,36,Q2,1
MO0000002902700001,2024,other,202.67,Q3,1
MO0000002902700007,2024,electric,63,Q2,1
MO0000002902700026,2024,electric,43,Q2,0
MO0000002903100010,2022,other,57,Q2,0
MO0000002903100061,2022,electric,155.33,Q3,0
MO0000002903100072,2020,other,0,Q1 (fastest),0
MO0000002903100126,2022,other,184.5,Q3,0
MO0000002903100132,2020,other,0,Q1 (fastest),0
MO0000002903300001,2023,other,85,Q2,0
MO0000002903300036,2022,other,0,Q1 (fastest),0
MO0000002903300037,2021,other,0,Q1 (fastest),0
MO0000002903500004,2022,other,73.5,Q2,0
MO0000002904700002,2020,other,0,Q1 (fastest),0
MO0000002904700019,2022,other,0,Q1 (fastest),0
MO0000002904700027,2022,other,108.33,Q3,1
MO0000002904700027,2023,other,0,Q1 (fastest),1
MO0000002904700027,2024,other,63,Q2,1
MO0000002904700075,2024,other,232,Q3,0
MO0000002904700122,2022,other,0,Q1 (fastest),1
MO0000002904700178,2021,other,0,Q1 (fastest),1
MO0000002904700178,2022,other,0,Q1 (fastest),1
MO0000002904702227,2021,other,0,Q1 (fastest),1
MO0000002904702227,2022,other,0,Q1 (fastest),1
MO0000002904702227,2023,other,132.67,Q3,0
MO0000002905100032,2023,other,150,Q3,0
MO0000002905500043,2020,other,0,Q1 (fastest),0
MO0000002905500047,2023,other,114,Q3,0
MO0000002905500057,2022,other,0,Q1 (fastest),0
MO0000002906900018,2022,other,0,Q1 (fastest),1
MO0000002906900034,2024,electric,208.25,Q3,0
MO0000002906900063,2023,electric,424.5,Q4 (slowest),0
MO0000002907100003,2023,electric,119,Q3,2
MO0000002907100003,2024,electric,83.33,Q2,0
MO0000002907100014,2022,other,0,Q1 (fastest),0
MO0000002907100031,2020,other,0,Q1 (fastest),0
MO0000002907100031,2022,other,0,Q1 (fastest),0
MO0000002907100131,2024,other,80,Q2,0
MO0000002907100151,2022,other,0,Q1 (fastest),0
MO0000002907100151,2024,other,69,Q2,0
MO0000002907100157,2020,other,0,Q1 (fastest),0
MO0000002907100157,2022,other,109.5,Q3,1
MO0000002907100157,2023,other,0,Q1 (fastest),1
MO0000002907100157,2024,other,69,Q2,0
MO0000002907700004,2022,other,0,Q1 (fastest),0
MO0000002907700017,2023,other,290.5,Q4 (slowest),1
MO0000002907700017,2024,other,200.5,Q3,0
MO0000002908300033,2023,other,85,Q2,0
MO0000002908300046,2022,other,0,Q1 (fastest),1
MO0000002908300046,2023,other,85,Q2,0
MO0000002908700001,2022,other,222.67,Q3,0
MO0000002908700001,2024,other,149.5,Q3,0
MO0000002908700016,2019,other,135.75,Q3,0
MO0000002908700016,2022,other,88,Q2,1
MO0000002908700016,2023,other,569,Q4 (slowest),0
MO0000002909100005,2024,other,176.5,Q3,1
MO0000002909100011,2022,other,0,Q1 (fastest),0
MO0000002909100046,2023,other,467,Q4 (slowest),0
MO0000002909300009,2018,other,169,Q3,0
MO0000002909300009,2019,other,332.5,Q4 (slowest),2
MO0000002909300009,2020,other,0,Q1 (fastest),1
MO0000002909300009,2022,other,0,Q1 (fastest),4
MO0000002909300009,2023,other,226.17,Q3,2
MO0000002909300009,2024,other,119,Q3,1
MO0000002909500011,2021,other,15,Q2,0
MO0000002909500021,2020,other,0,Q1 (fastest),0
MO0000002909500021,2022,other,150.5,Q3,0
MO0000002909500026,2020,other,0,Q1 (fastest),1
MO0000002909500026,2021,other,0,Q1 (fastest),1
MO0000002909500026,2022,other,0,Q1 (fastest),1
MO0000002909500026,2023,other,32,Q2,2
MO0000002909500026,2024,other,73,Q2,1
MO0000002909500030,2024,other,28,Q2,1
MO0000002909500037,2023,other,168.5,Q3,0
MO0000002909500039,2019,other,298,Q4 (slowest),0
MO0000002909500039,2023,other,221.5,Q3,0
MO0000002909500046,2024,other,61.5,Q2,0
MO0000002909500075,2023,other,464.75,Q4 (slowest),0
MO0000002909500186,2021,other,127.5,Q3,0
MO0000002909500222,2024,electric,69,Q2,0
MO0000002909500223,2024,electric,69,Q2,0
MO0000002909500224,2024,electric,69,Q2,0
MO0000002909502001,2024,other,74.5,Q2,0
MO0000002909700065,2023,other,85,Q2,0
MO0000002909700089,2022,other,44,Q2,2
MO0000002909700089,2023,other,54,Q2,0
MO0000002909700138,2021,other,0,Q1 (fastest),0
MO0000002909700138,2024,other,56.5,Q2,0
MO0000002909700176,2018,other,328,Q4 (slowest),0
MO0000002909700176,2022,other,258,Q4 (slowest),0
MO0000002909700176,2024,other,189.75,Q3,1
MO0000002909900002,2020,other,0,Q1 (fastest),0
MO0000002909900002,2022,other,0,Q1 (fastest),1
MO0000002909900002,2023,other,85,Q2,0
MO0000002909900044,2021,other,177,Q3,0
MO0000002909900052,2024,other,40,Q2,0
MO0000002909900068,2022,other,0,Q1 (fastest),0
MO0000002910100023,2024,other,287.67,Q4 (slowest),1
MO0000002910100054,2022,other,0,Q1 (fastest),1
MO0000002910500001,2021,other,0,Q1 (fastest),1
MO0000002910500001,2022,other,0,Q1 (fastest),2
MO0000002910500001,2023,other,288,Q4 (slowest),2
MO0000002910500001,2024,other,150,Q3,0
MO0000002910500006,2022,other,0,Q1 (fastest),0
MO0000002910500046,2023,other,126.67,Q3,0
MO0000002910700010,2021,other,24,Q2,0
MO0000002910900004,2020,other,0,Q1 (fastest),1
MO0000002910900004,2021,other,0,Q1 (fastest),0
MO0000002910900004,2024,other,70,Q2,0
MO0000002911100019,2024,other,72.67,Q2,0
MO0000002911300029,2020,other,2,Q1 (fastest),0
MO0000002911300029,2022,other,0,Q1 (fastest),0
MO0000002911300042,2022,other,0,Q1 (fastest),0
MO0000002911500021,2022,electric,0,Q1 (fastest),1
MO0000002911500021,2023,electric,86,Q2,1
MO0000002911700012,2022,other,121.33,Q3,1
MO0000002911900017,2020,other,0,Q1 (fastest),0
MO0000002912100028,2020,other,0,Q1 (fastest),0
MO0000002912300022,2022,other,0,Q1 (fastest),1
MO0000002912300022,2023,other,197.67,Q3,0
MO0000002912500001,2020,other,0,Q1 (fastest),0
MO0000002912500001,2023,other,285.5,Q4 (slowest),0
MO0000002912700001,2021,other,3,Q1 (fastest),0
MO0000002912700001,2023,other,28,Q2,0
MO0000002913900008,2021,other,0,Q1 (fastest),1
MO0000002913900008,2022,other,0,Q1 (fastest),0
MO0000002914300004,2021,electric,64.5,Q2,1
MO0000002914300004,2022,electric,0,Q1 (fastest),0
MO0000002914300008,2020,other,285,Q4 (slowest),1
MO0000002914300008,2021,other,0,Q1 (fastest),0
MO0000002914300008,2023,other,8.33,Q1 (fastest),1
MO0000002914300008,2024,other,62,Q2,0
MO0000002914300023,2022,other,0,Q1 (fastest),1
MO0000002914300023,2023,other,86,Q2,0
MO0000002914300046,2022,other,192,Q3,0
MO0000002914700005,2022,other,0,Q1 (fastest),0
MO0000002914700005,2024,other,20,Q2,0
MO0000002915500010,2022,other,102.5,Q3,1
MO0000002915500010,2023,other,34,Q2,0
MO0000002915500021,2022,other,99.67,Q3,0
MO0000002915500021,2024,other,63,Q2,0
MO0000002915500030,2020,other,0,Q1 (fastest),0
MO0000002915500030,2022,other,0,Q1 (fastest),0
MO0000002915700019,2022,other,0,Q1 (fastest),1
MO0000002915700019,2023,other,86,Q2,1
MO0000002915700019,2024,other,70,Q2,1
MO0000002915700020,2023,other,131.5,Q3,0
MO0000002915700027,2022,other,0,Q1 (fastest),0
MO0000002915900037,2023,other,142.67,Q3,0
MO0000002915900056,2022,other,0,Q1 (fastest),0
MO0000002915900056,2024,other,70,Q2,0
MO0000002915900059,2021,other,86.5,Q2,0
MO0000002916100039,2024,other,69.5,Q2,0
MO0000002916100054,2021,electric,0,Q1 (fastest),0
MO0000002916100054,2023,electric,86,Q2,0
MO0000002916300031,2020,other,0,Q1 (fastest),0
MO0000002916300040,2021,other,0,Q1 (fastest),0
MO0000002916300040,2024,other,150.5,Q3,0
MO0000002916500001,2021,other,0,Q1 (fastest),1
MO0000002916500001,2022,other,72.5,Q2,1
MO0000002916500001,2023,other,35,Q2,1
MO0000002916500001,2024,other,75,Q2,0
MO0000002916500007,2023,electric,0,Q1 (fastest),1
MO0000002916500007,2024,electric,138,Q3,1
MO0000002916502424,2022,other,140.67,Q3,0
MO0000002917100005,2023,electric,163,Q3,0
MO0000002917100015,2021,electric,0,Q1 (fastest),0
MO0000002917300001,2021,other,0,Q1 (fastest),2
MO0000002917300001,2022,other,252.8,Q4 (slowest),1
MO0000002917300001,2023,other,492.67,Q4 (slowest),1
MO0000002917500001,2020,electric,0,Q1 (fastest),0
MO0000002918300001,2020,electric,0,Q1 (fastest),1
MO0000002918300001,2021,electric,0,Q1 (fastest),1
MO0000002918300001,2022,electric,0,Q1 (fastest),0
MO0000002918300076,2021,other,0,Q1 (fastest),1
MO0000002918300076,2022,other,59,Q2,0
MO0000002918300131,2024,other,324.67,Q4 (slowest),0
MO0000002918300184,2023,other,86,Q2,0
MO0000002918306003,2022,other,134.75,Q3,0
MO0000002918600001,2023,other,86,Q2,0
MO0000002918600022,2021,other,49.75,Q2,0
MO0000002918700002,2020,other,751,Q4 (slowest),0
MO0000002918900010,2020,electric,0,Q1 (fastest),0
MO0000002918900010,2022,electric,126,Q3,0
MO0000002918901029,2021,other,0,Q1 (fastest),0
MO0000002918901029,2023,other,179,Q3,0
MO0000002920100003,2022,other,0,Q1 (fastest),0
MO0000002920100017,2023,electric,34,Q2,0
MO0000002920100073,2022,other,169,Q3,0
MO0000002920100099,2022,other,0,Q1 (fastest),0
MO0000002920100099,2024,other,43,Q2,0
MO0000002920100102,2022,other,0,Q1 (fastest),1
MO0000002920100110,2022,other,0,Q1 (fastest),0
MO0000002920100128,2021,other,0,Q1 (fastest),0
MO0000002920100128,2024,other,70,Q2,0
MO0000002920500010,2023,other,86,Q2,1
MO0000002920500010,2024,other,70,Q2,0
MO0000002920700008,2022,other,0,Q1 (fastest),1
MO0000002920700008,2023,other,74.5,Q2,0
MO0000002921900013,2024,other,242,Q3,0
MO0000002921900036,2020,other,0,Q1 (fastest),0
MO0000002921900036,2023,other,36,Q2,1
MO0000002921900036,2024,other,63,Q2,0
MO0000002921900038,2022,other,0,Q1 (fastest),0
MO0000002921900038,2024,other,43,Q2,0
MO0000002922100018,2024,other,63,Q2,0
MO0000002922100022,2023,other,364.75,Q4 (slowest),0
MO0000002922300019,2024,other,70,Q2,0
MO0000002922900001,2023,other,41,Q2,1
MO0000002922900001,2024,other,91,Q2,0
MO0000002922900022,2019,other,0,Q1 (fastest),0
MO0000002922900041,2022,electric,0,Q1 (fastest),1
MO0000002922900041,2023,electric,163.5,Q3,0
MO0000002951000017,2020,other,0,Q1 (fastest),0
MO0000002951000017,2024,other,70,Q2,0
MO0000002951000027,2023,other,180.67,Q3,0
MO0000002951000031,2023,other,133,Q3,0
MO0000002951000040,2024,other,49.5,Q2,0
MO0000002951000047,2020,other,0,Q1 (fastest),0
MO0000002951000053,2023,other,51,Q2,0
MO0000002951000057,2022,other,0,Q1 (fastest),0
MO0000002951000066,2022,other,0,Q1 (fastest),3
MO0000002951000066,2023,other,87,Q2,1
MO0000002951000066,2024,other,70,Q2,0
MO0000002951000070,2022,other,0,Q1 (fastest),1
MO0000002951000070,2023,other,86,Q2,2
MO0000002951000070,2024,other,67,Q2,0
MO0000002951000204,2023,other,130,Q3,0
MO0000002951000697,2020,other,13,Q1 (fastest),0
MO0000002951000697,2024,other,15,Q2,0
MO0000002951000808,2022,other,0,Q1 (fastest),0
MO0000002951000808,2024,other,72.75,Q2,1
MO0000002951001077,2020,other,0,Q1 (fastest),0
MO0000002951001077,2024,other,70,Q2,0
MO0000002951001407,2023,other,435,Q4 (slowest),0
MO0000002951001556,2023,other,177.5,Q3,0
MO0000002951002433,2022,other,0,Q1 (fastest),0
MO0000002951002752,2022,other,0,Q1 (fastest),0
MO0000002951002939,2022,other,0,Q1 (fastest),0
MS0000002800100059,2021,other,448,Q4 (slowest),1
MS0000002800100059,2022,other,201.5,Q3,0
MS0000002800100060,2021,other,0,Q1 (fastest),1
MS0000002800100060,2022,other,102.5,Q3,0
MS0000002800300019,2018,other,0,Q1 (fastest),0
MS0000002800300019,2024,other,0,Q1 (fastest),0
MS0000002800300030,2022,other,0,Q1 (fastest),0
MS0000002800500031,2019,other,215,Q3,0
MS0000002800500031,2023,other,282.33,Q4 (slowest),0
MS0000002801900005,2021,other,0,Q1 (fastest),0
MS0000002801900011,2022,electric,0,Q1 (fastest),0
MS0000002801900018,2019,electric,0,Q1 (fastest),0
MS0000002801900019,2022,electric,0,Q1 (fastest),0
MS0000002802100004,2016,other,0,Q1 (fastest),0
MS0000002802100004,2018,other,209,Q3,0
MS0000002802100004,2024,other,0,Q1 (fastest),0
MS0000002802300011,2024,other,0,Q1 (fastest),0
MS0000002802300063,2021,other,0,Q1 (fastest),0
MS0000002802500040,2019,other,0,Q1 (fastest),0
MS0000002802700063,2016,other,0,Q1 (fastest),0
MS0000002802700079,2017,electric,1,Q1 (fastest),0
MS0000002802900073,2023,other,0,Q1 (fastest),0
MS0000002803100005,2017,other,159.5,Q3,0
MS0000002803100005,2024,other,0,Q1 (fastest),0
MS0000002803100011,2024,other,0,Q1 (fastest),0
MS0000002803300016,2022,other,130.5,Q3,0
MS0000002803300109,2024,other,355,Q4 (slowest),0
MS0000002803300114,2020,other,222,Q3,0
MS0000002803500006,2019,other,0,Q1 (fastest),0
MS0000002803500009,2023,other,94,Q3,0
MS0000002803500050,2019,other,0,Q1 (fastest),0
MS0000002803500092,2018,other,0,Q1 (fastest),0
MS0000002803500106,2017,electric,0,Q1 (fastest),0
MS0000002803500117,2023,other,0,Q1 (fastest),0
MS0000002803700017,2018,other,0,Q1 (fastest),1
MS0000002803700019,2024,other,0,Q1 (fastest),1
MS0000002804100013,2019,other,0,Q1 (fastest),0
MS0000002804100013,2022,other,0,Q1 (fastest),0
MS0000002804300001,2021,other,0,Q1 (fastest),0
MS0000002804300010,2024,other,256,Q4 (slowest),0
MS0000002804300014,2019,other,0,Q1 (fastest),0
MS0000002804300015,2021,other,0,Q1 (fastest),0
MS0000002804500005,2018,other,0,Q1 (fastest),0
MS0000002804500007,2024,other,0,Q1 (fastest),0
MS0000002804500015,2020,other,0,Q1 (fastest),0
MS0000002804500015,2022,other,86.5,Q2,0
MS0000002804500039,2023,other,0,Q1 (fastest),0
MS0000002804500052,2017,other,0,Q1 (fastest),1
MS0000002804500052,2018,other,294.5,Q4 (slowest),0
MS0000002804700007,2018,other,0,Q1 (fastest),0
MS0000002804700048,2021,other,0,Q1 (fastest),0
MS0000002804700115,2021,other,0,Q1 (fastest),1
MS0000002804700115,2022,other,51,Q2,1
MS0000002804700115,2023,other,91,Q2,0
MS0000002804900068,2016,other,0,Q1 (fastest),0
MS0000002804900068,2023,other,0,Q1 (fastest),0
MS0000002804900069,2017,other,0,Q1 (fastest),0
MS0000002804900080,2021,other,134,Q3,0
MS0000002804900205,2019,other,123,Q3,0
MS0000002804900209,2018,other,0,Q1 (fastest),0
MS0000002804900209,2023,other,0,Q1 (fastest),0
MS0000002804900255,2018,other,1,Q1 (fastest),0
MS0000002805500007,2024,other,185.5,Q3,0
MS0000002805700007,2019,other,0,Q1 (fastest),0
MS0000002805700012,2024,other,0,Q1 (fastest),0
MS0000002805900014,2019,other,0,Q1 (fastest),0
MS0000002805900022,2017,other,634,Q4 (slowest),0
MS0000002805900090,2017,electric,0,Q1 (fastest),0
MS0000002805900119,2024,other,0,Q1 (fastest),1
MS0000002805900126,2018,electric,0,Q1 (fastest),0
MS0000002806100017,2023,other,0,Q1 (fastest),0
MS0000002806100023,2024,other,0,Q1 (fastest),0
MS0000002806300018,2019,other,0,Q1 (fastest),0
MS0000002806300018,2021,other,0,Q1 (fastest),0
MS0000002806700010,2024,other,0,Q1 (fastest),1
MS0000002806700028,2018,other,0,Q1 (fastest),1
MS0000002806700028,2019,other,0,Q1 (fastest),1
MS0000002806700028,2023,other,45,Q2,0
MS0000002806700035,2017,electric,38.5,Q2,0
MS0000002806700035,2023,electric,0,Q1 (fastest),0
MS0000002806700064,2024,other,0,Q1 (fastest),0
MS0000002807100003,2017,electric,0,Q1 (fastest),0
MS0000002807100003,2019,electric,0,Q1 (fastest),0
MS0000002807300006,2020,other,0,Q1 (fastest),0
MS0000002807300030,2024,other,0,Q1 (fastest),0
MS0000002807500003,2020,other,0,Q1 (fastest),0
MS0000002807500003,2023,other,0,Q1 (fastest),0
MS0000002807500009,2022,other,0,Q1 (fastest),1
MS0000002807500009,2023,other,0,Q1 (fastest),1
MS0000002807500030,2017,other,0,Q1 (fastest),0
MS0000002807500104,2019,other,0,Q1 (fastest),0
MS0000002807700007,2023,other,0,Q1 (fastest),0
MS0000002807700020,2018,other,0,Q1 (fastest),0
MS0000002808100008,2022,other,0,Q1 (fastest),0
MS0000002808100027,2024,other,0,Q1 (fastest),1
MS0000002808100046,2017,other,0,Q1 (fastest),0
MS0000002808100058,2019,other,547.5,Q4 (slowest),0
MS0000002808100071,2024,other,44.5,Q2,0
MS0000002808300007,2022,other,206.25,Q3,0
MS0000002808300050,2017,other,1348,Q4 (slowest),0
MS0000002808300050,2024,other,110,Q3,0
MS0000002808700024,2016,other,676,Q4 (slowest),0
MS0000002808700044,2020,other,0,Q1 (fastest),0
MS0000002808700063,2024,other,0,Q1 (fastest),0
MS0000002808700064,2021,other,0,Q1 (fastest),1
MS0000002808700064,2022,other,423.5,Q4 (slowest),0
MS0000002808700081,2022,other,0,Q1 (fastest),1
MS0000002808900023,2021,other,205,Q3,0
MS0000002808900023,2023,other,468.5,Q4 (slowest),0
MS0000002808900070,2020,electric,0,Q1 (fastest),0
MS0000002808900079,2021,other,0,Q1 (fastest),0
MS0000002809300052,2016,other,0,Q1 (fastest),0
MS0000002809500003,2019,other,0,Q1 (fastest),0
MS0000002809500003,2023,other,0,Q1 (fastest),0
MS0000002809500010,2019,other,87,Q2,0
MS0000002809500013,2016,other,265,Q4 (slowest),0
MS0000002809500013,2020,other,0,Q1 (fastest),0
MS0000002809500014,2023,other,339,Q4 (slowest),0
MS0000002809500035,2021,other,121.5,Q3,0
MS0000002809500080,2024,other,70,Q2,0
MS0000002809500082,2017,other,0,Q1 (fastest),1
MS0000002809500082,2023,other,0,Q1 (fastest),0
MS0000002809500092,2024,other,104,Q3,0
MS0000002809900012,2017,other,0,Q1 (fastest),0
MS0000002810300013,2017,other,38.5,Q2,1
MS0000002810300013,2018,other,0,Q1 (fastest),1
MS0000002810300013,2019,other,0,Q1 (fastest),1
MS0000002810300013,2021,other,1314,Q4 (slowest),0
MS0000002810500002,2021,other,0,Q1 (fastest),0
MS0000002810500004,2019,other,0,Q1 (fastest),0
MS0000002810500038,2024,other,0,Q1 (fastest),0
MS0000002810500040,2019,other,0,Q1 (fastest),0
MS0000002810700004,2021,other,0,Q1 (fastest),0
MS0000002810700004,2023,other,0,Q1 (fastest),0
MS0000002810900036,2017,other,0,Q1 (fastest),1
MS0000002810900036,2018,other,0,Q1 (fastest),0
MS0000002810900036,2021,other,0,Q1 (fastest),0
MS0000002810900036,2023,other,35,Q2,1
MS0000002810900036,2024,other,0,Q1 (fastest),0
MS0000002811100003,2017,other,0,Q1 (fastest),0
MS0000002811100005,2017,other,0,Q1 (fastest),0
MS0000002811500024,2019,other,0,Q1 (fastest),1
MS0000002811500024,2020,other,177,Q3,0
MS0000002811700054,2024,other,0,Q1 (fastest),1
MS0000002811900035,2022,other,141.75,Q3,0
MS0000002812100064,2017,other,0,Q1 (fastest),0
MS0000002812100096,2020,other,209.5,Q3,0
MS0000002812300006,2023,other,213.33,Q3,0
MS0000002812300046,2021,other,0,Q1 (fastest),0
MS0000002812300051,2022,other,0,Q1 (fastest),0
MS0000002812700071,2019,other,83.5,Q2,0
MS0000002812900002,2017,other,0,Q1 (fastest),0
MS0000002812900048,2019,electric,0,Q1 (fastest),0
MS0000002812900084,2018,other,0,Q1 (fastest),0
MS0000002812900085,2017,other,0,Q1 (fastest),0
MS0000002812900085,2022,other,0,Q1 (fastest),0
MS0000002812900087,2023,other,0,Q1 (fastest),0
MS0000002812900088,2018,other,0,Q1 (fastest),0
MS0000002812900088,2024,other,0,Q1 (fastest),0
MS0000002812900091,2024,other,0,Q1 (fastest),0
MS0000002813100003,2017,other,0,Q1 (fastest),1
MS0000002813100003,2018,other,0,Q1 (fastest),0
MS0000002813100003,2023,other,141.5,Q3,1
MS0000002813100003,2024,other,63.5,Q2,0
MS0000002813100025,2017,other,0,Q1 (fastest),1
MS0000002813700023,2019,other,1,Q1 (fastest),0
MS0000002813700026,2018,other,39.33,Q2,0
MS0000002813700026,2021,other,104.5,Q3,0
MS0000002813900003,2017,other,161.5,Q3,0
MS0000002813900003,2022,other,97.5,Q3,0
MS0000002813900014,2022,other,0,Q1 (fastest),0
MS0000002813900020,2018,other,0,Q1 (fastest),0
MS0000002813900020,2023,other,0,Q1 (fastest),0
MS0000002813900046,2020,other,0,Q1 (fastest),0
MS0000002813900046,2024,other,0,Q1 (fastest),2
MS0000002814100011,2019,other,0,Q1 (fastest),0
MS0000002814100052,2017,other,0,Q1 (fastest),0
MS0000002814100056,2024,other,0,Q1 (fastest),0
MS0000002814100057,2021,other,0,Q1 (fastest),0
MS0000002814100060,2016,other,94,Q3,1
MS0000002814100060,2017,other,1390.67,Q4 (slowest),0
MS0000002814100063,2019,other,109,Q3,0
MS0000002814500045,2023,other,132,Q3,0
MS0000002814900003,2016,other,330.75,Q4 (slowest),0
MS0000002814900004,2016,other,0,Q1 (fastest),0
MS0000002814900004,2023,other,0,Q1 (fastest),0
MS0000002814900015,2017,other,0,Q1 (fastest),0
MS0000002814900059,2020,other,136.5,Q3,0
MS0000002814900059,2022,other,0,Q1 (fastest),0
MS0000002814900084,2024,other,66.5,Q2,0
MS0000002815100075,2024,other,260.5,Q4 (slowest),0
MS0000002815100113,2016,other,0,Q1 (fastest),0
MS0000002815100113,2018,other,0,Q1 (fastest),1
MS0000002815100113,2019,other,0,Q1 (fastest),0
MS0000002815100120,2020,other,0,Q1 (fastest),0
MS0000002815100122,2020,other,143,Q3,0
MS0000002815100136,2018,other,95,Q3,0
MS0000002815300006,2024,other,0,Q1 (fastest),0
MS0000002815300018,2024,other,247,Q3,0
MS0000002815300034,2017,other,0,Q1 (fastest),0
MS0000002815300074,2016,other,2.5,Q1 (fastest),0
MS0000002815300083,2023,other,0,Q1 (fastest),0
MS0000002815900003,2023,other,48,Q2,0
MS0000002815900039,2024,other,0,Q1 (fastest),0
MS0000002816300010,2019,other,0,Q1 (fastest),0
MS0000002816300031,2017,other,0,Q1 (fastest),0
MT0000003000300018,2018,electric,90.5,Q3,0
MT0000003000300018,2023,electric,25,Q2,0
MT0000003000700006,2017,other,0,Q1 (fastest),0
MT0000003001300004,2016,other,276.67,Q4 (slowest),1
MT0000003001300004,2017,other,82,Q2,3
MT0000003001300004,2018,other,419.5,Q4 (slowest),1
MT0000003001300004,2019,other,73,Q2,0
MT0000003002500001,2016,other,0,Q1 (fastest),0
MT0000003002700008,2016,other,0,Q1 (fastest),0
MT0000003002900005,2018,other,58,Q2,0
MT0000003003100005,2019,other,145,Q3,0
MT0000003003100006,2017,other,34,Q2,0
MT0000003007700002,2017,other,20,Q2,0
MT0000003008300002,2016,other,0,Q1 (fastest),1
MT0000003008300002,2017,other,30,Q2,0
MT0000003008300038,2023,other,24,Q2,0
MT0000003008700007,2017,electric,200,Q3,0
MT0000003009500005,2018,other,449,Q4 (slowest),0
MT0000003011100007,2018,other,341,Q4 (slowest),0
MT0000003011100011,2017,other,0,Q1 (fastest),3
MT0000003011100011,2018,other,155.67,Q3,0
MT0000003011100012,2016,other,282.5,Q4 (slowest),1
MT0000003011100012,2017,other,75,Q2,0
MT0000003011100013,2017,other,71,Q2,1
MT0000003011100013,2018,other,444,Q4 (slowest),1
MT0000003011100013,2019,other,89,Q2,0
MT0000003011100023,2017,electric,96.5,Q3,0
MT0000003011100034,2017,other,0,Q1 (fastest),0
MT0000003011100036,2017,other,0,Q1 (fastest),0
MT0000003011100039,2017,other,102,Q3,0
NC0000003700100010,2019,other,148.5,Q3,4
NC0000003700100010,2023,other,84,Q2,4
NC0000003700100010,2024,other,199.5,Q3,4
NC0000003700100237,2020,other,45,Q2,4
NC0000003700100237,2021,other,43,Q2,4
NC0000003700100237,2022,other,76,Q2,5
NC0000003700100237,2024,other,147.5,Q3,7
NC0000003700200098,2019,other,50,Q2,0
NC0000003700400043,2023,other,231,Q3,2
NC0000003700400043,2024,other,365,Q4 (slowest),0
NC0000003700700071,2019,other,70,Q2,0
NC0000003700900009,2021,other,1,Q1 (fastest),0
NC0000003701000067,2017,electric,1019,Q4 (slowest),0
NC0000003701300117,2021,other,70,Q2,0
NC0000003701800267,2024,other,209,Q3,3
NC0000003701900015,2019,other,36,Q2,1
NC0000003702300115,2018,other,60,Q2,0
NC0000003702400036,2018,other,80,Q2,2
NC0000003702400036,2019,other,141,Q3,0
NC0000003702600016,2024,other,212,Q3,0
NC0000003702600058,2019,other,87,Q2,1
NC0000003702600058,2022,other,335,Q4 (slowest),4
NC0000003702600058,2023,other,212,Q3,3
NC0000003702600058,2024,other,335,Q4 (slowest),0
NC0000003702900116,2022,other,124,Q3,0
NC0000003702900268,2018,other,76,Q2,1
NC0000003703300170,2019,other,43,Q2,0
NC0000003703300170,2022,other,158,Q3,0
NC0000003704100854,2018,other,27.5,Q2,0
NC0000003704100923,2019,other,104.5,Q3,1
NC0000003704100923,2021,other,61.67,Q2,2
NC0000003704100923,2022,other,117,Q3,0
NC0000003704100977,2019,other,71,Q2,3
NC0000003704100977,2020,other,43,Q2,5
NC0000003704100977,2021,other,70,Q2,4
NC0000003704100977,2022,other,154,Q3,2
NC0000003704200170,2018,electric,165,Q3,0
NC0000003704400159,2018,other,105,Q3,1
NC0000003704400159,2021,other,70,Q2,3
NC0000003704400159,2023,other,31,Q2,0
NC0000003704700001,2023,other,254,Q4 (slowest),2
NC0000003704700001,2024,other,249,Q3,0
NC0000003705900069,2017,other,355,Q4 (slowest),3
NC0000003705900069,2019,other,63,Q2,2
NC0000003706200029,2020,other,49,Q2,2
NC0000003706200029,2022,other,147,Q3,0
NC0000003706200029,2024,other,102,Q3,5
NC0000003706300110,2019,other,183.5,Q3,0
NC0000003706500356,2018,other,54,Q2,0
NC0000003707700103,2023,other,159,Q3,1
NC0000003707800159,2022,other,32,Q2,0
NC0000003707800166,2020,electric,43,Q2,2
NC0000003707800166,2021,electric,95,Q3,0
NC0000003707900138,2023,other,309,Q4 (slowest),0
NC0000003708000057,2024,other,119,Q3,0
NC0000003708000201,2024,other,156,Q3,0
NC0000003708200158,2022,electric,144,Q3,0
NC0000003708300027,2022,other,61,Q2,6
NC0000003708300027,2023,other,166.5,Q3,5
NC0000003708300027,2024,other,194,Q3,7
NC0000003708300104,2022,other,142,Q3,2
NC0000003708300104,2023,other,57.75,Q2,0
NC0000003708800111,2023,other,209,Q3,0
NC0000003709100082,2018,other,180,Q3,0
NC0000003709200290,2024,other,365,Q4 (slowest),0
NC0000003709200339,2023,other,108.5,Q3,0
NC0000003709200504,2021,other,41,Q2,0
NC0000003709200847,2023,other,112,Q3,0
NC0000003709600058,2024,other,144,Q3,0
NCBUN0003702100435,2022,other,0,Q1 (fastest),0
NCBUN0003702100476,2021,other,55,Q2,0
NCBUN0003702100476,2023,other,17,Q2,0
NCBUN0003702100539,2019,other,14.25,Q2,0
NCBUN0003702100588,2023,other,0,Q1 (fastest),2
NCBUN0003702100588,2024,other,202,Q3,0
NCBUN0003702100772,2019,other,0,Q1 (fastest),0
NCBUN0003702100772,2022,other,63,Q2,0
NCBUN0003702100772,2024,other,96,Q3,0
NCBUN0003702100773,2023,other,0,Q1 (fastest),0
NCBUN0003702100774,2022,other,142.5,Q3,3
NCBUN0003702100774,2023,other,127,Q3,0
NCBUN0003702100796,2022,other,0,Q1 (fastest),0
NCBUN0003702100805,2019,other,0,Q1 (fastest),0
NCBUN0003702100805,2023,other,0,Q1 (fastest),0
NCBUN0003702100862,2017,other,172,Q3,1
NCBUN0003702100862,2018,other,0,Q1 (fastest),1
NCBUN0003702100862,2019,other,164,Q3,0
NCBUN0003702100862,2024,other,76.5,Q2,0
NCFCO0003706700460,2017,other,58,Q2,0
NCFCO0003706700460,2019,other,0,Q1 (fastest),0
NCFCO0003706700460,2022,other,7.5,Q1 (fastest),0
NCFCO0003706700473,2022,other,0,Q1 (fastest),1
NCFCO0003706700682,2023,other,0,Q1 (fastest),0
NCFCO0003706700725,2018,other,16.5,Q2,0
NCFCO0003706700725,2020,other,14,Q1 (fastest),0
NCFCO0003706700732,2018,other,56,Q2,2
NCFCO0003706700732,2019,other,51.5,Q2,2
NCFCO0003706700732,2020,other,24.5,Q2,1
NCFCO0003706700732,2021,other,7,Q1 (fastest),0
NCFCO0003706700732,2023,other,19,Q2,1
NCFCO0003706700732,2024,other,62,Q2,2
NCFCO0003706700753,2017,other,50,Q2,0
NCFCO0003706700755,2020,other,13,Q1 (fastest),3
NCFCO0003706700755,2021,other,13,Q1 (fastest),1
NCFCO0003706700794,2022,other,117,Q3,0
NCFCO3706700710,2017,other,18,Q2,1
NCFCO3706700710,2018,other,13,Q1 (fastest),0
NCMEC0001,2017,other,3,Q1 (fastest),0
NCMEC0001,2023,other,66,Q2,0
NCMEC0003,2016,other,0,Q1 (fastest),1
NCMEC0003,2017,other,34,Q2,0
NCMEC0003,2019,other,0,Q1 (fastest),0
NCMEC0021,2018,electric,42,Q2,0
NCMEC0021,2023,electric,7,Q1 (fastest),2
NCMEC0021,2024,electric,0,Q1 (fastest),0
NCMEC0063,2017,other,0,Q1 (fastest),0
NCMEC0063,2020,other,0,Q1 (fastest),0
NCMEC0093,2021,other,0,Q1 (fastest),0
NCMEC0103,2019,other,0,Q1 (fastest),0
NCMEC0103,2022,other,0,Q1 (fastest),0
NCMEC0123,2018,other,0,Q1 (fastest),0
NCMEC0123,2023,other,0,Q1 (fastest),1
NCMEC0132,2022,other,0,Q1 (fastest),1
NCMEC0132,2023,other,0,Q1 (fastest),2
NCMEC0132,2024,other,0,Q1 (fastest),0
NCMEC0134,2019,other,0,Q1 (fastest),0
NCMEC0134,2021,other,0,Q1 (fastest),0
NCMEC0148,2024,other,0,Q1 (fastest),2
NCMEC0192,2017,other,0,Q1 (fastest),0
NCMEC0197,2022,other,0,Q1 (fastest),0
NCMEC0201,2017,other,0,Q1 (fastest),1
NCMEC0201,2018,other,0,Q1 (fastest),1
NCMEC0201,2019,other,0,Q1 (fastest),0
NCMEC0215,2018,other,0,Q1 (fastest),0
NCMEC0215,2024,other,81,Q2,0
NCMEC0225,2019,other,0,Q1 (fastest),1
NCMEC0225,2020,other,0,Q1 (fastest),0
NCMEC0262,2024,other,56,Q2,1
NCMEC0283,2019,other,0,Q1 (fastest),0
NCMEC0570,2020,other,0,Q1 (fastest),0
NCMEC0590,2016,other,28,Q2,0
NCMEC0595,2022,other,0,Q1 (fastest),0
NCMEC0637,2024,other,9,Q1 (fastest),0
NCMEC0682,2023,other,12,Q1 (fastest),0
NCMEC0700,2017,other,15,Q2,0
NCMEC0736,2018,other,0,Q1 (fastest),0
NCMEC0738,2018,other,0,Q1 (fastest),0
NCMEC0738,2022,other,0,Q1 (fastest),0
NCMEC0773,2022,other,0,Q1 (fastest),0
NCMEC0773,2024,other,0,Q1 (fastest),1
NCMEC0778,2019,other,0,Q1 (fastest),0
NCMEC0959,2020,other,41,Q2,0
NCMEC0987,2022,other,0,Q1 (fastest),1
NCMEC0987,2023,other,13,Q1 (fastest),1
NCMEC0987,2024,other,0,Q1 (fastest),0
NE0000003108100015,2022,other,0,Q1 (fastest),0
NH0000003300700001,2023,other,290,Q4 (slowest),0
NH0000003300700014,2022,other,54,Q2,0
NH0000003300790137,2017,electric,251.5,Q4 (slowest),0
NH0000003300990279,2020,other,858,Q4 (slowest),0
NH0000003300990315,2018,other,648,Q4 (slowest),0
NH0000003301300026,2021,electric,587,Q4 (slowest),1
NH0000003301300026,2023,electric,629,Q4 (slowest),0
NH0000003301500012,2018,electric,1024,Q4 (slowest),0
NH0000003301500012,2020,electric,281,Q4 (slowest),0
NH0000003301700009,2022,other,900.5,Q4 (slowest),0
NJ0000003400302541,2017,other,237,Q3,0
NJ0000003400700306,2017,other,14,Q1 (fastest),0
NJ0000003401100288,2016,other,196,Q3,0
NJ0000003401305303,2017,other,0,Q1 (fastest),1
NJ0000003401307736,2017,other,0,Q1 (fastest),0
NJ0000003401710079,2017,other,0,Q1 (fastest),0
NJ0000003401712099,2017,other,0,Q1 (fastest),0
NJ0000003401712233,2017,other,0,Q1 (fastest),0
NJ0000003401712526,2017,other,0,Q1 (fastest),0
NJ0000003402726209,2017,other,0,Q1 (fastest),2
NJ0000003403130422,2018,other,0,Q1 (fastest),0
NJ0000003403535052,2017,other,0,Q1 (fastest),0
NJ0000003403535886,2017,other,46,Q2,0
NJ0000003403941767,2017,other,6,Q1 (fastest),0
NJ0000003403941805,2017,other,22,Q2,0
NJ0000003403941814,2017,other,0,Q1 (fastest),0
NJ0000003404185442,2017,other,0,Q1 (fastest),0
NM0000003500500004,2024,other,480,Q4 (slowest),0
NM0000003500500017,2019,other,545.5,Q4 (slowest),0
NM0000003500500017,2021,other,928.5,Q4 (slowest),0
NM0000003500500080,2022,other,980.5,Q4 (slowest),0
NM0000003501300004,2024,other,608,Q4 (slowest),0
NM0000003501300007,2021,other,645.5,Q4 (slowest),0
NM0000003501300021,2021,other,1047,Q4 (slowest),0
NM0000003501300021,2023,other,338.67,Q4 (slowest),1
NM0000003501300021,2024,other,69,Q2,0
NM0000003501500002,2016,other,289.67,Q4 (slowest),1
NM0000003501500002,2017,other,278.5,Q4 (slowest),0
NM0000003501500002,2024,other,335,Q4 (slowest),0
NM0000003501500007,2022,other,1176,Q4 (slowest),0
NM0000003501500011,2018,other,16,Q2,1
NM0000003501500011,2019,other,332.5,Q4 (slowest),0
NM0000003501500011,2021,other,1253,Q4 (slowest),0
NM0000003501500024,2023,other,596,Q4 (slowest),1
NM0000003501500024,2024,other,335,Q4 (slowest),1
NM0000003501500112,2024,other,200.5,Q3,0
NM0000003501500122,2024,other,83.5,Q2,0
NM0000003501500135,2018,other,429.33,Q4 (slowest),0
NM0000003501500138,2021,other,1224.5,Q4 (slowest),0
NM0000003501500177,2018,other,496.75,Q4 (slowest),0
NM0000003501500355,2018,other,355,Q4 (slowest),0
NM0000003501500355,2021,other,1224.5,Q4 (slowest),0
NM0000003501500698,2018,other,253,Q4 (slowest),0
NM0000003501501585,2016,other,154,Q3,0
NM0000003501501603,2021,other,953,Q4 (slowest),0
NM0000003501502259,2020,other,176,Q3,0
NM0000003501502270,2020,other,176,Q3,0
NM0000003501502275,2023,other,121,Q3,0
NM0000003501502281,2020,other,176,Q3,0
NM0000003501502287,2020,other,176,Q3,0
NM0000003501502378,2023,other,257,Q4 (slowest),0
NM0000003501502403,2024,other,189,Q3,0
NM0000003501502580,2024,other,104,Q3,0
NM0000003501504213,2018,other,133,Q3,0
NM0000003502500004,2020,other,667.5,Q4 (slowest),0
NM0000003502500004,2024,other,69,Q2,2
NM0000003502500007,2022,other,214,Q3,0
NM0000003502500008,2017,other,790,Q4 (slowest),4
NM0000003502500008,2018,other,484.5,Q4 (slowest),0
NM0000003502500008,2022,other,390,Q4 (slowest),1
NM0000003502500008,2023,other,8,Q1 (fastest),0
NM0000003502500035,2017,other,488.67,Q4 (slowest),3
NM0000003502500035,2021,other,980.5,Q4 (slowest),0
NM0000003502500040,2018,other,259.33,Q4 (slowest),1
NM0000003502500040,2019,other,88,Q2,0
NM0000003502500044,2017,other,327,Q4 (slowest),5
NM0000003502500044,2018,other,386.14,Q4 (slowest),0
NM0000003502500044,2020,other,1486,Q4 (slowest),0
NM0000003502500052,2018,other,123,Q3,0
NM0000003502500060,2017,other,223.6,Q3,2
NM0000003502500060,2018,other,87.33,Q2,0
NM0000003502500061,2017,other,320,Q4 (slowest),2
NM0000003502500061,2018,other,336,Q4 (slowest),0
NM0000003502500063,2018,other,113.5,Q3,0
NM0000003502500063,2023,other,650.5,Q4 (slowest),0
NM0000003502500116,2017,other,123.5,Q3,3
NM0000003502500141,2018,other,415.33,Q4 (slowest),0
NM0000003502500341,2016,electric,167,Q3,0
NM0000003502500548,2022,other,1077,Q4 (slowest),0
NM0000003502500571,2017,other,82,Q2,3
NM0000003502500571,2018,other,472.67,Q4 (slowest),0
NM0000003502500571,2024,other,84.5,Q2,0
NM0000003502501395,2024,other,79,Q2,0
NM0000003502501490,2024,other,557,Q4 (slowest),0
NM0000003502501634,2023,other,168,Q3,0
NM0000003502501682,2024,other,104,Q3,0
NM0000003502501688,2023,other,257,Q4 (slowest),0
NM0000003502501700,2023,other,168,Q3,0
NM0000003502502389,2024,other,505,Q4 (slowest),0
NM0000003502502392,2024,other,189,Q3,0
NM0000003502504198,2022,other,538,Q4 (slowest),1
NM0000003502504198,2023,other,42,Q2,1
NM0000003502508195,2020,other,187,Q3,0
NM0000003502508197,2020,other,187,Q3,0
NM0000003502508199,2020,other,187,Q3,0
NM0000003502508201,2020,other,187,Q3,0
NM0000003502508203,2020,other,187,Q3,0
NM0000003502508205,2020,other,187,Q3,0
NM0000003503100026,2021,other,1166.5,Q4 (slowest),0
NM0000003503900023,2016,other,143,Q3,0
NM0000003503900046,2017,other,159,Q3,0
NM0000003503900075,2017,other,122,Q3,0
NM0000003503900223,2022,other,916,Q4 (slowest),0
NM0000003504500023,2022,other,555.5,Q4 (slowest),0
NM0000003504500062,2022,other,718,Q4 (slowest),0
NM0000003504500247,2018,other,201.5,Q3,1
NM0000003504500247,2019,other,537,Q4 (slowest),0
NM0000003504500273,2024,other,14,Q1 (fastest),0
NM0000003504500902,2016,electric,20,Q2,0
NMCOA0003500100005,2021,other,51.5,Q2,0
NMCOA0003500100008,2022,other,0,Q1 (fastest),0
NMCOA0003500100145,2016,other,445,Q4 (slowest),0
NMCOA0003500100368,2023,electric,184,Q3,0
NMCOA0003500102459,2020,other,152,Q3,0
NMCOA0003500104218,2024,other,179,Q3,0
NVCCH00032003A0003,2017,other,204,Q3,0
NVCCH00032003A0003,2019,other,118,Q3,0
NVCCH00032003A0003,2021,other,60,Q2,1
NVCCH00032003A0003,2022,other,2,Q1 (fastest),2
NVCCH00032003A0003,2023,other,101,Q3,4
NVCCH00032003A0003,2024,other,62,Q2,2
NVCCH00032003A0004,2018,other,155,Q3,1
NVCCH00032003A0004,2019,other,98,Q3,0
NVCCH00032003A0011,2021,other,111.5,Q3,0
NVCCH00032003A0011,2024,other,0,Q1 (fastest),1
NVCCH00032003A0012,2019,other,68.5,Q2,1
NVCCH00032003A0013,2022,other,1,Q1 (fastest),0
NVCCH00032003A0019,2016,other,229,Q3,0
NVCCH00032003A0019,2018,other,121.5,Q3,1
NVCCH00032003A0019,2019,other,53,Q2,1
NVCCH00032003A0019,2020,other,126,Q3,0
NVCCH00032003A0075,2020,other,77,Q2,1
NVCCH00032003A0075,2021,other,1,Q1 (fastest),0
NVCCH00032003A0075,2023,other,77,Q2,0
NVCCH00032003A0095,2021,other,144.67,Q3,0
NVCCH00032003A0095,2023,other,77,Q2,0
NVCCH00032003A0114,2017,other,336,Q4 (slowest),0
NVCCH00032003A0114,2021,other,0,Q1 (fastest),3
NVCCH00032003A0114,2022,other,7,Q1 (fastest),1
NVCCH00032003A0114,2023,other,8,Q1 (fastest),0
NVCCH00032003A0138,2019,other,114,Q3,0
NVCCH00032003A0138,2021,other,0,Q1 (fastest),0
NVCCH00032003A0138,2023,other,0,Q1 (fastest),0
NVCCH00032003A0257,2018,other,184,Q3,0
NVCCH00032003A0257,2021,other,0,Q1 (fastest),0
NVCCH00032003A0257,2024,other,79,Q2,0
NVCCH00032003A0360,2021,electric,1,Q1 (fastest),0
NVCCH00032003A0372,2019,other,126.33,Q3,1
NVCCH00032003A0372,2020,other,114,Q3,2
NVCCH00032003A0372,2021,other,66,Q2,2
NVCCH00032003A0372,2022,other,63.5,Q2,2
NVCCH00032003A0372,2023,other,57,Q2,2
NVCCH00032003A0372,2024,other,147.5,Q3,4
NVCCH00032003A0391,2022,electric,0,Q1 (fastest),0
NVCCH00032003A0395,2021,other,88.67,Q2,3
NVCCH00032003A0395,2022,other,86.67,Q2,2
NVCCH00032003A0395,2023,other,49.5,Q2,1
NVCCH00032003A0395,2024,other,251,Q3,0
NVCCH00032003A0408,2023,other,30,Q2,0
NVCCH00032003A0473,2021,other,0,Q1 (fastest),1
NVCCH00032003A0473,2022,other,245,Q3,0
NVCCH00032003A0512,2019,other,161.33,Q3,1
NVCCH00032003A0533,2024,electric,31.5,Q2,1
NVCCH00032003A0593,2021,other,34.5,Q2,0
NVCCH00032003A0825,2017,other,175,Q3,0
NVCCH00032003A0825,2022,other,127,Q3,0
NVCCH00032003A0859,2023,other,35,Q2,0
NVCCH00032003A1516,2023,other,125.5,Q3,1
NVCCH00032003A1538,2021,other,109.67,Q3,0
NVCCH00032003A1584,2023,electric,120,Q3,0
NVCCH00032003A1653,2018,electric,217,Q3,2
NVCCH00032003A1653,2019,electric,49.67,Q2,2
NVCCH00032003A1728,2017,other,307,Q4 (slowest),2
NVCCH00032003A1728,2018,other,168,Q3,4
NVCCH00032003A1728,2019,other,95,Q3,3
NVCCH00032003A1728,2020,other,120.67,Q3,1
NVCCH00032003A1728,2021,other,129,Q3,2
NVCCH00032003A1728,2022,other,98.5,Q3,2
NVCCH00032003A1728,2023,other,66.5,Q2,2
NVCCH00032003A1728,2024,other,105.5,Q3,1
NVCCH00032003A1733,2022,other,57,Q2,0
NVCCH00032003A1802,2024,other,63,Q2,0
NVCCH00032003A1813,2024,other,113,Q3,0
NY0000001282000553,2016,electric,0,Q1 (fastest),0
NY0000001472200107,2016,electric,4.5,Q1 (fastest),1
NY0000001472200107,2017,electric,0,Q1 (fastest),0
NY0000001472600130,2016,electric,85,Q2,1
NY0000001472600130,2017,electric,0,Q1 (fastest),0
NY0000002600100026,2020,other,1611.5,Q4 (slowest),1
NY0000002600100026,2021,other,1245.5,Q4 (slowest),1
NY0000002600100026,2022,other,880.5,Q4 (slowest),1
NY0000002600100026,2023,other,515.5,Q4 (slowest),2
NY0000002600200226,2020,other,416,Q4 (slowest),0
NY0000002600400099,2019,other,720,Q4 (slowest),1
NY0000002600400100,2017,other,90,Q2,0
NY0000002600400119,2019,other,202.67,Q3,1
NY0000002600400119,2020,other,252,Q3,0
NY0000002600600011,2020,other,1103.5,Q4 (slowest),1
NY0000002600600011,2021,other,737.5,Q4 (slowest),1
NY0000002600600011,2022,other,372.5,Q4 (slowest),0
NY0000002600700245,2018,other,568.75,Q4 (slowest),1
NY0000002600700245,2019,other,874,Q4 (slowest),1
NY0000002600700245,2023,other,111.33,Q3,0
NY0000002600700259,2017,other,309.67,Q4 (slowest),2
NY0000002600700259,2018,other,342,Q4 (slowest),0
NY0000002610100253,2020,other,163.83,Q3,0
NY0000002610100310,2023,other,204.5,Q3,0
NY0000002610100381,2020,other,11.9,Q1 (fastest),0
NY0000002610200005,2021,other,234.5,Q3,1
NY0000002610200005,2022,other,562.5,Q4 (slowest),0
NY0000002610300158,2018,other,190.71,Q3,0
NY0000002610400195,2018,other,49.14,Q2,0
NY0000002610500263,2020,other,98.5,Q3,0
NY0000002610500695,2017,other,98.29,Q3,0
NY0000002610700004,2021,other,224.6,Q3,0
NY0000002610700004,2023,other,390,Q4 (slowest),0
NY0000002610700382,2018,other,80,Q2,0
NY0000002620200007,2021,other,174.25,Q3,0
NY0000002620200106,2022,other,76.75,Q2,0
NY0000002620200674,2017,other,121.67,Q3,0
NY0000002620201657,2020,electric,134,Q3,0
NY0000002620201816,2018,electric,535,Q4 (slowest),2
NY0000002620201816,2019,electric,62.29,Q2,1
NY0000002620201816,2020,electric,1114.5,Q4 (slowest),1
NY0000002620201816,2021,electric,748.5,Q4 (slowest),1
NY0000002620201816,2022,electric,383.5,Q4 (slowest),0
NY0000002620300001,2016,other,322,Q4 (slowest),0
NY0000002620300037,2024,other,69.71,Q2,0
NY0000002620300038,2017,other,243.2,Q3,0
NY0000002620300038,2020,other,258,Q4 (slowest),1
NY0000002620300038,2021,other,235.5,Q3,2
NY0000002620400058,2020,other,88.6,Q2,0
NY0000002620400102,2018,other,284.5,Q4 (slowest),0
NY0000002620400692,2020,other,22.31,Q2,0
NY0000002620500246,2022,other,92.5,Q3,0
NY0000002620500331,2018,other,26.86,Q2,0
NY0000002620500339,2020,other,244,Q3,0
NY0000002620501689,2018,other,203,Q3,0
NY0000002620501784,2020,other,51,Q2,0
NY0000002620600032,2023,other,209,Q3,0
NY0000002630100148,2018,other,62.5,Q2,0
NY0000002630400404,2018,other,70.5,Q2,0
NY0000002630401496,2016,other,825.5,Q4 (slowest),0
NY0000002630600072,2024,other,73,Q2,0
NY0000002630700006,2019,other,52.5,Q2,0
NY0000002630700273,2018,other,40,Q2,0
NY0000002630700273,2022,other,140.33,Q3,0
NY0000003330900064,2023,other,167.25,Q3,0
NY0000003334600011,2016,electric,86.5,Q3,0
NY0000003334600075,2018,electric,73,Q2,1
NY0000003334600075,2019,electric,61,Q2,1
NY0000003334600075,2020,electric,156.5,Q3,0
NY0000003334600075,2022,electric,129.5,Q3,0
NY0000003392200003,2017,electric,49.5,Q2,0
NY0000003392200003,2022,electric,53,Q2,0
NY0000003392400173,2017,other,94,Q3,0
NY0000003514800084,2023,other,231,Q3,0
NY0000003552600064,2018,other,79,Q2,0
NY0000003553400157,2018,other,91,Q2,0
NY0000003554800081,2018,electric,98.5,Q3,0
NY0000004010100070,2018,other,53,Q2,0
NY0000004012200007,2017,other,802,Q4 (slowest),2
NY0000004012200007,2018,other,412,Q4 (slowest),1
NY0000004012200007,2019,other,735.5,Q4 (slowest),2
NY0000004012200007,2020,other,346.75,Q4 (slowest),1
NY0000004012200007,2021,other,838.5,Q4 (slowest),2
NY0000004012200007,2022,other,454.25,Q4 (slowest),0
NY0000004012200052,2017,other,40,Q2,0
NY0000004012600138,2017,other,320,Q4 (slowest),0
NY0000004012600160,2023,other,123,Q3,0
NY0000004102600201,2019,other,766,Q4 (slowest),1
NY0000004102600201,2020,other,303,Q4 (slowest),0
NY0000004122800027,2023,other,230.5,Q3,0
NY0000004125600013,2022,other,149,Q3,0
NY0000004272000086,2017,other,118,Q3,0
NY0000004273200014,2022,other,233,Q3,0
NY0000004361200007,2023,other,263.5,Q4 (slowest),0
NY0000004381400016,2021,other,2,Q1 (fastest),0
NY0000004381400016,2023,other,0,Q1 (fastest),0
NY0000004421500010,2022,other,135,Q3,0
NY0000004422800056,2016,other,63.5,Q2,0
NY0000004422800056,2018,other,33,Q2,0
NY0000005154800008,2023,other,181.5,Q3,0
NY0000005170800038,2017,other,113.5,Q3,0
NY0000005415400002,2017,other,666,Q4 (slowest),0
NY0000005520500005,2017,other,450,Q4 (slowest),0
NY0000005520500005,2022,other,20,Q2,0
NY0000005520500013,2021,other,71.33,Q2,0
NY0000005535200007,2016,other,420,Q4 (slowest),2
NY0000005535200007,2017,other,307,Q4 (slowest),0
NY0000006224000009,2019,electric,86,Q2,0
NY0000006301300091,2023,other,12.5,Q1 (fastest),0
NY0000006301600048,2017,other,315,Q4 (slowest),0
NY0000006301600048,2019,other,239,Q3,1
NY0000006301600048,2020,other,748,Q4 (slowest),0
NY0000006301600071,2024,other,233,Q3,0
NY0000006401200013,2021,other,374,Q4 (slowest),0
NY0000007055200004,2024,other,174,Q3,0
NY0000007492800064,2021,other,304.5,Q4 (slowest),0
NY0000008073400213,2016,other,100.67,Q3,0
NY0000008261400320,2016,other,120.5,Q3,0
NY0000008262200202,2023,other,92.5,Q3,0
NY0000008269900126,2016,electric,823,Q4 (slowest),3
NY0000008269900126,2017,electric,579.33,Q4 (slowest),4
NY0000008269900126,2018,electric,165,Q3,3
NY0000008269900126,2019,electric,441.83,Q4 (slowest),1
NY0000008269900126,2020,electric,115.5,Q3,2
NY0000008269900126,2021,electric,327.25,Q4 (slowest),3
NY0000008269900126,2022,electric,117,Q3,0
NY0000008324400004,2020,other,484,Q4 (slowest),0
NY0000008342000010,2024,other,218,Q3,0
NY0000008343800010,2020,other,115.25,Q3,0
NY0000008542800006,2020,other,51,Q2,0
NY0000008543000017,2019,other,289.43,Q4 (slowest),2
NY0000008543000017,2020,other,74,Q2,0
NY0000008573600004,2023,electric,221,Q4 (slowest),1
NY0000008573600004,2024,electric,147,Q3,0
NY0000009140200435,2020,other,187.33,Q3,0
NY0000009140200574,2018,other,169.5,Q3,0
NY0000009142200428,2021,other,643,Q4 (slowest),1
NY0000009142200428,2022,other,397,Q4 (slowest),0
NY0000009146400030,2020,other,1002.6,Q4 (slowest),0
NY0000009146400030,2022,other,529,Q4 (slowest),0
NY0000009146400030,2024,other,132.5,Q3,0
NY0000009291100078,2018,other,82,Q2,0
NY0000009291100114,2024,other,81.5,Q2,0
NY0000009294000030,2021,other,15,Q2,0
OH0000000121010005,2021,other,0,Q1 (fastest),0
OH0000000124010112,2024,other,14,Q1 (fastest),0
OH0000000145020235,2021,other,113,Q3,1
OH0000000165010146,2018,other,295.71,Q4 (slowest),0
OH0000000165010146,2020,other,296,Q4 (slowest),0
OH0000000204010200,2023,other,133.5,Q3,0
OH0000000215020233,2024,other,289.33,Q4 (slowest),0
OH0000000247040079,2018,other,152,Q3,0
OH0000000247102007,2023,other,398.33,Q4 (slowest),0
OH0000000250070850,2017,other,651,Q4 (slowest),0
OH0000000278112008,2022,other,134.5,Q3,1
OH0000000278112018,2024,other,429,Q4 (slowest),0
OH0000000302020012,2020,other,4,Q1 (fastest),0
OH0000000306010010,2020,electric,112,Q3,1
OH0000000320010005,2017,other,2,Q1 (fastest),1
OH0000000322000017,2021,other,106.5,Q3,1
OH0000000370000134,2020,other,13,Q1 (fastest),0
OH0000000370010058,2021,other,95.67,Q3,0
OH0000000374000010,2016,other,48,Q2,0
OH0000000374000010,2020,other,74,Q2,1
OH0000000374000010,2021,other,17,Q2,0
OH0000000374010199,2019,other,64,Q2,1
OH0000000386000027,2016,other,188.5,Q3,0
OH0000000387040084,2019,other,266.67,Q4 (slowest),0
OH0000000448011576,2021,other,33,Q2,0
OH0000000536020113,2018,other,100,Q3,0
OH0000000640010009,2017,other,342,Q4 (slowest),1
OH0000000641090010,2024,other,693,Q4 (slowest),0
OH0000000660010101,2024,other,236,Q3,1
OH0000000664000116,2020,other,410,Q4 (slowest),0
OH0000000664005030,2018,other,135.5,Q3,0
OH0000000664980002,2022,other,47,Q2,2
OH0000000684020006,2020,other,95.33,Q3,0
OH0000000744000168,2020,other,29,Q2,0
OH0000000744000168,2024,other,16,Q2,0
OH0000000744000187,2023,other,37,Q2,0
OH0000000773000182,2021,other,11,Q1 (fastest),1
OH0000000773000182,2022,other,477,Q4 (slowest),2
OH0000000773000182,2023,other,0,Q1 (fastest),0
OH0000000773010001,2023,other,37,Q2,0
OH0000000812760039,2021,other,92,Q3,0
OH0000000857041124,2024,other,138.5,Q3,0
OH0000000857751312,2019,other,0,Q1 (fastest),0
OH0000000857751312,2022,other,14,Q1 (fastest),1
OH0000001318001613,2017,other,227,Q3,0
OH0000001409011031,2018,other,366,Q4 (slowest),0
OH0000001409030042,2021,other,87.5,Q2,0
OH0000001431350817,2019,other,203,Q3,0
OH0000001576000028,2016,other,190.33,Q3,3
OH0000001576001624,2019,other,41.5,Q2,0
OH0000001576002006,2017,other,95.67,Q3,0
OH0000001576181541,2017,other,266,Q4 (slowest),0
OH0000001652100108,2022,other,203.67,Q3,0
OH0000001667040037,2016,other,0,Q1 (fastest),0
OH0000001677010028,2021,other,185,Q3,0
OK0000004000900100,2017,other,430,Q4 (slowest),0
OK0000004001100661,2024,other,92.5,Q3,1
OK0000004001100690,2022,other,222,Q3,0
OK0000004001300047,2021,other,511.5,Q4 (slowest),0
OK0000004001700009,2017,other,98,Q3,1
OK0000004001900001,2023,other,200,Q3,2
OK0000004001900018,2016,other,307,Q4 (slowest),1
OK0000004001900068,2019,other,483,Q4 (slowest),1
OK0000004001900237,2023,other,103,Q3,0
OK0000004003100006,2018,other,300,Q4 (slowest),0
OK0000004004500614,2023,other,193.5,Q3,0
OK0000004004900003,2016,other,1882,Q4 (slowest),2
OK0000004004900003,2017,other,584,Q4 (slowest),3
OK0000004004900003,2022,other,1083.5,Q4 (slowest),0
OK0000004004900004,2024,other,144.5,Q3,2
OK0000004004995001,2023,other,149.5,Q3,0
OK0000004005100033,2022,other,4,Q1 (fastest),0
OK0000004005100072,2023,other,149,Q3,0
OK0000004005100457,2018,other,710,Q4 (slowest),1
OK0000004005100458,2018,other,710,Q4 (slowest),1
OK0000004005100464,2018,other,710,Q4 (slowest),1
OK0000004005100472,2018,other,710,Q4 (slowest),1
OK0000004005100514,2018,other,710,Q4 (slowest),1
OK0000004005100676,2023,other,109.5,Q3,0
OK0000004005100715,2024,other,211,Q3,1
OK0000004007300001,2018,other,688.67,Q4 (slowest),0
OK0000004007300231,2019,other,186,Q3,0
OK0000004007300329,2019,other,186,Q3,0
OK0000004007300344,2022,other,410,Q4 (slowest),0
OK0000004007300443,2024,other,152.5,Q3,0
OK0000004007300709,2024,other,166,Q3,0
OK0000004007700024,2023,other,71,Q2,0
OK0000004008300136,2024,other,161,Q3,0
OK0000004008700143,2024,other,107.5,Q3,0
OK0000004009300001,2018,other,469,Q4 (slowest),0
OK0000004009300141,2023,other,91,Q2,0
OK0000004009300149,2023,other,93,Q3,0
OK0000004009700002,2024,other,339,Q4 (slowest),0
OK0000004009700008,2018,other,102,Q3,1
OK0000004009700015,2019,electric,512,Q4 (slowest),0
OK0000004010100003,2020,electric,100,Q3,0
OK0000004010100003,2024,electric,1,Q1 (fastest),1
OK0000004010100035,2018,other,114,Q3,0
OK0000004010900090,2016,other,84,Q2,0
OK0000004010900090,2023,other,257.5,Q4 (slowest),2
OK0000004011100002,2018,other,580,Q4 (slowest),0
OK0000004011300001,2021,other,670,Q4 (slowest),1
OK0000004011300001,2023,other,104.5,Q3,1
OK0000004012100004,2021,other,279,Q4 (slowest),0
OK0000004012500002,2018,other,1092,Q4 (slowest),0
OK0000004012500002,2022,other,157,Q3,0
OK0000004013100002,2018,other,313,Q4 (slowest),1
OK0000004013300008,2016,other,1834,Q4 (slowest),0
OK0000004013300037,2016,other,329,Q4 (slowest),1
OK0000004013700006,2017,other,78,Q2,0
OK0000004013700080,2023,other,178,Q3,1
OK0000004014300003,2020,other,27,Q2,0
OK0000004014300005,2016,other,93,Q3,4
OK0000004014300038,2019,other,458.5,Q4 (slowest),0
OK0000004014300038,2021,other,260.5,Q4 (slowest),0
OK0000004014300038,2023,other,143,Q3,0
OK0000004014300392,2016,other,161.5,Q3,0
OK0000004014300392,2022,other,394,Q4 (slowest),0
OK0000004014300556,2016,other,975.5,Q4 (slowest),0
OK0000004014300556,2018,other,449,Q4 (slowest),0
OK0000004014300923,2020,other,542.5,Q4 (slowest),0
OK0000004015100015,2016,other,550.5,Q4 (slowest),1
OK0000004015100086,2018,other,397.5,Q4 (slowest),0
OK0000004015100402,2019,other,254,Q4 (slowest),1
OK0000004077700123,2022,other,632,Q4 (slowest),0
OR0000004100309502,2017,other,12,Q1 (fastest),0
OR0000004100500017,2020,other,38,Q2,0
OR0000004100500159,2022,other,61,Q2,0
OR0000004100502729,2016,other,34,Q2,0
OR0000004100700004,2016,other,476.5,Q4 (slowest),1
OR0000004100700004,2017,other,50,Q2,0
OR0000004100700004,2021,other,267,Q4 (slowest),0
OR0000004100901849,2017,other,4,Q1 (fastest),0
OR0000004100901849,2019,other,227,Q3,0
OR0000004101100010,2016,other,27,Q2,0
OR0000004101100010,2018,other,28,Q2,1
OR0000004101100010,2019,other,9,Q1 (fastest),2
OR0000004101100010,2020,other,49,Q2,1
OR0000004101100010,2021,other,13,Q1 (fastest),0
OR0000004101300001,2016,other,71.5,Q2,0
OR0000004101300001,2019,other,1,Q1 (fastest),0
OR0000004101300001,2021,other,88,Q2,0
OR0000004101500003,2023,other,342,Q4 (slowest),0
OR0000004101900012,2022,other,184,Q3,0
OR0000004101900012,2024,other,1,Q1 (fastest),0
OR0000004101900013,2022,other,14,Q1 (fastest),0
OR0000004101900025,2018,other,35,Q2,2
OR0000004101900025,2019,other,35.33,Q2,2
OR0000004101900025,2020,other,112.33,Q3,0
OR0000004101900025,2024,other,93,Q3,0
OR0000004101900030,2022,other,28.33,Q2,1
OR0000004101900030,2024,other,14,Q1 (fastest),0
OR0000004101900031,2024,other,66.5,Q2,0
OR0000004101900054,2019,other,32,Q2,0
OR0000004101900078,2018,other,90.75,Q2,0
OR0000004101900078,2021,other,13,Q1 (fastest),0
OR0000004101900155,2022,other,273,Q4 (slowest),1
OR0000004101900155,2023,other,10,Q1 (fastest),1
OR0000004101900155,2024,other,12,Q1 (fastest),0
OR0000004102900004,2024,other,90.5,Q2,0
OR0000004102900025,2018,other,114.5,Q3,0
OR0000004102900026,2024,other,23,Q2,0
OR0000004102900029,2017,other,28,Q2,2
OR0000004102900029,2018,other,26.5,Q2,1
OR0000004102900029,2023,other,0,Q1 (fastest),0
OR0000004102900159,2018,other,1,Q1 (fastest),0
OR0000004102900159,2024,other,37,Q2,0
OR0000004103100003,2018,other,6,Q1 (fastest),0
OR0000004103500005,2017,other,142.5,Q3,0
OR0000004103500005,2022,other,41,Q2,0
OR0000004103500006,2018,other,43,Q2,0
OR0000004103500013,2016,other,110.5,Q3,0
OR0000004103500013,2018,other,109,Q3,0
OR0000004103500013,2020,other,73,Q2,0
OR0000004103500096,2016,other,7,Q1 (fastest),0
OR0000004104100005,2018,other,0,Q1 (fastest),1
OR0000004104100005,2019,other,139.5,Q3,1
OR0000004104100005,2020,other,422.5,Q4 (slowest),0
OR0000004104300011,2016,other,104,Q3,0
OR0000004104300011,2018,other,22,Q2,0
OR0000004104300011,2021,other,4,Q1 (fastest),0
OR0000004104300143,2017,other,2,Q1 (fastest),1
OR0000004104300143,2018,other,0,Q1 (fastest),1
OR0000004104300143,2019,other,7,Q1 (fastest),0
OR0000004104300143,2023,other,215,Q3,0
OR0000004104300547,2017,other,93,Q3,0
OR0000004104300547,2022,other,431,Q4 (slowest),0
OR0000004104301034,2021,other,7,Q1 (fastest),0
OR0000004104303010,2020,other,1,Q1 (fastest),0
OR0000004104303501,2017,other,47.5,Q2,0
OR0000004104308041,2020,other,8,Q1 (fastest),1
OR0000004104500032,2020,other,36,Q2,2
OR0000004104500032,2021,other,70.67,Q2,0
OR0000004104705398,2021,other,169.5,Q3,1
OR0000004104705398,2022,other,217,Q3,0
OR0000004104900047,2020,electric,38.33,Q2,0
OR0000004104900047,2022,electric,158,Q3,0
OR0000004105101876,2017,other,0,Q1 (fastest),1
OR0000004105101876,2018,other,79.5,Q2,1
OR0000004105101876,2019,other,11,Q1 (fastest),2
OR0000004105101876,2020,other,205,Q3,0
OR0000004105102068,2017,other,7,Q1 (fastest),0
OR0000004105102492,2023,other,36,Q2,0
OR0000004105103224,2023,other,131,Q3,0
OR0000004105103310,2024,other,41,Q2,0
OR0000004105500007,2019,other,45,Q2,0
OR0000004106100006,2021,other,139,Q3,0
OR0000004106500001,2016,other,13,Q1 (fastest),0
OR0000004106500001,2018,other,1,Q1 (fastest),2
OR0000004106500001,2019,other,139,Q3,0
OR0000004106702066,2016,other,258,Q4 (slowest),0
OR0000004106702066,2018,other,341,Q4 (slowest),0
OR0000004107100011,2019,electric,615.5,Q4 (slowest),0
OR0000004107105034,2020,other,210.5,Q3,1
OR0000004107105034,2021,other,564,Q4 (slowest),0
OR0000004107105034,2023,other,49,Q2,1
OR0000004107105034,2024,other,10,Q1 (fastest),0
ORLRA0004103900529,2018,other,233,Q3,0
ORLRA0004103904215,2021,other,0,Q1 (fastest),0
ORLRA0004103907510,2024,other,44,Q2,0
PA0001274,2016,other,454,Q4 (slowest),1
PA0001274,2019,other,101,Q3,0
PA000238451,2020,other,0,Q1 (fastest),1
PA000238451,2021,other,256.5,Q4 (slowest),0
PA000238482,2020,other,255,Q4 (slowest),0
PA000238534,2016,other,1001,Q4 (slowest),5
PA000238534,2017,other,727,Q4 (slowest),4
PA000238534,2018,other,376,Q4 (slowest),6
PA000238561,2021,other,118.5,Q3,1
PA000238606,2020,other,18,Q2,0
PA000238848,2022,other,290,Q4 (slowest),0
PA000238999,2018,other,84.5,Q2,0
PA000239575,2016,other,571,Q4 (slowest),5
PA000239575,2017,other,416,Q4 (slowest),0
PA000239575,2023,other,54.5,Q2,1
PA000240195,2017,other,0,Q1 (fastest),0
PA000240279,2017,electric,647,Q4 (slowest),0
PA000240279,2019,electric,199.5,Q3,2
PA000240279,2022,electric,405,Q4 (slowest),0
PA000240406,2017,other,168,Q3,1
PA000240521,2017,other,0,Q1 (fastest),0
PA000240521,2019,other,0,Q1 (fastest),0
PA000241166,2016,other,0,Q1 (fastest),0
PA000241166,2022,other,210.5,Q3,0
PA000241786,2018,other,0,Q1 (fastest),0
PA000241786,2023,other,0,Q1 (fastest),2
PA000241786,2024,other,0,Q1 (fastest),0
PA000241793,2022,other,127.5,Q3,1
PA000241793,2023,other,30,Q2,0
PA000243062,2019,other,360.5,Q4 (slowest),1
PA000243062,2020,other,144,Q3,0
PA000243349,2017,other,195,Q3,1
PA000243349,2018,other,0,Q1 (fastest),0
PA000243349,2020,other,111.5,Q3,0
PA000243516,2018,other,262,Q4 (slowest),0
PA000243524,2017,other,767,Q4 (slowest),1
PA000243524,2019,other,360.5,Q4 (slowest),2
PA000243524,2022,other,103.5,Q3,2
PA000243524,2023,other,329.5,Q4 (slowest),0
PA000245649,2017,other,0,Q1 (fastest),2
PA000245649,2018,other,45,Q2,0
PA000246109,2021,other,434,Q4 (slowest),0
PA000246109,2023,other,263,Q4 (slowest),1
PA000246109,2024,other,0,Q1 (fastest),0
PA000246529,2019,other,164.5,Q3,2
PA000247292,2017,other,374,Q4 (slowest),1
PA000247292,2022,other,328,Q4 (slowest),0
PA000249192,2022,electric,1290,Q4 (slowest),0
PA000249192,2024,electric,4,Q1 (fastest),0
PA000249383,2022,other,276,Q4 (slowest),0
PA000249554,2020,other,0,Q1 (fastest),0
PA000249554,2023,other,0,Q1 (fastest),0
PA000250692,2016,other,167,Q3,1
PA000250789,2023,electric,234.5,Q4 (slowest),0
PA000250969,2018,other,195.5,Q3,0
PA000251104,2018,other,94,Q3,0
PA000251717,2024,other,290.5,Q4 (slowest),0
PA000252449,2018,other,142,Q3,0
PA000252449,2024,other,128,Q3,1
PA000252814,2022,other,46,Q2,0
PA000254018,2023,electric,0,Q1 (fastest),0
PA000254656,2016,other,158,Q3,0
PA000254696,2017,other,1033,Q4 (slowest),2
PA000254882,2020,other,438,Q4 (slowest),1
PA000255673,2016,other,635,Q4 (slowest),8
PA000255673,2017,other,0,Q1 (fastest),6
PA000255673,2021,other,476,Q4 (slowest),4
PA000256841,2016,other,445,Q4 (slowest),0
PA000256899,2015,other,632.67,Q4 (slowest),21
PA000256899,2017,other,65,Q2,2
PA000256899,2021,other,777,Q4 (slowest),2
PA000256899,2022,other,705,Q4 (slowest),4
PA000256899,2023,other,217,Q3,1
PA000257072,2017,other,45,Q2,0
PA000261482,2017,other,0,Q1 (fastest),0
PA000262713,2020,electric,350,Q4 (slowest),3
PA000262830,2016,other,234,Q3,4
PA000262830,2021,other,840,Q4 (slowest),4
PA000265869,2022,other,953.5,Q4 (slowest),3
PA000265869,2023,other,539,Q4 (slowest),0
PA000268834,2016,other,385.5,Q4 (slowest),3
PA000268834,2019,other,350,Q4 (slowest),6
PA000268834,2020,other,563,Q4 (slowest),3
PA000268834,2021,other,174.67,Q3,6
PA000268834,2022,other,41,Q2,2
PA000268834,2023,other,178.5,Q3,3
PA000268834,2024,other,182.75,Q3,1
PA000270678,2024,other,0,Q1 (fastest),1
PA000270838,2020,other,210,Q3,0
PA000271194,2021,other,0,Q1 (fastest),1
PA000271745,2018,electric,306.5,Q4 (slowest),0
PA000272282,2017,other,0,Q1 (fastest),0
PA000274625,2017,other,0,Q1 (fastest),0
PA000275615,2017,other,322,Q4 (slowest),0
PA000275615,2019,other,642,Q4 (slowest),2
PA000275615,2020,other,591,Q4 (slowest),1
PA000275643,2020,other,151,Q3,0
PA000275643,2023,other,0,Q1 (fastest),0
PA000276779,2019,other,659,Q4 (slowest),2
PA000276779,2020,other,391.5,Q4 (slowest),2
PA000276779,2021,other,409.67,Q4 (slowest),7
PA000276779,2022,other,513,Q4 (slowest),5
PA000276779,2023,other,125.5,Q3,2
PA000278482,2021,other,0,Q1 (fastest),0
PA000278806,2023,other,49,Q2,1
PA000280828,2020,other,19,Q2,0
PA000281083,2019,other,143.5,Q3,2
PA000281083,2020,other,281.25,Q4 (slowest),0
PA000281083,2023,other,80,Q2,0
PA000283619,2022,other,0,Q1 (fastest),0
PA000283747,2022,other,238,Q3,1
PA000284248,2019,other,269,Q4 (slowest),0
PA000292288,2018,other,0,Q1 (fastest),0
PA000292970,2021,other,0,Q1 (fastest),0
PA000293037,2016,other,133,Q3,5
PA000293037,2017,other,162.5,Q3,4
PA000293037,2018,other,133.5,Q3,9
PA000293037,2019,other,203.5,Q3,5
PA000293037,2020,other,46.5,Q2,4
PA000293037,2021,other,152.75,Q3,4
PA000293150,2024,other,0,Q1 (fastest),0
PA000294444,2019,other,566,Q4 (slowest),5
PA000294444,2020,other,384.5,Q4 (slowest),0
PA000294580,2019,other,368.5,Q4 (slowest),1
PA000294580,2023,other,0,Q1 (fastest),1
PA000294580,2024,other,0,Q1 (fastest),0
PA000294589,2017,other,578,Q4 (slowest),2
PA000294589,2024,other,142.5,Q3,0
PA0003527,2020,electric,130.5,Q3,0
PA0003527,2022,electric,100.5,Q3,2
PA0003527,2024,electric,76,Q2,3
PA0003730,2017,other,0,Q1 (fastest),1
PA0004578,2017,other,350.25,Q4 (slowest),0
PA0004578,2022,other,224,Q3,1
PA000465799,2024,other,0,Q1 (fastest),0
PA000466789,2020,other,675,Q4 (slowest),0
PA000467540,2016,electric,278.5,Q4 (slowest),1
PA000467540,2017,electric,119.5,Q3,0
PA000468105,2024,other,178.5,Q3,1
PA000468809,2016,other,355,Q4 (slowest),0
PA000469846,2018,other,0,Q1 (fastest),0
PA000471717,2016,electric,336,Q4 (slowest),2
PA000471717,2017,electric,243.25,Q4 (slowest),0
PA000473196,2018,electric,488,Q4 (slowest),1
PA000474375,2021,electric,270,Q4 (slowest),3
PA000474375,2023,electric,92.33,Q3,1
PA000474375,2024,electric,0,Q1 (fastest),0
PA00047538,2019,other,106,Q3,0
PA000478429,2017,other,320.25,Q4 (slowest),5
PA000478429,2018,other,274.67,Q4 (slowest),4
PA000478429,2020,other,1343,Q4 (slowest),9
PA000478429,2021,other,929,Q4 (slowest),11
PA000478429,2022,other,861,Q4 (slowest),21
PA000480181,2021,other,123.75,Q3,0
PA000481084,2016,other,0,Q1 (fastest),1
PA000481084,2017,other,0,Q1 (fastest),1
PA000481371,2018,other,548,Q4 (slowest),0
PA000481371,2024,other,463,Q4 (slowest),1
PA000482559,2018,other,280,Q4 (slowest),0
PA000482687,2017,other,237.75,Q3,1
PA000482687,2019,other,118.5,Q3,2
PA000482687,2021,other,157.5,Q3,2
PA000482687,2022,other,132.67,Q3,1
PA000482687,2023,other,226.5,Q3,0
PA000484329,2020,other,153,Q3,3
PA000484329,2023,other,168,Q3,2
PA000484329,2024,other,299,Q4 (slowest),2
PA000491102,2018,other,142.75,Q3,3
PA000491102,2020,other,393,Q4 (slowest),6
PA000493036,2022,other,241.5,Q3,0
PA000493288,2018,other,177,Q3,1
PA000493288,2019,other,161,Q3,1
PA000493291,2019,other,155,Q3,0
PA000493291,2022,other,53,Q2,1
PA000493291,2023,other,113,Q3,0
PA000493552,2021,other,0,Q1 (fastest),0
PA000493651,2019,other,686.75,Q4 (slowest),0
PA000493681,2017,other,0,Q1 (fastest),2
PA000493681,2018,other,10,Q1 (fastest),0
PA000493977,2023,other,0,Q1 (fastest),0
PA000494369,2020,other,0,Q1 (fastest),0
PA000494374,2018,electric,286,Q4 (slowest),0
PA000495049,2020,other,0,Q1 (fastest),0
PA000495543,2016,other,164.67,Q3,4
PA000495543,2017,other,58,Q2,5
PA000495543,2018,other,340,Q4 (slowest),2
PA000495543,2019,other,231,Q3,1
PA000495643,2019,other,55.5,Q2,1
PA00050751,2016,other,46,Q2,16
PA00050751,2017,other,133,Q3,14
PA00050751,2018,other,109,Q3,29
PA00050751,2019,other,0,Q1 (fastest),0
PA000508,2019,other,145.5,Q3,2
PA000508,2020,other,279,Q4 (slowest),1
PA000508,2021,other,226.5,Q3,1
PA000509799,2023,other,0,Q1 (fastest),0
PA000509972,2021,other,0,Q1 (fastest),0
PA000510100,2018,other,660,Q4 (slowest),5
PA000510100,2021,other,876,Q4 (slowest),5
PA000510100,2022,other,487.6,Q4 (slowest),4
PA000511753,2018,other,527,Q4 (slowest),0
PA000511900,2022,other,34,Q2,0
PA000511900,2024,other,0,Q1 (fastest),0
PA000512949,2020,other,0,Q1 (fastest),0
PA000512965,2017,electric,514.5,Q4 (slowest),4
PA000513312,2017,other,0,Q1 (fastest),2
PA000513312,2021,other,0,Q1 (fastest),0
PA000514148,2023,other,0,Q1 (fastest),0
PA000515224,2018,other,207.5,Q3,1
PA000515224,2023,other,189.5,Q3,0
PA000515277,2017,other,0,Q1 (fastest),0
PA000521487,2018,other,202,Q3,0
PA000522957,2023,other,112,Q3,1
PA000523397,2019,other,233.5,Q3,6
PA000523397,2020,other,108,Q3,2
PA000523397,2023,other,383.75,Q4 (slowest),1
PA000523397,2024,other,81.5,Q2,0
PA000546100,2023,other,441.25,Q4 (slowest),0
PA000547395,2020,electric,209,Q3,1
PA000549775,2018,other,116,Q3,0
PA000557078,2017,other,121.33,Q3,0
PA000562531,2022,electric,0,Q1 (fastest),0
PA000565559,2022,other,293,Q4 (slowest),0
PA000566161,2022,other,0,Q1 (fastest),2
PA000640059,2023,other,0,Q1 (fastest),0
PA0006474,2024,other,0,Q1 (fastest),0
PA000654027,2016,electric,0,Q1 (fastest),0
PA000654027,2021,electric,0,Q1 (fastest),0
PA000654588,2021,electric,162,Q3,0
PA000668703,2017,electric,0,Q1 (fastest),0
PA000668882,2022,other,0,Q1 (fastest),0
PA000681509,2019,other,86,Q2,0
PA000683668,2017,other,90.5,Q2,0
PA000683668,2019,other,188,Q3,1
PA000683668,2020,other,391,Q4 (slowest),1
PA000683668,2021,other,225,Q3,1
PA000691890,2020,other,404,Q4 (slowest),4
PA000707674,2023,other,0,Q1 (fastest),0
PA000712577,2021,other,146.5,Q3,0
PA000716802,2019,electric,596,Q4 (slowest),1
PA000721611,2020,other,274.67,Q4 (slowest),1
PA000721611,2021,other,0,Q1 (fastest),0
PA000738074,2024,other,0,Q1 (fastest),0
PA000745923,2019,electric,263,Q4 (slowest),1
PA000745923,2020,electric,440,Q4 (slowest),3
PA000749573,2019,electric,592,Q4 (slowest),4
PA000749573,2020,electric,470.25,Q4 (slowest),3
PA000753880,2018,other,215.5,Q3,1
PA000753880,2019,other,271,Q4 (slowest),0
PA000753880,2021,other,320.75,Q4 (slowest),2
PA000753880,2022,other,259,Q4 (slowest),1
PA000753880,2023,other,0,Q1 (fastest),0
PA000756740,2022,electric,182,Q3,0
PA000757998,2018,other,124,Q3,2
PA000757998,2019,other,187.5,Q3,3
PA000757998,2020,other,162.5,Q3,4
PA000757998,2021,other,153.75,Q3,1
PA000757998,2022,other,101,Q3,4
PA000757998,2023,other,104,Q3,3
PA000757998,2024,other,142.5,Q3,1
PA000775836,2022,electric,80.5,Q2,12
PA000775836,2023,electric,19.38,Q2,10
PA000775836,2024,electric,0,Q1 (fastest),22
PA000776907,2020,electric,438,Q4 (slowest),1
PA000781641,2019,electric,222,Q4 (slowest),1
PA000798,2018,other,0,Q1 (fastest),2
PA000798,2022,other,45,Q2,0
PA000798,2024,other,0,Q1 (fastest),0
PA000808453,2019,other,322,Q4 (slowest),2
PA000808453,2020,other,148.5,Q3,0
PA000821191,2019,other,148,Q3,0
PA000915,2016,other,0,Q1 (fastest),1
PA000915,2022,other,525,Q4 (slowest),0
PAACH0004200300003,2017,other,11,Q1 (fastest),0
PAACH0004200300003,2023,other,126,Q3,0
PAACH0004200300008,2017,other,245,Q3,1
PAACH0004200300008,2018,other,72,Q2,0
PAACH0004200300008,2021,other,6,Q1 (fastest),0
PAACH0004200300032,2017,other,122.67,Q3,8
PAACH0004200300032,2018,other,177.71,Q3,8
PAACH0004200300032,2019,other,270.78,Q4 (slowest),5
PAACH0004200300032,2020,other,130.75,Q3,4
PAACH0004200300032,2021,other,76,Q2,2
PAACH0004200300032,2022,other,6.5,Q1 (fastest),4
PAACH0004200300032,2023,other,46.5,Q2,3
PAACH0004200300032,2024,other,45,Q2,0
PAACH0004200300073,2023,other,0,Q1 (fastest),0
PAACH0004200300075,2019,other,53.33,Q2,0
PAACH0004200300075,2021,other,42,Q2,0
PAACH0004200300095,2018,other,0,Q1 (fastest),0
PAACH0004200300095,2021,other,205,Q3,0
PAACH0004200300097,2017,other,31,Q2,0
PAACH0004200300102,2021,other,22,Q2,0
PAACH0004200300114,2024,other,52,Q2,0
PAACH0004200300121,2021,other,54.33,Q2,1
PAACH0004200300121,2022,other,298,Q4 (slowest),0
PAACH0004200300121,2024,other,143,Q3,0
PAACH0004200300140,2021,other,458,Q4 (slowest),0
PAACH0004200300140,2023,other,136,Q3,0
PAACH0004200300157,2019,electric,428,Q4 (slowest),0
PAACH0004200300158,2018,electric,40,Q2,0
PAACH0004200300202,2017,other,0,Q1 (fastest),1
PAACH0004200300202,2019,other,1796,Q4 (slowest),2
PAACH0004200300202,2021,other,9,Q1 (fastest),0
PAACH0004200300202,2024,other,61,Q2,0
PAACH0004200300203,2019,other,968,Q4 (slowest),1
PAACH0004200300203,2020,other,140,Q3,0
PAACH0004200300265,2018,other,66,Q2,2
PAACH0004200300265,2019,other,10.5,Q1 (fastest),0
PAACH0004200300265,2023,other,329.8,Q4 (slowest),0
PAACH0004200300580,2018,electric,0,Q1 (fastest),0
PAACH0004200300906,2021,other,277,Q4 (slowest),0
PAACH0004200300913,2024,other,285.5,Q4 (slowest),0
PAACH0004200300975,2019,other,69,Q2,0
PAACH4200302000,2023,other,0,Q1 (fastest),0
PAPAM0004210101501,2016,other,183.5,Q3,0
PAPAM0004210101501,2018,other,131,Q3,2
PAPAM0004210101501,2019,other,294.25,Q4 (slowest),3
PAPAM0004210101501,2020,other,103.17,Q3,1
PAPAM0004210101501,2021,other,23,Q2,0
PAPAM0004210101501,2023,other,79.5,Q2,0
PAPAM0004210101507,2019,other,31.5,Q2,0
PAPAM0004210101507,2021,other,0,Q1 (fastest),0
PAPAM0004210101517,2020,other,91,Q2,1
PAPAM0004210101517,2021,other,0,Q1 (fastest),1
PAPAM0004210101517,2022,other,11.5,Q1 (fastest),0
PAPAM0004210101551,2019,other,42.5,Q2,1
PAPAM0004210101551,2020,other,13.5,Q1 (fastest),6
PAPAM0004210101551,2021,other,256.25,Q4 (slowest),1
PAPAM0004210101551,2022,other,78.5,Q2,0
PAPAM0004210101569,2017,other,65.5,Q2,0
PAPAM0004210101569,2021,other,43.5,Q2,1
PAPAM0004210101573,2022,other,60.5,Q2,0
PAPAM0004210101597,2021,other,37,Q2,0
PAPAM0004210101597,2024,other,32,Q2,0
PAPAM0004210101617,2022,other,106.5,Q3,0
PAPAM0004210102016,2020,other,72.75,Q2,0
PAPAM0004210102059,2017,other,17,Q2,1
PAPAM0004210102059,2018,other,12,Q1 (fastest),0
PAPAM0004210102258,2018,other,0,Q1 (fastest),1
PAPAM0004210102258,2019,other,16,Q2,1
PAPAM0004210102258,2020,other,0,Q1 (fastest),1
PAPAM0004210102258,2023,other,51.5,Q2,2
PAPAM0004210102258,2024,other,55,Q2,1
PAPAM0004210103062,2021,other,29.5,Q2,0
PAPAM0004210103321,2021,other,0,Q1 (fastest),1
PAPAM0004210103321,2024,other,47.5,Q2,0
PAPAM0004210103489,2018,other,40,Q2,0
PAPAM0004210103506,2021,other,78,Q2,0
PAPAM0004210103887,2021,other,9.5,Q1 (fastest),0
PAPAM0004210104902,2017,other,12,Q1 (fastest),0
PAPAM0004210104902,2020,other,44,Q2,1
PAPAM0004210104902,2021,other,34,Q2,0
PAPAM0004210104902,2024,other,178.5,Q3,0
PAPAM0004210104904,2020,electric,25,Q2,0
PAPAM0004210104921,2021,other,71,Q2,0
PAPAM0004210104922,2021,other,44,Q2,0
PAPAM0004210104942,2017,other,1,Q1 (fastest),2
PAPAM0004210104942,2018,other,35.5,Q2,1
PAPAM0004210104942,2020,other,81.5,Q2,2
PAPAM0004210104942,2021,other,20,Q2,1
PAPAM0004210104942,2022,other,53.5,Q2,0
PAPAM0004210104942,2024,other,188.25,Q3,1
PAPAM0004210104944,2017,electric,48.33,Q2,1
PAPAM0004210104944,2018,electric,48,Q2,0
PAPAM0004210104944,2020,electric,13.25,Q2,2
PAPAM0004210104944,2021,electric,20,Q2,1
PAPAM0004210104944,2022,electric,53.5,Q2,1
PAPAM0004210104944,2023,electric,126.5,Q3,4
PAPAM0004210104944,2024,electric,177.88,Q3,2
PAPAM0004210105003,2017,other,52.33,Q2,1
PAPAM0004210105003,2018,other,15,Q2,2
PAPAM0004210105003,2019,other,18,Q2,2
PAPAM0004210105003,2020,other,16.25,Q2,2
PAPAM0004210105003,2021,other,24.67,Q2,2
PAPAM0004210105003,2022,other,31.33,Q2,1
PAPAM0004210105003,2023,other,19.5,Q2,0
PAPAM0004210105004,2017,other,0,Q1 (fastest),0
PAPAM0004210105004,2020,other,17.5,Q2,1
PAPAM0004210105004,2021,other,95,Q3,0
PAPAM0004210105013,2017,other,59,Q2,1
PAPAM0004210105013,2018,other,7,Q1 (fastest),0
PAPAM0004210105013,2021,other,16,Q2,0
PAPAM0004210106020,2020,other,0,Q1 (fastest),1
PAPAM0004210106020,2021,other,126,Q3,0
PAPAM0004210106512,2021,other,29,Q2,0
PAPAM0004210108024,2020,other,58.5,Q2,1
PAPAM0004210108024,2021,other,232,Q3,0
PAPAM0004210108034,2017,other,38.5,Q2,1
PAPAM0004210108038,2019,other,29.5,Q2,0
PAPAM0004210108043,2021,other,73.5,Q2,0
PAPAM0004210108043,2023,other,186,Q3,0
PAPAM0004210108069,2016,other,200,Q3,0
PAPAM0004210108069,2018,other,16.67,Q2,0
PAPAM0004210108069,2021,other,24.67,Q2,0
PAPAM0004210108069,2024,other,185,Q3,0
PAPAM0004210108904,2022,other,0,Q1 (fastest),1
PAPAM0004210108904,2023,other,84,Q2,0
PAPAM0004210108905,2017,other,134,Q3,1
PAPAM0004210108905,2018,other,44,Q2,1
PAPAM0004210108905,2019,other,80,Q2,1
PAPAM0004210108905,2020,other,121,Q3,0
PAPAM0004210108905,2024,other,23.25,Q2,0
PAPAM0004210108906,2018,other,12.5,Q1 (fastest),0
PAPAM0004210108906,2020,other,42.2,Q2,1
PAPAM0004210108906,2021,other,11.5,Q1 (fastest),0
PAPAM0004210108912,2018,other,25,Q2,0
PAPAM0004210108912,2021,other,18,Q2,0
PAPAM0004210108924,2024,other,11,Q1 (fastest),1
PAPAM0004210109502,2018,other,43,Q2,1
PAPAM0004210109502,2019,other,112.5,Q3,0
PAPAM0004210109513,2021,other,114,Q3,0
PAPAM0004210109515,2017,other,120.5,Q3,0
PAPAM0004210109519,2016,other,870,Q4 (slowest),0
PAPAM0004210109519,2018,other,509,Q4 (slowest),0
PAPAM0004210109519,2020,other,180,Q3,0
PAPAM0004210109519,2022,other,45,Q2,0
PAPAM0004210109703,2019,other,171.5,Q3,0
PAPAM0004210109724,2020,other,0,Q1 (fastest),0
PAPAM0004210109726,2021,other,0,Q1 (fastest),1
PAPAM0004210109726,2022,other,36.5,Q2,0
PAPAM0004210110087,2019,other,41,Q2,1
PAPAM0004210110087,2020,other,39,Q2,1
PAPAM0004210110087,2021,other,40,Q2,0
PAPAM0004210110092,2020,other,55.5,Q2,0
PAPAM0004210110353,2020,other,49,Q2,0
PAPAM0004210110438,2016,other,69,Q2,0
PAPAM0004210110459,2017,other,32.25,Q2,2
PAPAM0004210110459,2018,other,45,Q2,1
PAPAM0004210110459,2019,other,0,Q1 (fastest),1
PAPAM0004210110459,2020,other,19.5,Q2,2
PAPAM0004210110459,2021,other,20.33,Q2,1
PAPAM0004210110459,2022,other,53.5,Q2,0
PAPAM0004210110459,2024,other,222.75,Q3,2
PAPAM0004210110540,2024,other,14,Q1 (fastest),1
PAPAM0004210120220,2022,other,0,Q1 (fastest),0
PAPAM00042101T0047,2024,other,49.5,Q2,0
RI0000004400100030,2017,other,0,Q1 (fastest),0
RI0000004400300006,2022,other,52,Q2,1
RI0000004400309008,2022,other,101,Q3,0
RI0000004400500007,2024,other,35,Q2,0
RI0000004400500009,2018,electric,234,Q4 (slowest),0
RI0000004400700016,2019,other,15,Q2,0
RI0000004400700018,2023,other,19,Q2,0
RI0000004400700038,2021,other,14,Q1 (fastest),0
RI0000004400700038,2023,other,128.5,Q3,0
RI0000004400700043,2021,other,194.67,Q3,0
RI0000004400700043,2023,other,194,Q3,0
RI0000004400700091,2024,other,155,Q3,0
RI0000004400700094,2021,other,149,Q3,0
RI0000004400700108,2022,other,299.67,Q4 (slowest),1
RI0000004400700108,2023,other,19,Q2,0
RI0000004400700144,2024,other,37,Q2,1
RI0000004400700414,2022,other,217,Q3,1
RI0000004400700414,2023,other,19,Q2,1
RI0000004400700419,2017,electric,0,Q1 (fastest),1
RI0000004400700419,2018,electric,321,Q4 (slowest),0
RI0000004400700421,2022,other,113.5,Q3,0
RI0000004400700427,2023,other,31,Q2,1
RI0000004400700427,2024,other,117,Q3,1
RI0000004400700522,2019,other,226.67,Q3,0
RI0000004400700540,2020,other,3,Q1 (fastest),1
RI0000004400700540,2021,other,129,Q3,0
RI0000004400700540,2023,other,19,Q2,1
RI0000004400700540,2024,other,54,Q2,1
RI0000004400700545,2016,electric,0,Q1 (fastest),0
RI0000004400700545,2018,electric,137,Q3,0
RI0000004400700545,2020,electric,55,Q2,0
RI0000004400700545,2024,electric,0,Q1 (fastest),0
RI0000004400700555,2017,electric,0,Q1 (fastest),0
RI0000004400700809,2021,other,58,Q2,0
RI0000004400700809,2024,other,35,Q2,0
RI0000004400701780,2019,other,11,Q1 (fastest),0
RI0000004400701780,2023,other,19,Q2,0
RI0000004400702021,2021,other,118,Q3,0
RI0000004400702425,2023,other,31,Q2,1
RI0000004400702425,2024,other,258,Q4 (slowest),0
RI0000004400706011,2021,other,47,Q2,0
RI0000004400709035,2023,other,19,Q2,0
RI0000004400709040,2019,other,167.5,Q3,0
RI0000004400709040,2023,other,130.5,Q3,1
RI0000004400790008,2019,other,0,Q1 (fastest),0
RI0000004400790024,2017,other,136.67,Q3,0
RI000000440079100,2024,other,22,Q2,1
RI0000004400791005,2018,other,68,Q2,2
RI0000004400791005,2019,other,3,Q1 (fastest),1
RI0000004400791005,2020,other,406,Q4 (slowest),1
RI0000004400791012,2023,other,31.67,Q2,0
RI0000004400791013,2021,other,123,Q3,2
RI0000004400791013,2022,other,194.4,Q3,0
RI0000004400791013,2024,other,129,Q3,2
RI0000004400799999,2020,other,3,Q1 (fastest),0
RI0000004400900007,2021,other,57,Q2,0
RI0000004400900007,2024,other,119,Q3,1
RI0000004400900009,2018,other,526.5,Q4 (slowest),0
RI0000004400900010,2024,other,0,Q1 (fastest),0
RI0000004400900020,2019,other,20,Q2,0
RI0000004400900020,2021,other,69,Q2,0
RI0000004400900021,2022,other,26,Q2,1
RI0000004400900492,2020,other,206,Q3,0
RI0000004400900492,2024,other,177,Q3,0
RI0000004400900500,2022,other,145.67,Q3,1
RI0000004400900500,2023,other,19,Q2,1
RI0000004400900500,2024,other,54,Q2,1
RI0000004400900597,2023,other,19,Q2,0
RI0000004400901894,2021,other,142,Q3,0
RI0000004400901894,2023,other,94,Q3,0
RI0004400302563,2023,other,19,Q2,1
RI0004400302563,2024,other,54,Q2,2
RI0004400700159,2022,other,217,Q3,0
RI0004400700789,2020,electric,106,Q3,0
RI0004400700789,2023,electric,261,Q4 (slowest),2
RI0004400700789,2024,electric,64.5,Q2,0
RI0004400904689,2022,other,300,Q4 (slowest),0
RI0004400904689,2024,other,53.5,Q2,1
RI0004400925538,2023,other,351.5,Q4 (slowest),1
RI0004400925538,2024,other,81.5,Q2,1
SC00000400013,2016,other,0,Q1 (fastest),0
SC00000400013,2021,other,0,Q1 (fastest),0
SC00000400035,2021,electric,0,Q1 (fastest),0
SC00000400050,2019,other,0,Q1 (fastest),0
SC00000800003,2017,other,0,Q1 (fastest),0
SC00000800003,2021,other,331,Q4 (slowest),1
SC00000800003,2022,other,619,Q4 (slowest),0
SC00000800009,2019,other,0,Q1 (fastest),0
SC00000800027,2017,other,0,Q1 (fastest),0
SC00000800028,2024,other,36,Q2,0
SC00000800041,2017,other,0,Q1 (fastest),0
SC00000800088,2020,other,0,Q1 (fastest),0
SC00000800101,2024,other,308,Q4 (slowest),0
SC00000800138,2021,other,0,Q1 (fastest),0
SC00000800138,2024,other,117,Q3,0
SC00000800144,2018,electric,77.5,Q2,0
SC00001600004,2017,other,90,Q2,0
SC00001600004,2019,other,484,Q4 (slowest),0
SC00001600004,2021,other,757.5,Q4 (slowest),1
SC00001600004,2022,other,330.5,Q4 (slowest),1
SC00001600004,2023,other,333,Q4 (slowest),1
SC00001600004,2024,other,610,Q4 (slowest),1
SC00002000004,2020,electric,0,Q1 (fastest),0
SC00002000018,2020,other,0,Q1 (fastest),0
SC00002000031,2017,other,0,Q1 (fastest),0
SC00002000031,2019,other,0,Q1 (fastest),0
SC00002000031,2022,other,30,Q2,0
SC00002000031,2024,other,336,Q4 (slowest),0
SC00002000036,2022,other,0,Q1 (fastest),1
SC00002000036,2023,other,253,Q4 (slowest),0
SC00002000056,2018,other,0,Q1 (fastest),0
SC00002000117,2024,other,248,Q3,0
SC00002000119,2020,other,0,Q1 (fastest),0
SC00002000144,2020,electric,268,Q4 (slowest),0
SC00002000149,2022,other,26,Q2,0
SC00002000150,2016,other,0,Q1 (fastest),0
SC00002000150,2018,other,0,Q1 (fastest),0
SC00002000284,2023,other,160.33,Q3,0
SC00003000031,2021,other,76,Q2,0
SC00003000031,2024,other,20,Q2,1
SC00003600002,2018,other,0,Q1 (fastest),0
SC00003600031,2021,other,0,Q1 (fastest),1
SC00003600031,2022,other,14.5,Q2,1
SC00003600031,2023,other,50,Q2,2
SC00003600031,2024,other,299.5,Q4 (slowest),0
SC00003600050,2018,other,0,Q1 (fastest),0
SC00003600050,2022,other,0,Q1 (fastest),0
SC00003600061,2021,other,0,Q1 (fastest),0
SC00003600079,2020,other,118.5,Q3,1
SC00003600079,2021,other,0,Q1 (fastest),0
SC00003600079,2024,other,166,Q3,1
SC00003600082,2024,other,340,Q4 (slowest),0
SC00004200006,2023,electric,129,Q3,0
SC00004200007,2020,other,0,Q1 (fastest),0
SC00004200015,2018,other,0,Q1 (fastest),3
SC00004200015,2019,other,431,Q4 (slowest),4
SC00004200015,2020,other,558.25,Q4 (slowest),2
SC00004200015,2021,other,1032.5,Q4 (slowest),0
SC00004200015,2023,other,298.17,Q4 (slowest),6
SC00004200015,2024,other,264.86,Q4 (slowest),4
SC00004200017,2023,other,19,Q2,0
SC00004200030,2018,electric,71,Q2,0
SC00004200030,2020,electric,268,Q4 (slowest),0
SC00004200030,2023,electric,161,Q3,0
SC00004200033,2018,other,105.45,Q3,0
SC00004200033,2021,other,471,Q4 (slowest),0
SC00004200033,2023,other,115,Q3,0
SC00004200048,2020,other,0,Q1 (fastest),0
SC00004200059,2018,other,0,Q1 (fastest),0
SC00004200060,2017,other,342,Q4 (slowest),1
SC00004200060,2018,other,0,Q1 (fastest),2
SC00004200060,2019,other,166,Q3,0
SC00004200060,2023,other,8,Q1 (fastest),0
SC00004200089,2018,other,0,Q1 (fastest),0
SC00004200089,2022,other,649.5,Q4 (slowest),0
SC00004200094,2017,other,0,Q1 (fastest),0
SC00004200094,2023,other,15,Q2,0
SC00004200095,2018,other,0,Q1 (fastest),0
SC00004200102,2017,other,0,Q1 (fastest),0
SC00004200112,2021,electric,0,Q1 (fastest),0
SC00004200112,2023,electric,0,Q1 (fastest),0
SC00004200113,2024,other,83,Q2,0
SC00004200133,2020,other,0,Q1 (fastest),0
SC00004200185,2024,other,518,Q4 (slowest),2
SC00004600003,2019,other,0,Q1 (fastest),0
SC00004600022,2018,other,9,Q1 (fastest),0
SC00004600022,2020,other,0,Q1 (fastest),0
SC00004600022,2024,other,269.83,Q4 (slowest),3
SC00004600024,2017,electric,0,Q1 (fastest),0
SC00004600024,2020,electric,0,Q1 (fastest),0
SC00004600025,2019,other,0,Q1 (fastest),0
SC00004600025,2021,other,0,Q1 (fastest),0
SC00004600025,2023,other,244,Q3,2
SC00004600030,2017,other,0,Q1 (fastest),1
SC00004600030,2018,other,0,Q1 (fastest),0
SC00004600033,2020,other,0,Q1 (fastest),1
SC00004600033,2023,other,215,Q3,0
SC00005600011,2018,other,0,Q1 (fastest),0
SC00005600011,2022,other,0,Q1 (fastest),0
SC00005600011,2024,other,157,Q3,2
SC00005600020,2022,other,172,Q3,0
SC00005600026,2017,other,0,Q1 (fastest),0
SC00005600032,2019,other,560,Q4 (slowest),0
SC00005600032,2021,other,0,Q1 (fastest),0
SC00005600133,2020,other,0,Q1 (fastest),0
SC00005600160,2023,other,235.5,Q3,0
SC00005600164,2017,other,0,Q1 (fastest),0
SC00005600166,2024,other,311,Q4 (slowest),0
SC00005600205,2017,other,0,Q1 (fastest),0
SC00005600236,2019,other,0,Q1 (fastest),0
SC00005600361,2022,other,128.5,Q3,0
SC00005600372,2019,other,0,Q1 (fastest),0
SC00005600411,2016,other,0,Q1 (fastest),0
SC00005600421,2017,other,0,Q1 (fastest),1
SC00005600421,2018,other,0,Q1 (fastest),0
SC00005600438,2017,other,0,Q1 (fastest),1
SC00005600438,2018,other,54,Q2,0
SC00005600438,2024,other,85.5,Q2,0
SC00005600555,2022,other,202,Q3,0
SC00006000007,2023,other,41,Q2,0
SC00006000068,2017,other,0,Q1 (fastest),0
SC00006000076,2018,electric,32,Q2,1
SC00006000076,2019,electric,1367,Q4 (slowest),0
SC00006000076,2023,electric,0,Q1 (fastest),0
SC00006000087,2020,other,0,Q1 (fastest),0
SC00006000135,2024,other,18,Q2,0
SC00006400013,2024,other,275,Q4 (slowest),3
SC00006400018,2017,other,0,Q1 (fastest),0
SC00006400018,2021,other,833,Q4 (slowest),1
SC00006400018,2022,other,481,Q4 (slowest),0
SC00006400053,2024,other,56,Q2,0
SC00006400067,2022,other,0,Q1 (fastest),1
SC00006400067,2023,other,299,Q4 (slowest),0
SC00006400070,2023,other,23,Q2,0
SC00006400072,2024,other,28,Q2,0
SC00006400083,2024,other,219.5,Q3,0
SC00006400086,2023,other,549,Q4 (slowest),0
SC00006600004,2024,other,104,Q3,0
SC00006600023,2021,other,0,Q1 (fastest),0
SC00006600023,2023,other,127,Q3,0
SC00006600027,2022,other,266,Q4 (slowest),0
SC00006600039,2017,other,0,Q1 (fastest),0
SC00006600039,2022,other,0,Q1 (fastest),0
SC00006800046,2024,other,419,Q4 (slowest),0
SC00008200001,2022,other,0,Q1 (fastest),1
SC00008200011,2021,other,0,Q1 (fastest),0
SC00008200011,2024,other,66,Q2,0
SC00008200012,2016,other,0,Q1 (fastest),1
SC00008200012,2017,other,0,Q1 (fastest),0
SC00008200012,2019,other,0,Q1 (fastest),0
SC00008200012,2022,other,788.5,Q4 (slowest),1
SC00008200012,2023,other,454.5,Q4 (slowest),2
SC00008200012,2024,other,174,Q3,0
SC00008200045,2016,other,60.5,Q2,1
SC00008200045,2017,other,0,Q1 (fastest),0
SC00008200045,2019,other,0,Q1 (fastest),0
SC00008200045,2021,other,861.33,Q4 (slowest),3
SC00008200045,2022,other,703.2,Q4 (slowest),0
SC00008200047,2016,other,0,Q1 (fastest),0
SC00008200047,2023,other,20,Q2,0
SC00008800026,2019,other,0,Q1 (fastest),0
SC00008800033,2020,other,0,Q1 (fastest),0
SC00008800033,2024,other,240,Q3,0
SC00008800040,2021,other,0,Q1 (fastest),1
SC00008800040,2024,other,64,Q2,1
SC00008800054,2023,other,291.5,Q4 (slowest),0
SC00009000002,2017,other,101.5,Q3,1
SC00009000002,2018,other,377,Q4 (slowest),3
SC00009000002,2019,other,524,Q4 (slowest),2
SC00009000002,2020,other,204.5,Q3,0
SC00009000002,2024,other,147,Q3,1
SC00009000004,2021,other,573,Q4 (slowest),0
SC00009000004,2023,other,114.5,Q3,2
SC00009000004,2024,other,65.5,Q2,1
SC00009000017,2021,other,0,Q1 (fastest),0
SC00009000017,2023,other,395.5,Q4 (slowest),2
SC00009000017,2024,other,134.5,Q3,1
SC00009000020,2017,other,0,Q1 (fastest),0
SC00009000020,2021,other,0,Q1 (fastest),0
SC00009000020,2023,other,6,Q1 (fastest),0
SC00009000025,2017,other,0,Q1 (fastest),4
SC00009000025,2018,other,25.75,Q2,2
SC00009000025,2019,other,0,Q1 (fastest),0
SC00009000025,2024,other,157.5,Q3,0
SC00009000048,2017,other,289.5,Q4 (slowest),0
SC00009000050,2017,other,70.62,Q2,5
SC00009000050,2018,other,0,Q1 (fastest),1
SC00009000050,2024,other,107,Q3,0
SC00009000058,2018,other,0,Q1 (fastest),0
SC00009000082,2020,other,0,Q1 (fastest),0
SC00009000107,2017,other,0,Q1 (fastest),1
SC00009000107,2018,other,0,Q1 (fastest),0
SC00009800014,2016,other,0,Q1 (fastest),0
SC00010000005,2017,other,0,Q1 (fastest),0
SC00010000005,2020,other,0,Q1 (fastest),0
SC00010000020,2019,electric,0,Q1 (fastest),0
SC00010000020,2023,electric,455.33,Q4 (slowest),0
SC00010000045,2024,other,526,Q4 (slowest),1
SC00010400003,2018,other,0,Q1 (fastest),0
SC00010400008,2019,other,0,Q1 (fastest),0
SC00010400008,2024,other,107,Q3,0
SC00010400016,2017,other,0,Q1 (fastest),1
SC00010400016,2018,other,0,Q1 (fastest),0
SC00010400016,2021,other,650,Q4 (slowest),0
SC00010400070,2017,other,0,Q1 (fastest),1
SC00010400070,2018,other,0,Q1 (fastest),0
SC00010400070,2022,other,0,Q1 (fastest),0
SC00010400076,2024,other,291,Q4 (slowest),0
SC00010400079,2020,other,0,Q1 (fastest),0
SC00010400092,2017,other,0,Q1 (fastest),0
SC00010400092,2021,other,0,Q1 (fastest),1
SC00010400092,2022,other,334,Q4 (slowest),0
SC00011400002,2023,other,164,Q3,0
SC00011400004,2019,other,418,Q4 (slowest),0
SC00011400004,2023,other,83,Q2,0
SC00011400005,2017,electric,104.5,Q3,0
SC00011400005,2019,electric,570.5,Q4 (slowest),0
SC00011400005,2022,electric,283.5,Q4 (slowest),0
SC00011400008,2016,other,0,Q1 (fastest),0
SC00011400031,2023,other,778,Q4 (slowest),0
SC00011400044,2024,other,408,Q4 (slowest),0
SC00011400056,2023,other,79,Q2,0
SC00011400061,2021,other,0,Q1 (fastest),0
SC00012000013,2017,other,0,Q1 (fastest),0
SC00012000013,2024,other,303,Q4 (slowest),1
SC00012000014,2020,other,0,Q1 (fastest),0
SC00012000018,2023,other,13,Q1 (fastest),0
SC00012000024,2017,other,0,Q1 (fastest),0
SC00012000024,2022,other,0,Q1 (fastest),1
SC00012000024,2023,other,301.5,Q4 (slowest),1
SC00012000024,2024,other,185.5,Q3,0
SC00012000039,2021,other,0,Q1 (fastest),0
SC00012000046,2017,other,0,Q1 (fastest),0
SC00012000068,2024,other,586,Q4 (slowest),0
SC00012000073,2017,other,0,Q1 (fastest),0
SC00012000075,2021,other,0,Q1 (fastest),0
SC00012000075,2023,other,0,Q1 (fastest),0
SC00012000094,2022,other,49,Q2,0
SC00012000094,2024,other,284,Q4 (slowest),0
SC00012000099,2017,other,0,Q1 (fastest),1
SC00012000099,2018,other,0,Q1 (fastest),0
SC00012000099,2021,other,7,Q1 (fastest),0
SC00012000099,2023,other,31,Q2,0
SC00012000107,2024,other,351,Q4 (slowest),1
SC00012000183,2023,other,88,Q2,0
SC00012000245,2021,other,0,Q1 (fastest),1
SC00012000245,2024,other,623,Q4 (slowest),0
SC00012000306,2022,other,223,Q3,0
SC00012000306,2024,other,63,Q2,0
SC00012000326,2024,other,29,Q2,0
SC00012000362,2020,other,0,Q1 (fastest),0
SC00012000362,2023,other,190,Q3,0
SC00012000371,2024,other,14,Q1 (fastest),0
SC00012000374,2017,other,0,Q1 (fastest),0
SC00012000386,2016,other,106.5,Q3,0
SC00012000386,2022,other,0,Q1 (fastest),1
SC00012000386,2023,other,63,Q2,1
SC00012000386,2024,other,339,Q4 (slowest),0
SC00012000395,2020,other,0,Q1 (fastest),1
SC00012000395,2021,other,0,Q1 (fastest),1
SC00012000395,2022,other,0,Q1 (fastest),1
SC00012000395,2023,other,671,Q4 (slowest),1
SC00012000412,2019,other,0,Q1 (fastest),0
SC00012000412,2023,other,68,Q2,0
SC00012000416,2022,other,322,Q4 (slowest),0
SC00012000526,2023,other,55,Q2,0
SC00012000534,2022,other,587,Q4 (slowest),0
SC00012000534,2024,other,24,Q2,1
SC00012000535,2022,other,0,Q1 (fastest),0
SC00012400019,2023,other,94,Q3,0
SC00012400117,2020,other,0,Q1 (fastest),1
SC00012400123,2020,other,0,Q1 (fastest),0
SC00012400133,2018,other,0,Q1 (fastest),0
SC00012400133,2023,other,61,Q2,0
SC00012800004,2017,other,0,Q1 (fastest),0
SC00012800024,2017,other,0,Q1 (fastest),0
SC00012800024,2022,other,0,Q1 (fastest),0
SC00012800024,2024,other,140.5,Q3,0
SC00013400029,2017,other,0,Q1 (fastest),0
SC00013400029,2024,other,266,Q4 (slowest),0
SC00013400124,2023,other,23,Q2,0
SC00013600021,2016,other,0,Q1 (fastest),0
SC00013600021,2018,other,0,Q1 (fastest),0
SC00013600032,2017,other,0,Q1 (fastest),1
SC00013600032,2018,other,9,Q1 (fastest),0
SC00013600032,2023,other,222,Q3,0
SC00013600042,2018,other,0,Q1 (fastest),0
SC00013600050,2021,other,569,Q4 (slowest),1
SC00013600050,2022,other,0,Q1 (fastest),1
SC00013800003,2016,other,0,Q1 (fastest),0
SC00013800016,2023,other,25,Q2,0
SC00013800025,2017,other,61.5,Q2,0
SC00013800025,2024,other,254.67,Q4 (slowest),1
SC00013800044,2023,other,99,Q3,0
SC00014600005,2022,other,304,Q4 (slowest),0
SC00014600005,2024,other,583,Q4 (slowest),1
SC00014600070,2019,other,303,Q4 (slowest),3
SC00014600070,2020,other,0,Q1 (fastest),1
SC00014600070,2021,other,0,Q1 (fastest),0
SC00014600070,2024,other,352,Q4 (slowest),0
SC00015200015,2019,other,0,Q1 (fastest),1
SC00015200015,2020,other,230,Q3,0
SC00015200015,2024,other,244,Q3,1
SC00015200017,2016,other,0,Q1 (fastest),0
SC00015200078,2022,other,851,Q4 (slowest),0
SC00015200078,2024,other,176.8,Q3,4
SC00015200142,2019,other,0,Q1 (fastest),0
SC00015200142,2023,other,96,Q3,0
SC00015400027,2021,other,0,Q1 (fastest),1
SC00015400027,2022,other,675,Q4 (slowest),1
SC00015400027,2023,other,32,Q2,0
SC00015600005,2021,other,259.83,Q4 (slowest),2
SC00015600005,2022,other,8,Q1 (fastest),2
SC00015600005,2023,other,468,Q4 (slowest),0
SC00015600016,2018,other,0,Q1 (fastest),0
SC00015600016,2022,other,624,Q4 (slowest),0
SC00015600016,2024,other,43,Q2,0
SC00015600037,2022,other,421,Q4 (slowest),0
SC00015600087,2019,other,0,Q1 (fastest),0
SC00015600087,2023,other,80,Q2,2
SC00015600087,2024,other,217,Q3,1
SC00015600131,2022,other,176,Q3,0
SC00015600273,2020,other,45.5,Q2,0
SC00016600029,2020,other,0,Q1 (fastest),0
SC00016600029,2022,other,0,Q1 (fastest),0
SC00016600029,2024,other,614,Q4 (slowest),0
SC00016600035,2022,other,0,Q1 (fastest),1
SC00016800043,2018,other,0,Q1 (fastest),0
SC00016800043,2020,other,0,Q1 (fastest),0
SC00016800048,2022,other,0,Q1 (fastest),0
SC00016800050,2017,other,0,Q1 (fastest),0
SC00016800100,2019,other,0,Q1 (fastest),1
SC00016800100,2020,other,0,Q1 (fastest),0
SC00016800100,2022,other,201.5,Q3,0
SC00016800104,2016,other,0,Q1 (fastest),0
SC00016800104,2018,other,0,Q1 (fastest),1
SC00016800104,2022,other,473,Q4 (slowest),1
SC00016800104,2023,other,230,Q3,1
SC00016800104,2024,other,14,Q1 (fastest),1
SC00016800117,2023,other,244,Q3,0
SC00016800120,2022,other,575,Q4 (slowest),0
SC00017800007,2024,other,239.5,Q3,0
SC00017800008,2021,other,172,Q3,0
SC00017800008,2024,other,443,Q4 (slowest),0
SC00017800022,2023,other,10,Q1 (fastest),2
SC00017800022,2024,other,623,Q4 (slowest),1
SC00017800045,2020,other,0,Q1 (fastest),0
SC00017800045,2022,other,833.5,Q4 (slowest),1
SC00017800045,2023,other,342.5,Q4 (slowest),0
SC00017800054,2024,other,137.5,Q3,0
SC00017800056,2022,other,0,Q1 (fastest),1
SC00017800056,2023,other,745,Q4 (slowest),0
SC00018200033,2016,other,0,Q1 (fastest),0
SC00018200041,2022,electric,384,Q4 (slowest),0
SC00018200066,2019,electric,0,Q1 (fastest),0
SC00018200067,2024,other,37,Q2,1
SC00018200072,2024,electric,10,Q2,1
SC00018200105,2024,other,146.5,Q3,1
SC00018600004,2017,other,414.75,Q4 (slowest),0
SC00018600004,2019,other,1247.75,Q4 (slowest),3
SC00018600004,2020,other,1234.33,Q4 (slowest),1
SC00018600004,2021,other,938,Q4 (slowest),0
SC00018600005,2018,other,0,Q1 (fastest),0
SC00018600043,2019,other,0,Q1 (fastest),0
SC00018600043,2023,other,38,Q2,0
SC00018600044,2017,electric,0,Q1 (fastest),0
SC00018600044,2022,electric,0,Q1 (fastest),1
SC00018600044,2023,electric,107,Q3,0
SC00018600055,2022,other,111,Q3,0
SC00018600082,2024,other,131.5,Q3,0
SC00018600085,2017,electric,43,Q2,0
SC00018600085,2020,electric,0,Q1 (fastest),0
SC00018600090,2022,other,196,Q3,0
SC00018600153,2022,other,331,Q4 (slowest),0
SC00018600157,2022,other,541,Q4 (slowest),0
SC00018800010,2024,other,31,Q2,0
SC00018800051,2022,electric,0,Q1 (fastest),0
SC00018800060,2020,other,0,Q1 (fastest),0
SC00018800080,2022,other,0,Q1 (fastest),0
SC00018800092,2016,other,0,Q1 (fastest),0
SC00018800092,2021,other,34,Q2,0
SC00019000007,2018,other,84.5,Q2,0
SC00019000007,2021,other,0,Q1 (fastest),0
SC00019000007,2024,other,324.5,Q4 (slowest),0
SC00019000010,2017,other,0,Q1 (fastest),0
SC00019000010,2020,other,0,Q1 (fastest),0
SC00019000016,2024,other,28,Q2,0
SC00019000040,2016,other,147,Q3,0
SC00019000044,2021,other,0,Q1 (fastest),1
SC00019000044,2022,other,510,Q4 (slowest),1
SC00019000046,2018,other,0,Q1 (fastest),0
SC00019000046,2022,other,461.5,Q4 (slowest),1
SC00019000046,2023,other,55,Q2,0
SC00019000052,2017,other,0,Q1 (fastest),0
SC00019000052,2022,other,483,Q4 (slowest),0
SC00019000083,2021,other,0,Q1 (fastest),0
SC00019000093,2016,other,0,Q1 (fastest),1
SC00019000093,2017,other,0,Q1 (fastest),0
SC00019000093,2023,other,14,Q1 (fastest),0
SC00019000143,2024,other,94,Q3,0
SC00019000145,2018,other,0,Q1 (fastest),0
SC00019000145,2023,other,53,Q2,1
SC00019000145,2024,other,152,Q3,0
SC00019000146,2018,other,159.5,Q3,0
SC00019000148,2018,other,0,Q1 (fastest),0
SC00019000162,2020,other,0,Q1 (fastest),0
SC00019000162,2022,other,0,Q1 (fastest),1
SC00019000172,2017,other,0,Q1 (fastest),0
SC00019000172,2021,other,1016,Q4 (slowest),0
SC00019000206,2024,other,14,Q1 (fastest),0
SC00019000286,2018,other,0,Q1 (fastest),0
SC00019000286,2021,other,626.5,Q4 (slowest),5
SC00019000286,2022,other,219.3,Q3,1
SC00019000286,2023,other,424,Q4 (slowest),2
SC00019000286,2024,other,123.5,Q3,0
SC00020600001,2018,other,1701,Q4 (slowest),0
SC00020600055,2020,other,0,Q1 (fastest),1
SC00020600055,2021,other,0,Q1 (fastest),0
SC00020600055,2023,other,512.5,Q4 (slowest),1
SC00020600055,2024,other,129.5,Q3,0
SC00020600065,2017,other,66.5,Q2,0
SC00020600065,2021,other,0,Q1 (fastest),0
SC00020600071,2021,other,0,Q1 (fastest),0
SC00020600071,2023,other,153,Q3,0
SC00020600075,2024,other,49,Q2,0
SC00020600085,2024,other,73,Q2,0
SC00020600088,2024,other,145.5,Q3,0
SC00020600119,2020,other,0,Q1 (fastest),1
SC00020600181,2020,other,0,Q1 (fastest),0
SC00020600207,2017,other,0,Q1 (fastest),1
SC00020600207,2018,other,0,Q1 (fastest),0
SC00020600230,2020,other,0,Q1 (fastest),1
SC00020600230,2021,other,0,Q1 (fastest),1
SC00020600230,2022,other,0,Q1 (fastest),0
SC00020600269,2024,other,92,Q3,0
SC00020600299,2018,other,0,Q1 (fastest),0
SC00020600300,2017,other,0,Q1 (fastest),0
SC00020600345,2017,other,0,Q1 (fastest),0
SC00020600345,2020,other,0,Q1 (fastest),0
SC00020600345,2022,other,0,Q1 (fastest),0
SC00020600430,2021,other,42.75,Q2,0
SC00020600455,2016,other,0,Q1 (fastest),0
SC00020600482,2024,other,139,Q3,0
SC00020600507,2017,other,42.5,Q2,0
SC00020600514,2016,other,0,Q1 (fastest),2
SC00020600514,2020,other,0,Q1 (fastest),2
SC00020600514,2021,other,0,Q1 (fastest),1
SC00020600514,2022,other,0,Q1 (fastest),1
SC00020600514,2023,other,240,Q3,0
SC00020600516,2024,other,248.5,Q3,1
SC00020600530,2016,other,105,Q3,0
SC00020600537,2020,other,0,Q1 (fastest),0
SC00020600537,2024,other,24,Q2,0
SC00020600540,2020,other,122,Q3,1
SC00020600540,2021,other,59,Q2,1
SC00020600540,2022,other,0,Q1 (fastest),2
SC00020600540,2023,other,185,Q3,1
SC00020600540,2024,other,159.5,Q3,2
SC00020600658,2023,other,149.5,Q3,0
SC00021400004,2019,other,0,Q1 (fastest),0
SC00021400006,2020,other,0,Q1 (fastest),0
SC00021400006,2023,other,400.5,Q4 (slowest),1
SC00021400018,2023,other,54,Q2,0
SC00021400097,2016,other,46.5,Q2,0
SC00021400097,2021,other,181,Q3,1
SC00021400097,2024,other,642.5,Q4 (slowest),1
SC00021400139,2017,other,0,Q1 (fastest),0
SC00021400139,2022,other,530,Q4 (slowest),1
SC00021400139,2023,other,98,Q3,0
SC00021400147,2022,other,0,Q1 (fastest),1
SC00021400147,2023,other,183,Q3,0
SC00021800008,2021,other,0,Q1 (fastest),0
SC00021800031,2021,other,0,Q1 (fastest),0
SC00021800032,2020,electric,0,Q1 (fastest),0
SC00021800047,2020,other,107.5,Q3,0
SC00021800047,2024,other,59,Q2,0
SC00023200034,2018,other,80.5,Q2,0
SC00024400005,2016,other,0,Q1 (fastest),0
SC00024400005,2022,other,565,Q4 (slowest),0
SC00024400005,2024,other,397,Q4 (slowest),2
SC00024400027,2016,other,0,Q1 (fastest),0
SC00024400084,2020,other,0,Q1 (fastest),0
SC00024400084,2022,other,0,Q1 (fastest),1
SC00024400084,2023,other,45,Q2,0
SC00024400094,2020,other,0,Q1 (fastest),0
SC00024400097,2023,other,56,Q2,0
SC00024400192,2023,other,10,Q1 (fastest),0
SC00024400198,2022,other,0,Q1 (fastest),0
SC00024400204,2021,other,0,Q1 (fastest),1
SC00024400204,2022,other,535,Q4 (slowest),0
SC00024400204,2024,other,394,Q4 (slowest),0
SC00024400212,2023,other,154,Q3,1
SC00024400212,2024,other,84,Q2,0
SC00024400213,2020,other,0,Q1 (fastest),0
SC00099000022,2016,other,0,Q1 (fastest),0
SC00099000025,2022,other,333.5,Q4 (slowest),0
SC00099000033,2023,other,332,Q4 (slowest),0
SC00099000036,2023,other,799,Q4 (slowest),0
SC00099000041,2017,other,0,Q1 (fastest),0
SC00099000041,2024,other,29,Q2,0
SC00099000055,2023,other,55,Q2,0
SC00099000066,2022,other,631,Q4 (slowest),0
SC00099000066,2024,other,20,Q2,0
SC00099000088,2017,other,0,Q1 (fastest),0
SC00099000090,2017,other,0,Q1 (fastest),0
SC00099000090,2022,other,281.5,Q4 (slowest),1
SC00099000090,2023,other,170.5,Q3,1
SC00099000090,2024,other,103,Q3,1
SC00099000115,2022,other,268,Q4 (slowest),1
SC00099000115,2023,other,101,Q3,0
SC00099000144,2019,other,0,Q1 (fastest),0
SC00099000144,2023,other,304,Q4 (slowest),0
SC00099000145,2019,other,0,Q1 (fastest),0
SC00099000169,2022,other,0,Q1 (fastest),0
SC00099000213,2016,other,0,Q1 (fastest),0
SC00099000227,2017,other,0,Q1 (fastest),0
SC00099000227,2020,other,0,Q1 (fastest),0
SC00099000234,2022,other,108,Q3,0
SC00099000271,2023,other,142.5,Q3,0
SC00099000287,2017,other,0,Q1 (fastest),0
SC00099000300,2018,other,31,Q2,0
SC00099000300,2024,other,22,Q2,0
SC00099000304,2020,other,0,Q1 (fastest),0
SC00099000322,2023,other,34,Q2,1
SC00099000322,2024,other,91,Q2,0
SC00099000337,2017,other,0,Q1 (fastest),1
SC00099000337,2018,other,0,Q1 (fastest),0
SC00099000342,2022,other,0,Q1 (fastest),0
SC00099000362,2024,other,183,Q3,0
SC00099000373,2017,other,0,Q1 (fastest),0
SC00099000375,2023,other,43,Q2,0
SC00099000400,2022,other,438,Q4 (slowest),0
SC00099000421,2024,other,141,Q3,0
SC00099000447,2021,other,0,Q1 (fastest),1
SC00099000454,2017,other,0,Q1 (fastest),1
SC00099000461,2016,other,72,Q2,0
SC00099000461,2022,other,497,Q4 (slowest),2
SC00099000461,2023,other,24,Q2,0
SC00099000478,2022,other,0,Q1 (fastest),0
SC00099000482,2023,other,341,Q4 (slowest),0
SC00099000490,2024,other,50,Q2,0
SC00099000512,2017,other,0,Q1 (fastest),0
SC00099000512,2022,other,31,Q2,0
SC00099000512,2024,other,196,Q3,1
SC00099000539,2022,other,0,Q1 (fastest),1
SC00099000612,2023,other,117,Q3,0
SC00099000613,2023,other,340,Q4 (slowest),0
SC00099000623,2020,other,0,Q1 (fastest),0
SC00099000652,2016,other,0,Q1 (fastest),0
SC00099000652,2019,other,0,Q1 (fastest),0
SC00099000652,2022,other,443,Q4 (slowest),0
SC00099000674,2020,other,0,Q1 (fastest),0
SC00099000681,2021,other,364,Q4 (slowest),0
SC00099000699,2022,other,0,Q1 (fastest),0
SC00099000771,2024,other,18,Q2,1
SD0000004601100001,2018,other,77,Q2,0
SD0000004601101058,2018,other,146,Q3,0
SD0000004601300007,2022,other,122,Q3,1
SD0000004601301011,2023,other,154,Q3,0
SD0000004602900018,2023,other,192,Q3,1
SD0000004605101001,2018,electric,277,Q4 (slowest),0
SD0000004607900005,2024,electric,7,Q1 (fastest),0
SD0000004608100005,2021,other,103,Q3,0
SD0000004608100114,2022,other,0,Q1 (fastest),0
SD0000004610300010,2016,other,656,Q4 (slowest),0
SD0000004610300012,2022,other,32,Q2,0
SD0000004610300052,2019,other,293,Q4 (slowest),1
SD0000004610300052,2024,other,146,Q3,1
SD0000004610900003,2022,other,223,Q3,0
SD0000004611500005,2023,other,271,Q4 (slowest),2
SD0000004612500001,2023,other,162,Q3,1
SD0000004612500001,2024,other,174,Q3,2
SD0000004612500002,2021,other,228,Q3,3
TN0000004700100009,2019,electric,47,Q2,0
TN0000004700100061,2024,other,191.5,Q3,1
TN0000004700100114,2016,other,65,Q2,1
TN0000004700100114,2017,other,65.5,Q2,1
TN0000004700100114,2018,other,74.5,Q2,1
TN0000004700100114,2019,other,10,Q1 (fastest),0
TN0000004700100114,2022,other,136.5,Q3,0
TN0000004700100114,2024,other,90,Q2,0
TN0000004700100234,2022,other,45,Q2,0
TN0000004700100234,2024,other,43,Q2,0
TN0000004700100275,2020,other,95,Q3,0
TN0000004700100275,2022,other,257,Q4 (slowest),0
TN0000004700300081,2018,other,7,Q1 (fastest),0
TN0000004700300109,2017,other,75.5,Q2,1
TN0000004700300109,2018,other,86,Q2,0
TN0000004700300109,2020,other,20,Q2,0
TN0000004700300109,2022,other,81,Q2,0
TN0000004700500003,2024,other,122,Q3,1
TN0000004700500045,2016,other,39.5,Q2,0
TN0000004700500047,2022,other,34,Q2,0
TN0000004700500055,2019,other,91.67,Q3,0
TN0000004700500055,2021,other,123.75,Q3,0
TN0000004700500055,2024,other,74.33,Q2,2
TN0000004700900008,2016,other,112,Q3,1
TN0000004700900008,2017,other,239.5,Q3,1
TN0000004700900008,2018,other,104,Q3,0
TN0000004700900008,2022,other,182,Q3,4
TN0000004700900008,2023,other,101,Q3,2
TN0000004700900008,2024,other,75.33,Q2,1
TN0000004700900021,2024,other,154,Q3,0
TN0000004700900030,2017,other,39,Q2,0
TN0000004700900176,2016,other,29,Q2,0
TN0000004700900183,2020,other,99.5,Q3,0
TN0000004700900199,2018,other,40.5,Q2,0
TN0000004700900199,2022,other,85.5,Q2,0
TN0000004700900312,2024,other,27,Q2,0
TN0000004701100176,2020,other,8,Q1 (fastest),0
TN0000004701100176,2024,other,108.5,Q3,0
TN0000004701100215,2020,other,628.5,Q4 (slowest),0
TN0000004701100282,2020,other,148.5,Q3,0
TN0000004701100282,2023,other,120.5,Q3,0
TN0000004701300181,2017,other,55.5,Q2,0
TN0000004701300181,2024,other,101.5,Q3,0
TN0000004701500040,2017,other,106,Q3,0
TN0000004701500062,2018,other,251,Q3,0
TN0000004701500065,2018,other,7,Q1 (fastest),1
TN0000004701500065,2019,other,82.5,Q2,0
TN0000004701700012,2023,other,17,Q2,2
TN0000004701700012,2024,other,80,Q2,1
TN0000004701900011,2023,other,119.5,Q3,0
TN0000004701900046,2019,other,34,Q2,0
TN0000004701900046,2022,other,20,Q2,0
TN0000004701900046,2024,other,72,Q2,0
TN0000004701900152,2019,other,67.33,Q2,1
TN0000004701900152,2020,other,51.5,Q2,0
TN0000004701900154,2018,other,39,Q2,0
TN0000004702100023,2016,other,79.33,Q2,0
TN0000004702100023,2019,other,68,Q2,0
TN0000004702100039,2017,other,72,Q2,0
TN0000004702100039,2021,other,12,Q1 (fastest),0
TN0000004702100039,2023,other,7,Q1 (fastest),0
TN0000004702500009,2017,other,51,Q2,0
TN0000004702500049,2018,other,99,Q3,0
TN0000004702500083,2018,other,122,Q3,1
TN0000004702500083,2019,other,134.5,Q3,3
TN0000004702500083,2020,other,131.67,Q3,1
TN0000004702500083,2021,other,110,Q3,0
TN0000004702700022,2017,other,39,Q2,2
TN0000004702700022,2018,other,52,Q2,0
TN0000004702700022,2021,other,129.5,Q3,1
TN0000004702700022,2022,other,27,Q2,2
TN0000004702700022,2023,other,51.67,Q2,1
TN0000004702700022,2024,other,105,Q3,2
TN0000004702900001,2017,other,32,Q2,0
TN0000004702900009,2023,other,384.5,Q4 (slowest),0
TN0000004702900020,2023,other,35,Q2,0
TN0000004702900075,2024,other,43,Q2,1
TN0000004702900091,2020,other,42,Q2,1
TN0000004702900092,2020,other,96,Q3,0
TN0000004702900139,2024,other,50,Q2,0
TN0000004703100010,2019,other,37,Q2,0
TN0000004703100039,2022,other,35,Q2,1
TN0000004703100039,2023,other,25,Q2,0
TN0000004703100067,2016,other,8,Q1 (fastest),0
TN0000004703100067,2018,other,38,Q2,0
TN0000004703100067,2023,other,87.5,Q2,0
TN0000004703100113,2018,other,41,Q2,0
TN0000004703100123,2017,other,71,Q2,0
TN0000004703500028,2021,other,135,Q3,0
TN0000004703500066,2019,other,9,Q1 (fastest),0
TN0000004703500083,2019,other,24,Q2,0
TN0000004703500090,2018,other,10,Q1 (fastest),0
TN0000004703500090,2020,other,92.5,Q3,0
TN0000004703500090,2023,other,38,Q2,0
TN0000004703500118,2024,other,40,Q2,0
TN0000004703500120,2016,other,67.5,Q2,1
TN0000004703500120,2017,other,49.5,Q2,0
TN0000004703500120,2024,other,30,Q2,0
TN0000004703700093,2017,other,142.5,Q3,1
TN0000004703700093,2018,other,36,Q2,0
TN0000004703700093,2023,other,13.5,Q1 (fastest),0
TN0000004703900052,2019,other,121.75,Q3,0
TN0000004703900052,2021,other,13,Q1 (fastest),0
TN0000004703900053,2022,other,34,Q2,0
TN0000004704100031,2018,other,17,Q2,0
TN0000004704100031,2021,other,16,Q2,0
TN0000004704100031,2024,other,24,Q2,0
TN0000004704300044,2017,other,77.5,Q2,1
TN0000004704300044,2018,other,14,Q1 (fastest),0
TN0000004704300063,2024,other,77.5,Q2,0
TN0000004704300066,2022,other,5,Q1 (fastest),0
TN0000004704300112,2019,other,5,Q1 (fastest),1
TN0000004704300112,2020,other,40,Q2,1
TN0000004704300112,2021,other,3,Q1 (fastest),0
TN0000004704300112,2023,other,13,Q1 (fastest),0
TN0000004704300176,2020,other,14,Q1 (fastest),1
TN0000004704300176,2021,other,14,Q1 (fastest),0
TN0000004704300177,2019,other,54.5,Q2,0
TN0000004704300177,2024,other,125,Q3,0
TN0000004704300207,2019,other,54,Q2,0
TN0000004704500005,2016,other,287,Q4 (slowest),0
TN0000004704500005,2023,other,8,Q1 (fastest),0
TN0000004704500014,2024,other,129,Q3,0
TN0000004704500090,2021,other,241,Q3,0
TN0000004704500182,2019,other,29,Q2,0
TN0000004704700038,2020,other,1,Q1 (fastest),1
TN0000004704700038,2021,other,103,Q3,0
TN0000004704700038,2023,other,107,Q3,0
TN0000004704700063,2017,other,3,Q1 (fastest),0
TN0000004704700063,2021,other,36,Q2,0
TN0000004704900046,2018,other,341.5,Q4 (slowest),0
TN0000004704900046,2021,other,160,Q3,0
TN0000004705100026,2017,other,60.5,Q2,0
TN0000004705100026,2019,other,61.5,Q2,0
TN0000004705100079,2021,other,24,Q2,0
TN0000004705100079,2024,other,18,Q2,2
TN0000004705100085,2024,other,76,Q2,2
TN0000004705100086,2018,other,22.5,Q2,0
TN0000004705100086,2020,other,35,Q2,3
TN0000004705100086,2021,other,287.5,Q4 (slowest),3
TN0000004705100086,2022,other,62.4,Q2,0
TN0000004705100091,2017,other,66,Q2,1
TN0000004705100091,2018,other,340.5,Q4 (slowest),0
TN0000004705100091,2024,other,75.25,Q2,0
TN0000004705100131,2020,other,105,Q3,0
TN0000004705300007,2022,other,34,Q2,0
TN0000004705300019,2019,other,15,Q2,1
TN0000004705300019,2020,other,34,Q2,0
TN0000004705300019,2022,other,123.5,Q3,1
TN0000004705300019,2023,other,28,Q2,0
TN0000004705300100,2019,other,13,Q1 (fastest),0
TN0000004705300100,2022,other,98,Q3,0
TN0000004705300221,2021,other,77,Q2,0
TN0000004705500010,2018,other,77.5,Q2,0
TN0000004705500010,2022,other,222.5,Q3,0
TN0000004705500076,2017,other,36,Q2,0
TN0000004705500076,2021,other,110.5,Q3,1
TN0000004705500076,2022,other,77,Q2,0
TN0000004705900001,2017,other,17,Q2,1
TN0000004705900001,2018,other,133.5,Q3,0
TN0000004705900001,2021,other,112.5,Q3,2
TN0000004705900001,2022,other,317,Q4 (slowest),0
TN0000004705900001,2024,other,137.5,Q3,0
TN0000004705900009,2020,other,54.5,Q2,1
TN0000004705900009,2021,other,59,Q2,0
TN0000004705900009,2024,other,93,Q3,1
TN0000004705900074,2022,other,20,Q2,1
TN0000004705900074,2023,other,119.5,Q3,0
TN0000004705900129,2016,other,122.5,Q3,0
TN0000004705900132,2021,other,17,Q2,1
TN0000004705900132,2022,other,363,Q4 (slowest),0
TN0000004705900136,2021,other,21,Q2,0
TN0000004705900144,2024,other,67,Q2,0
TN0000004705900165,2018,other,117.25,Q3,2
TN0000004705900165,2019,other,47,Q2,0
TN0000004705900166,2018,other,209,Q3,1
TN0000004705900166,2019,other,122,Q3,0
TN0000004705900166,2022,other,81.5,Q2,0
TN0000004705900166,2024,other,96.4,Q3,2
TN0000004705900176,2016,other,29,Q2,1
TN0000004705900176,2017,other,28,Q2,2
TN0000004705900176,2018,other,53.33,Q2,1
TN0000004705900176,2019,other,30.5,Q2,1
TN0000004705900176,2020,other,100.5,Q3,0
TN0000004705900177,2021,other,121.5,Q3,1
TN0000004705900177,2022,other,351,Q4 (slowest),0
TN0000004705900185,2018,other,17,Q2,0
TN0000004705900248,2016,other,258,Q4 (slowest),3
TN0000004705900248,2017,other,64.17,Q2,2
TN0000004705900248,2018,other,140,Q3,1
TN0000004705900248,2019,other,62,Q2,0
TN0000004705900248,2024,other,117,Q3,0
TN0000004705900262,2019,other,53,Q2,0
TN0000004705900262,2022,other,15,Q2,0
TN0000004706300029,2016,other,85,Q2,0
TN0000004706300029,2021,other,387,Q4 (slowest),0
TN0000004706300173,2018,other,52,Q2,0
TN0000004706300196,2022,other,137,Q3,0
TN0000004706300287,2021,other,45,Q2,0
TN0000004706300309,2018,other,32,Q2,1
TN0000004706300309,2019,other,74.5,Q2,0
TN0000004706300309,2023,other,136,Q3,0
TN0000004706700011,2018,other,34,Q2,1
TN0000004706700011,2019,other,53.5,Q2,1
TN0000004706700011,2020,other,21,Q2,0
TN0000004706700014,2018,electric,122,Q3,0
TN0000004706700014,2020,electric,18,Q2,0
TN0000004706700014,2023,electric,69.5,Q2,1
TN0000004706700014,2024,electric,75.5,Q2,1
TN0000004706900004,2023,other,52,Q2,0
TN0000004706900053,2023,other,107,Q3,0
TN0000004707100074,2017,other,18,Q2,0
TN0000004707100074,2024,other,81,Q2,0
TN0000004707100079,2022,other,34,Q2,0
TN0000004707300001,2022,other,105.5,Q3,1
TN0000004707300001,2023,other,34,Q2,0
TN0000004707300026,2016,other,69,Q2,1
TN0000004707300026,2017,other,42,Q2,0
TN0000004707300026,2019,other,55.67,Q2,1
TN0000004707300026,2020,other,31,Q2,0
TN0000004707300026,2022,other,91.5,Q3,1
TN0000004707300026,2023,other,158,Q3,0
TN0000004707300028,2016,other,735,Q4 (slowest),2
TN0000004707300028,2017,other,85,Q2,0
TN0000004707300028,2019,other,91.5,Q3,3
TN0000004707300028,2020,other,106.6,Q3,2
TN0000004707300028,2021,other,200.25,Q3,3
TN0000004707300028,2022,other,115.17,Q3,3
TN0000004707300028,2023,other,98,Q3,3
TN0000004707300028,2024,other,93.8,Q3,1
TN0000004707300044,2024,other,154,Q3,0
TN0000004707300062,2021,other,111,Q3,1
TN0000004707300062,2022,other,136.5,Q3,0
TN0000004707300067,2016,other,55,Q2,0
TN0000004707300067,2018,other,72.5,Q2,1
TN0000004707300067,2019,other,58.5,Q2,0
TN0000004707300067,2023,other,41,Q2,0
TN0000004707300076,2018,other,120,Q3,1
TN0000004707300080,2017,other,48.5,Q2,1
TN0000004707300080,2018,other,59.5,Q2,0
TN0000004707300080,2023,other,36,Q2,0
TN0000004707500039,2019,other,158,Q3,0
TN0000004707500039,2024,other,14,Q1 (fastest),0
TN0000004707500053,2023,other,74,Q2,0
TN0000004707500069,2017,electric,144.5,Q3,0
TN0000004707700060,2021,other,124.33,Q3,0
TN0000004707700064,2024,other,68.88,Q2,0
TN0000004707700072,2018,other,38,Q2,2
TN0000004707700072,2019,other,35,Q2,0
TN0000004707700072,2021,other,111,Q3,0
TN0000004707700120,2019,other,170,Q3,0
TN0000004707700120,2022,other,203,Q3,0
TN0000004707900016,2022,other,34,Q2,0
TN0000004707900033,2017,other,50,Q2,2
TN0000004707900033,2018,other,57,Q2,1
TN0000004707900033,2019,other,119,Q3,0
TN0000004707900033,2022,other,102.5,Q3,0
TN0000004707900033,2024,other,46.5,Q2,0
TN0000004707900083,2021,other,726,Q4 (slowest),0
TN0000004708100041,2018,other,85.5,Q2,0
TN0000004708500003,2020,other,131,Q3,1
TN0000004708500003,2021,other,4,Q1 (fastest),0
TN0000004708500003,2023,other,121,Q3,1
TN0000004708500003,2024,other,327.5,Q4 (slowest),0
TN0000004708500006,2016,other,91.5,Q3,0
TN0000004708500006,2018,other,22,Q2,0
TN0000004708500006,2022,other,105.5,Q3,0
TN0000004708500007,2021,other,230,Q3,1
TN0000004708500007,2022,other,91,Q2,0
TN0000004708500011,2017,electric,31.5,Q2,0
TN0000004708500021,2018,other,38,Q2,1
TN0000004708500021,2019,other,72,Q2,0
TN0000004708500021,2021,other,420,Q4 (slowest),0
TN0000004708700026,2023,other,0,Q1 (fastest),0
TN0000004708900011,2023,other,55,Q2,0
TN0000004708900048,2017,other,81,Q2,0
TN0000004708900048,2023,other,157.5,Q3,0
TN0000004708900065,2016,other,94,Q3,0
TN0000004708900065,2024,other,154,Q3,0
TN0000004708900085,2022,other,28,Q2,0
TN0000004708900101,2017,other,13,Q1 (fastest),2
TN0000004708900101,2018,other,87.25,Q2,0
TN0000004708900101,2021,other,108,Q3,0
TN0000004709100001,2017,other,111.5,Q3,1
TN0000004709100001,2018,other,85,Q2,0
TN0000004709100061,2021,other,25,Q2,0
TN0000004709700049,2016,other,138.33,Q3,0
TN0000004709900003,2018,other,14,Q1 (fastest),0
TN0000004709900054,2018,other,35,Q2,0
TN0000004709900054,2022,other,94.5,Q3,1
TN0000004709900054,2023,other,82,Q2,0
TN0000004709900061,2019,other,24,Q2,0
TN0000004709900061,2023,other,109.5,Q3,1
TN0000004709900061,2024,other,150,Q3,0
TN0000004710100031,2016,other,12,Q1 (fastest),0
TN0000004710300022,2018,other,233.5,Q3,0
TN0000004710500003,2023,other,60,Q2,0
TN0000004710500079,2016,other,24,Q2,0
TN0000004710500079,2022,other,71,Q2,1
TN0000004710500079,2023,other,97.5,Q3,0
TN0000004710500081,2018,other,68,Q2,0
TN0000004710500081,2021,other,35,Q2,0
TN0000004710500081,2023,other,84.33,Q2,3
TN0000004710500081,2024,other,95.86,Q3,1
TN0000004710500090,2017,other,53,Q2,0
TN0000004710500093,2017,other,83,Q2,0
TN0000004710500093,2021,other,58,Q2,0
TN0000004710500112,2018,other,78.5,Q2,0
TN0000004710500112,2020,other,194,Q3,0
TN0000004710500112,2024,other,154,Q3,0
TN0000004710500188,2016,other,75.8,Q2,0
TN0000004710500188,2019,other,44,Q2,1
TN0000004710500188,2020,other,19,Q2,0
TN0000004710500188,2024,other,90,Q2,0
TN0000004710700009,2018,other,66,Q2,0
TN0000004710700012,2017,other,16,Q2,0
TN0000004710700012,2021,other,128.5,Q3,0
TN0000004710700012,2023,other,154,Q3,0
TN0000004710700132,2022,other,12,Q1 (fastest),1
TN0000004710700132,2023,other,15,Q2,0
TN0000004710700167,2022,other,135,Q3,0
TN0000004710700174,2016,other,14,Q1 (fastest),0
TN0000004710700174,2019,other,57,Q2,0
TN0000004710700176,2017,other,18,Q2,1
TN0000004710700176,2018,other,69.5,Q2,0
TN0000004710700188,2019,other,35,Q2,0
TN0000004710700188,2021,other,93.5,Q3,1
TN0000004710700188,2022,other,186.5,Q3,0
TN0000004711300024,2016,other,51.5,Q2,0
TN0000004711300035,2021,other,205,Q3,0
TN0000004711300078,2022,other,115.5,Q3,1
TN0000004711300078,2023,other,6,Q1 (fastest),0
TN0000004711300106,2021,other,156,Q3,0
TN0000004711300223,2017,other,73,Q2,0
TN0000004711300235,2018,other,57.5,Q2,0
TN0000004711300252,2022,other,34,Q2,0
TN0000004711300278,2018,other,68,Q2,2
TN0000004711300278,2019,other,105.67,Q3,1
TN0000004711300278,2020,other,10,Q1 (fastest),0
TN0000004711300278,2024,other,79,Q2,0
TN0000004711300286,2017,other,132,Q3,0
TN0000004711300286,2024,other,80,Q2,0
TN0000004711300354,2021,other,14,Q1 (fastest),0
TN0000004711500011,2018,other,69,Q2,1
TN0000004711500011,2019,other,120,Q3,0
TN0000004711500011,2023,other,96,Q3,0
TN0000004711500092,2018,other,74.5,Q2,0
TN0000004711700001,2021,other,109.29,Q3,1
TN0000004711700001,2022,other,66,Q2,0
TN0000004711700046,2021,other,4,Q1 (fastest),0
TN0000004711700065,2017,other,6,Q1 (fastest),0
TN0000004711700066,2021,other,59.67,Q2,3
TN0000004711700066,2022,other,63.17,Q2,4
TN0000004711700066,2023,other,152,Q3,0
TN0000004711700086,2017,other,27,Q2,0
TN0000004711700093,2019,other,36,Q2,0
TN0000004711700093,2021,other,19,Q2,0
TN0000004711700131,2016,other,94,Q3,0
TN0000004711700131,2020,other,12,Q1 (fastest),0
TN0000004711700131,2024,other,68.5,Q2,0
TN0000004711700133,2016,other,108,Q3,0
TN0000004711700133,2018,other,38,Q2,0
TN0000004711700133,2024,other,17,Q2,0
TN0000004711900011,2023,other,6,Q1 (fastest),1
TN0000004711900011,2024,other,59.67,Q2,0
TN0000004711900066,2017,other,219,Q3,0
TN0000004711900123,2017,other,55,Q2,0
TN0000004711900123,2023,other,128,Q3,0
TN0000004711900132,2024,other,50.5,Q2,1
TN0000004711900161,2018,other,90.5,Q2,0
TN0000004711900181,2024,other,7,Q1 (fastest),0
TN0000004711900184,2019,other,23,Q2,0
TN0000004711900200,2017,other,359.5,Q4 (slowest),0
TN0000004711900272,2016,other,165,Q3,1
TN0000004711900272,2017,other,18,Q2,2
TN0000004711900272,2018,other,138.5,Q3,0
TN0000004711900272,2022,other,96.5,Q3,0
TN0000004712100033,2018,other,97,Q3,0
TN0000004712300090,2018,other,17,Q2,0
TN0000004712300090,2024,other,57,Q2,0
TN0000004712300096,2018,other,52,Q2,0
TN0000004712300109,2018,other,37,Q2,0
TN0000004712500092,2016,other,51,Q2,0
TN0000004712500092,2018,other,66.67,Q2,1
TN0000004712500092,2019,other,54.5,Q2,0
TN0000004712500092,2021,other,75.5,Q2,5
TN0000004712500092,2022,other,116.27,Q3,5
TN0000004712500092,2023,other,87.6,Q2,3
TN0000004712500092,2024,other,72.62,Q2,3
TN0000004712500123,2023,other,21,Q2,0
TN0000004712500135,2016,other,83,Q2,0
TN0000004712500135,2022,other,73,Q2,0
TN0000004712500135,2024,other,133,Q3,0
TN0000004712500139,2017,other,2,Q1 (fastest),0
TN0000004712500142,2018,other,8,Q1 (fastest),1
TN0000004712500142,2019,other,44,Q2,0
TN0000004712500142,2023,other,7,Q1 (fastest),0
TN0000004712500144,2017,other,29,Q2,0
TN0000004712500179,2022,other,330,Q4 (slowest),0
TN0000004712500320,2018,other,82.5,Q2,1
TN0000004712500320,2019,other,107,Q3,1
TN0000004712500320,2020,other,460,Q4 (slowest),1
TN0000004712500320,2021,other,154.33,Q3,0
TN0000004712500320,2024,other,34,Q2,1
TN0000004712500385,2021,other,56,Q2,1
TN0000004712500385,2022,other,51,Q2,1
TN0000004712500385,2023,other,150,Q3,1
TN0000004712500385,2024,other,246.5,Q3,3
TN0000004712700001,2016,other,89.5,Q2,0
TN0000004712700001,2023,other,101.33,Q3,1
TN0000004712700001,2024,other,17,Q2,0
TN0000004712700013,2024,other,105,Q3,0
TN0000004712900044,2017,other,24,Q2,0
TN0000004712900044,2021,other,103.5,Q3,0
TN0000004712900044,2024,other,21,Q2,1
TN0000004713100010,2019,other,11,Q1 (fastest),0
TN0000004713100012,2020,other,90,Q2,0
TN0000004713100123,2021,other,32,Q2,0
TN0000004713100191,2021,other,127.5,Q3,0
TN0000004713300054,2017,other,35,Q2,0
TN0000004713300054,2024,other,18,Q2,0
TN0000004713500035,2020,other,14,Q1 (fastest),0
TN0000004714100361,2018,other,163,Q3,0
TN0000004714300038,2020,other,9,Q1 (fastest),1
TN0000004714300038,2021,other,13,Q1 (fastest),1
TN0000004714300038,2022,other,104,Q3,0
TN0000004714300049,2020,other,11,Q1 (fastest),0
TN0000004714300092,2021,other,60.5,Q2,0
TN0000004714300107,2018,other,57,Q2,0
TN0000004714300116,2017,other,86,Q2,1
TN0000004714300116,2018,other,18,Q2,0
TN0000004714500107,2017,other,75,Q2,1
TN0000004714500107,2018,other,115.5,Q3,0
TN0000004714500125,2023,other,66,Q2,0
TN0000004714500149,2019,other,43.5,Q2,3
TN0000004714500149,2020,other,18.5,Q2,2
TN0000004714500149,2021,other,65,Q2,0
TN0000004714500236,2023,other,138.5,Q3,0
TN0000004714700055,2018,other,68.67,Q2,0
TN0000004714700055,2020,other,35,Q2,0
TN0000004714700091,2018,other,38,Q2,0
TN0000004714700102,2021,other,8,Q1 (fastest),0
TN0000004714700102,2024,other,18,Q2,0
TN0000004714700184,2019,other,68.33,Q2,0
TN0000004714700193,2020,other,28,Q2,0
TN0000004714700454,2017,other,60.5,Q2,0
TN0000004714900155,2017,other,92.5,Q3,1
TN0000004714900155,2018,other,50,Q2,0
TN0000004714900155,2020,other,8,Q1 (fastest),0
TN0000004714900155,2023,other,76.5,Q2,0
TN0000004714900191,2018,other,10,Q1 (fastest),0
TN0000004714900191,2021,other,58,Q2,1
TN0000004714900191,2022,other,87,Q2,0
TN0000004714900212,2019,other,154,Q3,0
TN0000004714900384,2021,other,22,Q2,0
TN0000004714900384,2024,other,76.4,Q2,0
TN0000004714900579,2019,other,23,Q2,0
TN0000004714900607,2018,other,10,Q1 (fastest),0
TN0000004715100002,2022,other,15,Q2,0
TN0000004715100081,2019,other,24,Q2,0
TN0000004715300020,2021,other,97,Q3,0
TN0000004715300057,2021,other,262.25,Q4 (slowest),0
TN0000004715500009,2020,other,81.5,Q2,0
TN0000004715500009,2023,other,45,Q2,0
TN0000004715500219,2024,other,207.67,Q3,0
TN0000004715900009,2024,other,70,Q2,0
TN0000004716100011,2017,electric,135.5,Q3,0
TN0000004716100011,2022,electric,122,Q3,0
TN0000004716100030,2017,other,47,Q2,1
TN0000004716100030,2018,other,25,Q2,2
TN0000004716100030,2019,other,54.67,Q2,0
TN0000004716300003,2016,other,108,Q3,7
TN0000004716300003,2017,other,73.75,Q2,7
TN0000004716300003,2018,other,81.54,Q2,7
TN0000004716300003,2019,other,89.29,Q2,4
TN0000004716300003,2020,other,203.88,Q3,4
TN0000004716300003,2021,other,87.22,Q2,10
TN0000004716300003,2022,other,109.72,Q3,6
TN0000004716300003,2023,other,129.91,Q3,3
TN0000004716300003,2024,other,128.64,Q3,4
TN0000004716300007,2018,other,27,Q2,1
TN0000004716300007,2019,other,89,Q2,1
TN0000004716300007,2020,other,38,Q2,0
TN0000004716300022,2017,other,15,Q2,0
TN0000004716300022,2019,other,21,Q2,1
TN0000004716300022,2020,other,39,Q2,0
TN0000004716300022,2023,other,160,Q3,1
TN0000004716300022,2024,other,136,Q3,0
TN0000004716300110,2018,other,67,Q2,0
TN0000004716300153,2020,other,539.33,Q4 (slowest),0
TN0000004716300172,2018,other,18,Q2,0
TN0000004716300172,2023,other,15,Q2,1
TN0000004716300172,2024,other,88,Q2,0
TN0000004716300173,2023,other,92,Q3,1
TN0000004716300173,2024,other,42,Q2,0
TN0000004716300184,2022,other,129.5,Q3,0
TN0000004716300223,2019,other,98.5,Q3,1
TN0000004716300223,2020,other,80,Q2,1
TN0000004716300223,2021,other,58,Q2,1
TN0000004716300223,2022,other,126,Q3,1
TN0000004716300223,2023,other,131.5,Q3,1
TN0000004716300223,2024,other,65,Q2,1
TN0000004716300450,2023,other,119.5,Q3,0
TN0000004716300481,2023,other,37,Q2,0
TN0000004716300510,2016,other,112.67,Q3,1
TN0000004716300510,2017,other,86,Q2,1
TN0000004716300510,2018,other,69,Q2,0
TN0000004716300510,2024,other,115.5,Q3,1
TN0000004716301020,2017,other,58,Q2,1
TN0000004716301020,2018,other,77.5,Q2,1
TN0000004716301020,2019,other,126.5,Q3,1
TN0000004716301020,2020,other,75.5,Q2,1
TN0000004716301020,2021,other,14,Q1 (fastest),1
TN0000004716301020,2022,other,97,Q3,2
TN0000004716301020,2023,other,151.8,Q3,2
TN0000004716301020,2024,other,185,Q3,0
TN0000004716500014,2017,other,7,Q1 (fastest),0
TN0000004716500014,2024,other,7,Q1 (fastest),0
TN0000004716500126,2018,other,79.5,Q2,0
TN0000004716700078,2021,other,26,Q2,0
TN0000004716700078,2023,other,133,Q3,0
TN0000004717100042,2020,other,131.5,Q3,0
TN0000004717300028,2017,other,40,Q2,0
TN0000004717300028,2019,other,52,Q2,0
TN0000004717300028,2021,other,89.5,Q2,0
TN0000004717300036,2024,other,71,Q2,0
TN0000004717700001,2018,other,38,Q2,0
TN0000004717700009,2018,other,75,Q2,0
TN0000004717700077,2019,other,18,Q2,0
TN0000004717700114,2017,other,14,Q1 (fastest),0
TN0000004717700162,2018,other,52,Q2,0
TN0000004717700212,2017,other,100.5,Q3,0
TN0000004717900029,2023,other,159,Q3,0
TN0000004717900207,2019,other,163.5,Q3,0
TN0000004717900232,2017,other,27,Q2,1
TN0000004717900232,2018,other,220,Q3,0
TN0000004717900235,2017,other,19,Q2,0
TN0000004717900384,2018,other,58.5,Q2,1
TN0000004717900384,2019,other,32,Q2,0
TN0000004717900384,2021,other,76,Q2,1
TN0000004717900384,2022,other,105.5,Q3,1
TN0000004717900384,2023,other,138,Q3,1
TN0000004717900384,2024,other,81,Q2,1
TN0000004717900405,2023,other,95.75,Q3,0
TN0000004718100069,2019,other,9,Q1 (fastest),0
TN0000004718100075,2024,other,81,Q2,1
TN0000004718300020,2021,other,67.5,Q2,2
TN0000004718300020,2022,other,110.75,Q3,0
TN0000004718300052,2017,other,55,Q2,0
TN0000004718300096,2017,other,106.5,Q3,0
TN0000004718300101,2016,other,153,Q3,1
TN0000004718300101,2017,other,2,Q1 (fastest),1
TN0000004718300101,2018,other,13,Q1 (fastest),0
TN0000004718300101,2020,other,71.5,Q2,0
TN0000004718700005,2018,other,15,Q2,0
TN0000004718700060,2018,other,58.5,Q2,0
TN0000004718700060,2024,other,69,Q2,0
TN0000004718700072,2017,other,85.5,Q2,1
TN0000004718700072,2018,other,99,Q3,0
TN0000004718700072,2020,other,87.5,Q2,2
TN0000004718700072,2021,other,99.2,Q3,2
TN0000004718700072,2022,other,35.33,Q2,2
TN0000004718700072,2023,other,64.75,Q2,1
TN0000004718700072,2024,other,104.5,Q3,1
TN0000004718700125,2022,other,330,Q4 (slowest),0
TN0000004718700250,2017,other,78.5,Q2,0
TN0000004718700319,2017,other,5,Q1 (fastest),0
TN0000004718700336,2019,other,0,Q1 (fastest),0
TN0000004718700358,2019,other,20,Q2,0
TN0000004718700358,2023,other,96,Q3,0
TN0000004718900002,2023,other,412,Q4 (slowest),0
TN0000004718900012,2022,other,2,Q1 (fastest),0
TN0000004718900109,2021,other,86.5,Q2,0
TN0000004718900109,2023,other,132,Q3,0
TN0000004718900118,2020,other,214,Q3,0
TN0000004718900118,2022,other,117.5,Q3,1
TN0000004718900118,2023,other,87.5,Q2,0
TN0000004718900359,2017,other,11,Q1 (fastest),0
TN0000004718900359,2019,other,1,Q1 (fastest),0
TN0000004718900359,2022,other,110,Q3,0
TN0000004718900410,2019,other,80.5,Q2,1
TN0000004718900410,2020,other,52,Q2,2
TN0000004718900410,2021,other,30.5,Q2,0
TN0000004718900410,2023,other,97.5,Q3,0
TN00000471190333,2018,other,50.5,Q2,0
TN00000471190333,2022,other,109,Q3,0
TN000004712500377,2020,other,94.5,Q3,0
TN000004712500377,2023,other,39,Q2,0
TN000004717700218,2018,other,40,Q2,0
TN00004701100391,2024,other,134,Q3,0
TN00004703300088,2024,other,208,Q3,0
TN00004704300222,2023,other,20,Q2,0
TN00004705900334,2024,other,85.5,Q2,0
TN00004706900124,2023,other,104.5,Q3,0
TN00004707500173,2024,electric,50,Q2,0
TN00004708900188,2024,other,111.5,Q3,0
TN00004709100034,2023,other,251,Q3,0
TN00004711700168,2022,other,437,Q4 (slowest),4
TN00004711700168,2023,other,516.62,Q4 (slowest),0
TN00004711900359,2024,other,60.5,Q2,0
TN00004712300211,2024,other,26.5,Q2,1
TN00004714100423,2023,other,344,Q4 (slowest),2
TN00004714100423,2024,other,92,Q3,0
TN00004714500284,2024,other,2,Q1 (fastest),0
TN00004714700504,2023,other,13,Q1 (fastest),0
TN00004715700700,2022,other,131.5,Q3,0
TN00004715700700,2024,other,114.25,Q3,0
TN00004716300609,2022,other,39,Q2,0
TN00004716300629,2024,other,23,Q2,1
TN00004717100094,2023,other,92,Q3,0
TN00004717900490,2023,other,95,Q3,0
TNCHC0004706502150,2017,other,115.5,Q3,0
TNCHC0004706504240,2023,other,35,Q2,0
TNCHC0004706506125,2023,other,22,Q2,0
TNKNX0004709300008,2021,other,39,Q2,1
TNKNX0004709300008,2022,other,40,Q2,0
TNKNX0004709300353,2018,other,9,Q1 (fastest),0
TNKNX0004709300353,2021,other,13,Q1 (fastest),1
TNKNX0004709300353,2022,other,41,Q2,0
TNKNX0004709300357,2018,other,44,Q2,0
TNKNX0004709300533,2017,other,2,Q1 (fastest),0
TNKNX0004709300533,2021,other,94,Q3,0
TNKNX0004709300970,2020,other,48,Q2,0
TNKNX0004709301065,2016,other,7,Q1 (fastest),0
TNKNX0004709301065,2020,other,48,Q2,0
TNKNX0004709301179,2016,other,21,Q2,0
TNKNX0004709301337,2021,other,2,Q1 (fastest),0
TNNDC0004703700014,2024,other,4,Q1 (fastest),0
TNNDC0004703700022,2024,other,0,Q1 (fastest),0
TNNDC0004703700025,2021,other,32,Q2,0
TNNDC0004703700025,2023,other,89,Q2,0
TNNDC0004703700029,2024,other,14,Q1 (fastest),0
TNNDC0004703700040,2021,other,54,Q2,0
TNNDC0004703700040,2024,other,35.5,Q2,0
TNNDC0004703700156,2021,other,0,Q1 (fastest),0
TNNDC0004703700196,2024,other,32,Q2,0
TNNDC0004703700294,2022,other,0,Q1 (fastest),0
TNNDC0004703700294,2024,other,0,Q1 (fastest),1
TNSHL0004715700005,2021,other,9,Q1 (fastest),1
TNSHL0004715700005,2022,other,15.5,Q2,2
TNSHL0004715700027,2023,electric,0,Q1 (fastest),0
TNSHL0004715700038,2022,other,103,Q3,2
TNSHL0004715700038,2023,other,37.5,Q2,1
TNSHL0004715700038,2024,other,0,Q1 (fastest),0
TNSHL0004715700043,2019,other,250.5,Q3,0
TNSHL0004715700043,2021,other,0,Q1 (fastest),1
TNSHL0004715700043,2022,other,20.5,Q2,1
TNSHL0004715700043,2023,other,55.5,Q2,0
TNSHL0004715700055,2024,other,14,Q1 (fastest),0
TNSHL0004715700075,2022,other,0,Q1 (fastest),0
TNSHL0004715700097,2022,other,30.5,Q2,0
TNSHL0004715700097,2024,other,42.5,Q2,1
TNSHL0004715700124,2020,other,0,Q1 (fastest),0
TNSHL0004715700124,2022,other,15.5,Q2,0
TNSHL0004715700150,2024,other,24.33,Q2,0
TNSHL0004715700177,2023,other,25,Q2,0
TNSHL0004715700180,2021,other,33,Q2,1
TNSHL0004715700180,2022,other,15.5,Q2,1
TNSHL0004715700180,2023,other,0,Q1 (fastest),0
TNSHL0004715700184,2024,other,0,Q1 (fastest),0
TNSHL0004715700187,2021,other,0,Q1 (fastest),0
TNSHL0004715700190,2022,other,0,Q1 (fastest),1
TNSHL0004715700190,2023,other,28.5,Q2,0
TNSHL0004715700202,2023,other,30.5,Q2,0
TNSHL0004715700205,2019,other,49,Q2,1
TNSHL0004715700205,2020,other,107,Q3,1
TNSHL0004715700205,2021,other,0,Q1 (fastest),0
TNSHL0004715700205,2023,other,0,Q1 (fastest),0
TNSHL0004715700229,2019,other,0,Q1 (fastest),0
TNSHL0004715700236,2023,other,0,Q1 (fastest),0
TNSHL0004715700239,2023,other,0,Q1 (fastest),0
TNSHL0004715700250,2023,other,0,Q1 (fastest),0
TNSHL0004715700257,2023,other,0,Q1 (fastest),0
TNSHL0004715700259,2023,other,0,Q1 (fastest),0
TNSHL0004715700262,2023,other,0,Q1 (fastest),0
TNSHL0004715700264,2023,other,0,Q1 (fastest),0
TNSHL0004715700274,2019,other,113,Q3,0
TNSHL0004715700274,2022,other,23.17,Q2,3
TNSHL0004715700274,2023,other,16.4,Q2,2
TNSHL0004715700274,2024,other,28.75,Q2,0
TNSHL0004715700300,2016,other,99,Q3,0
TNSHL0004715700300,2021,other,0,Q1 (fastest),1
TNSHL0004715700300,2022,other,0,Q1 (fastest),0
TNSHL0004715700300,2024,other,0,Q1 (fastest),2
TNSHL0004715700337,2024,other,0,Q1 (fastest),0
TNSHL0004715700347,2021,other,17.5,Q2,0
TNSHL0004715700354,2023,other,27,Q2,0
TNSHL0004715700363,2021,other,0,Q1 (fastest),0
TNSHL0004715700395,2022,other,0,Q1 (fastest),1
TNSHL0004715700395,2023,other,49,Q2,0
TNSHL0004715700420,2023,other,12.5,Q1 (fastest),0
TNSHL0004715700421,2024,other,0,Q1 (fastest),0
TNSHL0004715700465,2019,other,14,Q1 (fastest),0
TNSHL0004715700475,2021,other,0,Q1 (fastest),1
TNSHL0004715700475,2022,other,21,Q2,2
TNSHL0004715700475,2023,other,37.33,Q2,1
TNSHL0004715700475,2024,other,50,Q2,1
TNSHL0004715700497,2021,other,0,Q1 (fastest),1
TNSHL0004715700497,2022,other,25,Q2,0
TNSHL0004715700523,2021,other,21,Q2,0
TNSHL0004715700529,2022,other,25.5,Q2,1
TNSHL0004715700529,2023,other,35.5,Q2,0
TNSHL0004715700541,2021,other,0,Q1 (fastest),0
TNSHL0004715700595,2021,other,0,Q1 (fastest),1
TNSHL0004715700595,2022,other,15.5,Q2,0
TNSHL0004715700605,2018,other,15,Q2,0
TNSHL0004715700605,2024,other,0,Q1 (fastest),0
TNSHL0004715700664,2022,other,30,Q2,3
TNSHL0004715700664,2023,other,28.8,Q2,0
TNSHL0004715700686,2020,other,47,Q2,0
TNSHL0004715700698,2021,other,0,Q1 (fastest),1
TNSHL0004715700698,2022,other,0,Q1 (fastest),0
TNSHL0004715700701,2019,other,323,Q4 (slowest),1
TNSHL0004715700701,2020,other,28,Q2,0
TNSHL0004715700701,2022,other,21.5,Q2,0
TNSHL0004715700710,2023,other,24.67,Q2,0
TNSHL0004715700785,2023,other,0,Q1 (fastest),0
TNSHL0004715700859,2024,other,0,Q1 (fastest),0
TNSHL0004715700860,2024,other,0,Q1 (fastest),0
TNSHL0004715700893,2023,other,0,Q1 (fastest),0
TNSHL0004715700894,2023,other,0,Q1 (fastest),0
TNSHL0004715700904,2020,other,165,Q3,0
TNSHL0004715700904,2024,other,36.5,Q2,0
TNSHL0004715700947,2023,other,0,Q1 (fastest),0
TNSHL0004715701000,2023,other,0,Q1 (fastest),0
TNSHL0004715701001,2023,other,0,Q1 (fastest),0
TNSHL0004715701027,2023,other,0,Q1 (fastest),0
TNSHL0004715701042,2023,other,0,Q1 (fastest),0
TNSHL0004715701141,2024,other,0,Q1 (fastest),0
TNSHL0004715701142,2024,other,0,Q1 (fastest),0
TNSHL0004715701196,2021,other,0,Q1 (fastest),0
TNSHL0004715701201,2022,other,0,Q1 (fastest),1
TNSHL0004715701201,2023,other,34,Q2,0
TNSHL0004715701215,2024,other,0,Q1 (fastest),1
TNSHL0004715701256,2021,other,20.75,Q2,0
TNSHL0004715701311,2023,other,0,Q1 (fastest),0
TX0000004800100024,2019,other,363,Q4 (slowest),0
TX0000004800100037,2019,other,360,Q4 (slowest),0
TX0000004800300009,2017,other,390,Q4 (slowest),0
TX0000004800500034,2020,other,341,Q4 (slowest),0
TX0000004801300007,2016,electric,642,Q4 (slowest),0
TX0000004801300007,2018,electric,327,Q4 (slowest),0
TX0000004801300007,2020,electric,725,Q4 (slowest),0
TX0000004801300060,2019,other,365,Q4 (slowest),0
TX0000004801500005,2020,other,441,Q4 (slowest),0
TX0000004802100011,2018,other,483,Q4 (slowest),0
TX0000004802100012,2019,electric,379,Q4 (slowest),0
TX0000004802700039,2017,other,284,Q4 (slowest),0
TX0000004802700668,2018,other,306,Q4 (slowest),0
TX0000004802900068,2023,other,471,Q4 (slowest),0
TX0000004802900091,2023,other,329,Q4 (slowest),0
TX0000004802900178,2019,other,287,Q4 (slowest),0
TX0000004803500001,2018,other,314,Q4 (slowest),0
TX0000004803700012,2018,other,342,Q4 (slowest),0
TX0000004803900009,2019,other,691,Q4 (slowest),0
TX0000004803900010,2016,other,271,Q4 (slowest),1
TX0000004803900010,2017,other,423,Q4 (slowest),2
TX0000004803900010,2018,other,411,Q4 (slowest),1
TX0000004803900010,2019,other,497,Q4 (slowest),1
TX0000004803900010,2020,other,433,Q4 (slowest),5
TX0000004803900010,2021,other,744.8,Q4 (slowest),0
TX0000004803900010,2023,other,979,Q4 (slowest),0
TX0000004803900012,2018,other,427,Q4 (slowest),1
TX0000004803900012,2019,other,215,Q3,0
TX0000004803900014,2016,electric,1040,Q4 (slowest),0
TX0000004803900014,2020,electric,1318.5,Q4 (slowest),0
TX0000004803900014,2022,electric,1121,Q4 (slowest),1
TX0000004803900014,2023,electric,144,Q3,0
TX0000004803900017,2016,other,273,Q4 (slowest),2
TX0000004803900017,2017,other,491,Q4 (slowest),0
TX0000004803900017,2019,other,466.67,Q4 (slowest),2
TX0000004803900017,2020,other,363.5,Q4 (slowest),0
TX0000004803900025,2021,other,541,Q4 (slowest),0
TX0000004803900028,2020,other,391,Q4 (slowest),0
TX0000004803900032,2020,other,226,Q3,0
TX0000004803900033,2017,other,533,Q4 (slowest),1
TX0000004803900033,2018,other,440,Q4 (slowest),1
TX0000004803900033,2019,other,312,Q4 (slowest),2
TX0000004803900033,2020,other,711.5,Q4 (slowest),1
TX0000004803900038,2021,other,719,Q4 (slowest),0
TX0000004803900041,2016,other,581,Q4 (slowest),3
TX0000004803900041,2017,other,1918.33,Q4 (slowest),0
TX0000004803900041,2021,other,335,Q4 (slowest),0
TX0000004803900087,2018,other,476,Q4 (slowest),0
TX0000004803900133,2021,other,411,Q4 (slowest),0
TX0000004803900135,2021,electric,427,Q4 (slowest),0
TX0000004803900145,2016,other,306,Q4 (slowest),2
TX0000004803900145,2017,other,340,Q4 (slowest),0
TX0000004803900145,2019,other,437.5,Q4 (slowest),4
TX0000004803900145,2020,other,558.25,Q4 (slowest),0
TX0000004803900146,2017,other,321,Q4 (slowest),0
TX0000004803900146,2019,other,340,Q4 (slowest),0
TX0000004803900146,2024,other,670,Q4 (slowest),0
TX0000004803900729,2021,other,284.5,Q4 (slowest),0
TX0000004803900729,2023,other,281,Q4 (slowest),0
TX0000004803900754,2017,other,357,Q4 (slowest),0
TX0000004803900754,2021,other,525,Q4 (slowest),0
TX0000004803900762,2016,other,173,Q3,1
TX0000004803900762,2017,other,343,Q4 (slowest),0
TX0000004803900762,2020,other,322,Q4 (slowest),0
TX0000004803900763,2024,other,363,Q4 (slowest),0
TX0000004803900765,2018,other,271,Q4 (slowest),0
TX0000004803900765,2020,other,496,Q4 (slowest),1
TX0000004803900765,2021,other,1603,Q4 (slowest),0
TX0000004803900765,2024,other,357,Q4 (slowest),0
TX0000004803900766,2017,other,307,Q4 (slowest),0
TX0000004803900780,2021,other,481,Q4 (slowest),0
TX0000004803900780,2024,other,635,Q4 (slowest),0
TX0000004803900782,2024,other,397,Q4 (slowest),0
TX0000004804900001,2022,other,300,Q4 (slowest),0
TX0000004804900234,2018,other,292,Q4 (slowest),0
TX0000004805700002,2016,other,344,Q4 (slowest),1
TX0000004805700002,2017,other,294,Q4 (slowest),0
TX0000004805700003,2019,other,356,Q4 (slowest),0
TX0000004805700003,2021,other,370,Q4 (slowest),0
TX0000004805700015,2017,other,384,Q4 (slowest),1
TX0000004805700015,2018,other,562,Q4 (slowest),0
TX0000004805700015,2020,other,914.5,Q4 (slowest),1
TX0000004805700015,2021,other,413,Q4 (slowest),0
TX0000004805700038,2019,electric,235,Q4 (slowest),0
TX0000004806100087,2019,other,578,Q4 (slowest),1
TX0000004806100087,2020,other,1980,Q4 (slowest),0
TX0000004806300002,2019,other,353,Q4 (slowest),1
TX0000004806300002,2020,other,326,Q4 (slowest),0
TX0000004806500046,2019,other,406,Q4 (slowest),1
TX0000004806500046,2020,other,377,Q4 (slowest),0
TX0000004807100004,2019,other,214,Q3,0
TX0000004807100004,2021,other,817,Q4 (slowest),0
TX0000004807100007,2017,other,1126,Q4 (slowest),1
TX0000004807100007,2018,other,472,Q4 (slowest),2
TX0000004807100007,2019,other,440,Q4 (slowest),4
TX0000004807100007,2020,other,347.75,Q4 (slowest),1
TX0000004807100007,2021,other,818,Q4 (slowest),0
TX0000004807100009,2017,other,532,Q4 (slowest),0
TX0000004807100009,2019,other,1938,Q4 (slowest),0
TX0000004807100009,2024,other,665,Q4 (slowest),0
TX0000004807100010,2018,other,450,Q4 (slowest),0
TX0000004807100010,2020,other,365.5,Q4 (slowest),3
TX0000004807100010,2021,other,481.67,Q4 (slowest),0
TX0000004807100016,2022,other,349,Q4 (slowest),0
TX0000004807100017,2017,other,440,Q4 (slowest),0
TX0000004807100017,2020,other,546,Q4 (slowest),1
TX0000004807100017,2021,other,835,Q4 (slowest),0
TX0000004807100028,2019,other,844,Q4 (slowest),0
TX0000004807100081,2024,other,448,Q4 (slowest),0
TX0000004807100085,2017,other,328,Q4 (slowest),0
TX0000004807100089,2021,electric,340,Q4 (slowest),0
TX0000004807100132,2017,other,498.5,Q4 (slowest),0
TX0000004807100132,2020,other,504,Q4 (slowest),2
TX0000004807100132,2021,other,1060.5,Q4 (slowest),1
TX0000004807100132,2022,other,1313,Q4 (slowest),0
TX0000004807100144,2020,other,511,Q4 (slowest),1
TX0000004807100144,2021,other,1115,Q4 (slowest),0
TX0000004807100147,2020,other,305,Q4 (slowest),1
TX0000004807700008,2018,other,300,Q4 (slowest),0
TX0000004807900007,2017,other,300,Q4 (slowest),0
TX0000004808100001,2018,other,399,Q4 (slowest),1
TX0000004808100001,2019,other,314,Q4 (slowest),2
TX0000004808100001,2020,other,308.5,Q4 (slowest),0
TX0000004808100672,2019,other,221,Q3,0
TX0000004808500015,2018,electric,524,Q4 (slowest),1
TX0000004808900001,2019,other,287.5,Q4 (slowest),0
TX0000004808900001,2021,other,500,Q4 (slowest),0
TX0000004809100002,2017,other,265,Q4 (slowest),1
TX0000004809100002,2019,other,276,Q4 (slowest),0
TX0000004809100642,2022,other,984,Q4 (slowest),0
TX0000004809100643,2024,other,538,Q4 (slowest),1
TX0000004809700014,2018,other,519,Q4 (slowest),0
TX0000004809700017,2023,other,890,Q4 (slowest),0
TX0000004810300002,2022,other,922,Q4 (slowest),0
TX0000004810300005,2021,other,850,Q4 (slowest),0
TX0000004810300054,2017,other,323,Q4 (slowest),0
TX0000004810500002,2021,other,321,Q4 (slowest),0
TX0000004810500003,2023,other,788,Q4 (slowest),0
TX0000004810500008,2020,other,390,Q4 (slowest),0
TX0000004810500029,2018,other,369,Q4 (slowest),0
TX0000004810900007,2023,other,925,Q4 (slowest),0
TX0000004811300004,2019,other,271,Q4 (slowest),0
TX0000004811300009,2022,electric,917,Q4 (slowest),0
TX0000004811300022,2020,other,312,Q4 (slowest),0
TX0000004811300024,2018,other,504,Q4 (slowest),0
TX0000004811300032,2017,other,311,Q4 (slowest),0
TX0000004811300046,2019,other,535,Q4 (slowest),0
TX0000004811300320,2016,other,323,Q4 (slowest),0
TX0000004811300320,2021,other,788,Q4 (slowest),0
TX0000004811300365,2021,other,418,Q4 (slowest),0
TX0000004811300733,2017,other,267,Q4 (slowest),0
TX0000004811300733,2019,other,222,Q3,1
TX0000004811300733,2020,other,358,Q4 (slowest),0
TX0000004811300952,2016,other,210,Q3,0
TX0000004811300952,2018,other,245,Q3,0
TX0000004811300953,2020,other,324,Q4 (slowest),0
TX0000004811301000,2022,other,502,Q4 (slowest),1
TX0000004811301000,2023,other,189,Q3,0
TX0000004812100001,2023,other,804,Q4 (slowest),0
TX0000004812100013,2020,other,267,Q4 (slowest),0
TX0000004812100292,2017,other,371,Q4 (slowest),0
TX0000004812300001,2024,other,462,Q4 (slowest),0
TX0000004812300008,2016,other,320,Q4 (slowest),0
TX0000004812300008,2019,other,224,Q3,0
TX0000004812300974,2023,other,485,Q4 (slowest),0
TX0000004813500022,2022,other,297,Q4 (slowest),0
TX0000004813500214,2018,other,391,Q4 (slowest),1
TX0000004813500214,2019,other,280,Q4 (slowest),1
TX0000004813500214,2023,other,394,Q4 (slowest),1
TX0000004813500214,2024,other,511,Q4 (slowest),0
TX0000004813900005,2017,other,511,Q4 (slowest),1
TX0000004813900005,2018,other,357,Q4 (slowest),1
TX0000004813900005,2019,other,385,Q4 (slowest),0
TX0000004813900018,2023,other,824,Q4 (slowest),0
TX0000004813900022,2018,other,293,Q4 (slowest),0
TX0000004813900022,2020,other,216,Q3,1
TX0000004813900022,2021,other,350,Q4 (slowest),1
TX0000004813900022,2022,other,281,Q4 (slowest),0
TX0000004813900037,2023,other,230,Q3,0
TX0000004813900039,2019,other,302,Q4 (slowest),0
TX0000004813900040,2016,other,377,Q4 (slowest),0
TX0000004813900048,2016,other,639,Q4 (slowest),0
TX0000004813900048,2019,other,452,Q4 (slowest),0
TX0000004813900048,2024,other,342,Q4 (slowest),0
TX0000004813900056,2018,other,626,Q4 (slowest),0
TX0000004813900056,2022,other,1231,Q4 (slowest),0
TX0000004814100004,2016,other,214,Q3,1
TX0000004814100004,2017,other,272,Q4 (slowest),0
TX0000004814100004,2023,other,343,Q4 (slowest),0
TX0000004814100078,2017,other,243,Q3,0
TX0000004814300014,2018,other,387,Q4 (slowest),0
TX0000004814900005,2020,electric,165,Q3,0
TX0000004815100002,2017,other,232,Q3,0
TX0000004815700003,2024,other,614,Q4 (slowest),0
TX0000004815700005,2021,electric,706,Q4 (slowest),0
TX0000004815700035,2021,other,442,Q4 (slowest),0
TX0000004815700067,2016,other,330,Q4 (slowest),0
TX0000004815700067,2019,other,319,Q4 (slowest),0
TX0000004815700111,2016,other,264,Q4 (slowest),0
TX0000004815700111,2018,other,523,Q4 (slowest),0
TX0000004816100628,2017,other,230,Q3,0
TX0000004816100629,2018,other,321,Q4 (slowest),0
TX0000004816100635,2019,other,329,Q4 (slowest),0
TX0000004816300011,2018,other,272,Q4 (slowest),1
TX0000004816300011,2019,other,235,Q3,2
TX0000004816300011,2020,other,236,Q3,1
TX0000004816300011,2021,other,1219,Q4 (slowest),0
TX0000004816500017,2022,other,1063,Q4 (slowest),0
TX0000004816500084,2021,other,580,Q4 (slowest),0
TX0000004816700001,2016,other,1018,Q4 (slowest),0
TX0000004816700001,2018,other,601.25,Q4 (slowest),2
TX0000004816700001,2019,other,413.5,Q4 (slowest),0
TX0000004816700001,2021,other,810,Q4 (slowest),0
TX0000004816700002,2021,other,664,Q4 (slowest),1
TX0000004816700002,2022,other,596,Q4 (slowest),0
TX0000004816700002,2024,other,286,Q4 (slowest),0
TX0000004816700003,2016,other,587,Q4 (slowest),1
TX0000004816700003,2017,other,344,Q4 (slowest),0
TX0000004816700003,2019,other,438,Q4 (slowest),0
TX0000004816700003,2024,other,575,Q4 (slowest),0
TX0000004816700007,2020,other,309,Q4 (slowest),1
TX0000004816700007,2021,other,648,Q4 (slowest),0
TX0000004816700009,2017,other,237,Q3,0
TX0000004816700010,2017,other,507,Q4 (slowest),0
TX0000004816700049,2018,other,474,Q4 (slowest),1
TX0000004816700049,2019,other,374,Q4 (slowest),0
TX0000004816700078,2020,other,364,Q4 (slowest),0
TX0000004816700094,2016,other,335,Q4 (slowest),0
TX0000004816700148,2017,other,215,Q3,2
TX0000004816700148,2018,other,403.5,Q4 (slowest),0
TX0000004817700017,2021,other,679,Q4 (slowest),0
TX0000004817900019,2018,other,497,Q4 (slowest),0
TX0000004817900154,2023,electric,452,Q4 (slowest),0
TX0000004818300001,2018,other,320,Q4 (slowest),1
TX0000004818300001,2019,other,216,Q3,0
TX0000004818300001,2023,other,938,Q4 (slowest),0
TX0000004818700017,2020,other,294,Q4 (slowest),0
TX0000004818700017,2022,other,342,Q4 (slowest),1
TX0000004818700017,2023,other,383,Q4 (slowest),0
TX0000004818700019,2020,other,482,Q4 (slowest),0
TX0000004818900029,2016,other,558,Q4 (slowest),0
TX0000004818900029,2018,other,246,Q3,1
TX0000004818900029,2019,other,308,Q4 (slowest),0
TX0000004818900034,2021,other,313,Q4 (slowest),1
TX0000004819500006,2016,other,953,Q4 (slowest),0
TX0000004819500011,2016,other,158,Q3,0
TX0000004819900003,2019,other,378,Q4 (slowest),1
TX0000004819900003,2020,other,271,Q4 (slowest),0
TX0000004819900034,2018,other,645,Q4 (slowest),0
TX0000004820100002,2024,other,144,Q3,0
TX0000004820100003,2017,other,253,Q4 (slowest),3
TX0000004820100003,2018,other,481,Q4 (slowest),0
TX0000004820100003,2022,other,551,Q4 (slowest),1
TX0000004820100003,2023,other,371,Q4 (slowest),1
TX0000004820100003,2024,other,202,Q3,0
TX0000004820100004,2017,other,483,Q4 (slowest),1
TX0000004820100004,2018,other,410,Q4 (slowest),1
TX0000004820100004,2019,other,319,Q4 (slowest),2
TX0000004820100004,2020,other,622,Q4 (slowest),2
TX0000004820100004,2021,other,754,Q4 (slowest),0
TX0000004820100004,2023,other,889,Q4 (slowest),0
TX0000004820100006,2017,other,594,Q4 (slowest),0
TX0000004820100008,2017,other,224,Q3,1
TX0000004820100008,2018,other,399,Q4 (slowest),1
TX0000004820100008,2019,other,259,Q4 (slowest),1
TX0000004820100008,2020,other,513,Q4 (slowest),2
TX0000004820100008,2021,other,537.5,Q4 (slowest),0
TX0000004820100009,2016,other,242,Q3,0
TX0000004820100009,2019,other,928,Q4 (slowest),0
TX0000004820100009,2021,other,617,Q4 (slowest),0
TX0000004820100015,2017,other,475,Q4 (slowest),1
TX0000004820100015,2018,other,182,Q3,1
TX0000004820100015,2019,other,211,Q3,1
TX0000004820100015,2020,other,404,Q4 (slowest),1
TX0000004820100015,2021,other,700,Q4 (slowest),0
TX0000004820100015,2023,other,875,Q4 (slowest),0
TX0000004820100018,2017,other,557.5,Q4 (slowest),1
TX0000004820100018,2018,other,369,Q4 (slowest),2
TX0000004820100018,2019,other,495,Q4 (slowest),2
TX0000004820100018,2020,other,479,Q4 (slowest),0
TX0000004820100027,2017,other,574,Q4 (slowest),3
TX0000004820100027,2018,other,386.67,Q4 (slowest),2
TX0000004820100027,2019,other,326.5,Q4 (slowest),5
TX0000004820100027,2020,other,658.25,Q4 (slowest),1
TX0000004820100027,2021,other,536,Q4 (slowest),0
TX0000004820100028,2020,other,426,Q4 (slowest),0
TX0000004820100028,2023,other,369,Q4 (slowest),0
TX0000004820100029,2017,other,611,Q4 (slowest),0
TX0000004820100029,2019,other,172,Q3,2
TX0000004820100029,2020,other,310,Q4 (slowest),1
TX0000004820100029,2021,other,522,Q4 (slowest),0
TX0000004820100031,2016,other,559,Q4 (slowest),3
TX0000004820100031,2017,other,581,Q4 (slowest),0
TX0000004820100031,2019,other,505,Q4 (slowest),1
TX0000004820100031,2020,other,460,Q4 (slowest),0
TX0000004820100034,2017,other,561,Q4 (slowest),1
TX0000004820100034,2018,other,686,Q4 (slowest),1
TX0000004820100034,2019,other,371,Q4 (slowest),1
TX0000004820100034,2020,other,432,Q4 (slowest),1
TX0000004820100034,2021,other,733,Q4 (slowest),0
TX0000004820100034,2024,other,687,Q4 (slowest),0
TX0000004820100037,2017,other,366,Q4 (slowest),1
TX0000004820100037,2018,other,334,Q4 (slowest),0
TX0000004820100038,2021,other,620,Q4 (slowest),0
TX0000004820100039,2016,other,694,Q4 (slowest),5
TX0000004820100039,2017,other,525.5,Q4 (slowest),0
TX0000004820100039,2019,other,436.5,Q4 (slowest),2
TX0000004820100039,2020,other,352,Q4 (slowest),2
TX0000004820100039,2021,other,935.5,Q4 (slowest),0
TX0000004820100040,2017,other,383,Q4 (slowest),0
TX0000004820100040,2019,other,849.5,Q4 (slowest),0
TX0000004820100040,2023,other,307,Q4 (slowest),0
TX0000004820100048,2017,other,357,Q4 (slowest),1
TX0000004820100048,2018,other,466,Q4 (slowest),1
TX0000004820100048,2019,other,326,Q4 (slowest),1
TX0000004820100048,2020,other,428,Q4 (slowest),1
TX0000004820100051,2020,other,234,Q3,1
TX0000004820100051,2021,other,785,Q4 (slowest),0
TX0000004820100054,2018,other,481,Q4 (slowest),0
TX0000004820100055,2016,other,326,Q4 (slowest),2
TX0000004820100055,2017,other,330.5,Q4 (slowest),1
TX0000004820100055,2018,other,384,Q4 (slowest),1
TX0000004820100055,2019,other,454,Q4 (slowest),4
TX0000004820100055,2020,other,598,Q4 (slowest),0
TX0000004820100055,2022,other,1336,Q4 (slowest),0
TX0000004820100065,2021,other,558,Q4 (slowest),0
TX0000004820100073,2016,electric,563,Q4 (slowest),1
TX0000004820100073,2017,electric,502,Q4 (slowest),0
TX0000004820100073,2019,electric,497,Q4 (slowest),0
TX0000004820100073,2021,electric,316,Q4 (slowest),0
TX0000004820100073,2024,electric,590,Q4 (slowest),0
TX0000004820100075,2017,other,2125,Q4 (slowest),1
TX0000004820100075,2018,other,340,Q4 (slowest),2
TX0000004820100075,2019,other,1406,Q4 (slowest),2
TX0000004820100075,2020,other,419.5,Q4 (slowest),1
TX0000004820100075,2021,other,531,Q4 (slowest),1
TX0000004820100075,2022,other,416,Q4 (slowest),0
TX0000004820100076,2019,other,245,Q3,0
TX0000004820100078,2021,other,483,Q4 (slowest),0
TX0000004820100088,2021,other,421.5,Q4 (slowest),0
TX0000004820100091,2016,electric,586,Q4 (slowest),0
TX0000004820100091,2019,electric,399,Q4 (slowest),0
TX0000004820100092,2017,other,658.5,Q4 (slowest),0
TX0000004820100092,2019,other,1755,Q4 (slowest),0
TX0000004820100109,2019,other,410,Q4 (slowest),0
TX0000004820100109,2021,other,623,Q4 (slowest),0
TX0000004820100109,2023,other,320,Q4 (slowest),0
TX0000004820100110,2016,other,180,Q3,0
TX0000004820100110,2018,other,2341,Q4 (slowest),0
TX0000004820100117,2019,other,434,Q4 (slowest),0
TX0000004820100118,2018,other,258,Q4 (slowest),0
TX0000004820100124,2020,other,165,Q3,0
TX0000004820100152,2017,other,440,Q4 (slowest),0
TX0000004820100153,2016,other,282,Q4 (slowest),2
TX0000004820100153,2017,other,188,Q3,0
TX0000004820100153,2022,other,775,Q4 (slowest),1
TX0000004820100153,2023,other,1093,Q4 (slowest),0
TX0000004820100164,2020,other,382,Q4 (slowest),0
TX0000004820100172,2019,other,281,Q4 (slowest),0
TX0000004820100172,2022,other,1091,Q4 (slowest),0
TX0000004820100178,2018,other,382,Q4 (slowest),0
TX0000004820100178,2020,other,334,Q4 (slowest),0
TX0000004820100183,2020,other,229,Q3,1
TX0000004820100186,2018,other,462,Q4 (slowest),0
TX0000004820100186,2021,other,695,Q4 (slowest),1
TX0000004820100186,2022,other,693,Q4 (slowest),0
TX0000004820100192,2020,other,462,Q4 (slowest),0
TX0000004820100192,2022,other,437,Q4 (slowest),0
TX0000004820100248,2021,other,477,Q4 (slowest),1
TX0000004820100248,2024,other,497,Q4 (slowest),0
TX0000004820100257,2017,other,324,Q4 (slowest),1
TX0000004820100257,2018,other,444,Q4 (slowest),3
TX0000004820100257,2019,other,501.33,Q4 (slowest),1
TX0000004820100257,2020,other,1386,Q4 (slowest),1
TX0000004820100257,2021,other,498,Q4 (slowest),0
TX0000004820100274,2021,other,299,Q4 (slowest),0
TX0000004820100281,2023,other,433,Q4 (slowest),0
TX0000004820100282,2019,electric,218,Q3,0
TX0000004820100291,2019,other,303,Q4 (slowest),0
TX0000004820100291,2021,other,636.5,Q4 (slowest),0
TX0000004820100304,2019,other,315,Q4 (slowest),0
TX0000004820100320,2016,other,238,Q3,0
TX0000004820100320,2019,other,382,Q4 (slowest),1
TX0000004820100320,2023,other,315,Q4 (slowest),0
TX0000004820100321,2017,other,89,Q2,1
TX0000004820100321,2018,other,261,Q4 (slowest),0
TX0000004820100335,2019,other,295,Q4 (slowest),0
TX0000004820100356,2017,other,295.5,Q4 (slowest),2
TX0000004820100356,2018,other,480.5,Q4 (slowest),2
TX0000004820100356,2019,other,1365,Q4 (slowest),0
TX0000004820100370,2019,other,374,Q4 (slowest),1
TX0000004820100370,2020,other,336,Q4 (slowest),1
TX0000004820100370,2021,other,425,Q4 (slowest),0
TX0000004820100370,2023,other,937,Q4 (slowest),0
TX0000004820100371,2017,other,363,Q4 (slowest),1
TX0000004820100371,2018,other,353,Q4 (slowest),0
TX0000004820100371,2020,other,413.5,Q4 (slowest),0
TX0000004820100379,2020,electric,432,Q4 (slowest),0
TX0000004820100381,2017,other,733,Q4 (slowest),1
TX0000004820100381,2019,other,253.33,Q4 (slowest),0
TX0000004820100404,2018,other,448,Q4 (slowest),2
TX0000004820100404,2019,other,339.5,Q4 (slowest),0
TX0000004820100404,2022,other,1197,Q4 (slowest),0
TX0000004820100406,2020,other,290.5,Q4 (slowest),0
TX0000004820100406,2022,other,1147,Q4 (slowest),0
TX0000004820100406,2024,other,585,Q4 (slowest),0
TX0000004820100417,2016,other,214.5,Q3,1
TX0000004820100417,2017,other,252,Q3,0
TX0000004820100417,2020,other,307,Q4 (slowest),1
TX0000004820100417,2023,other,237,Q3,1
TX0000004820100417,2024,other,418,Q4 (slowest),1
TX0000004820100422,2018,other,472,Q4 (slowest),0
TX0000004820100477,2017,other,344,Q4 (slowest),2
TX0000004820100477,2018,other,276,Q4 (slowest),0
TX0000004820100477,2020,other,409,Q4 (slowest),1
TX0000004820100477,2021,other,1378,Q4 (slowest),0
TX0000004820100477,2023,other,586,Q4 (slowest),0
TX0000004820100480,2018,other,410,Q4 (slowest),0
TX0000004820100480,2020,other,297,Q4 (slowest),1
TX0000004820100485,2019,other,297,Q4 (slowest),1
TX0000004820100485,2020,other,470,Q4 (slowest),2
TX0000004820100485,2021,other,796.5,Q4 (slowest),1
TX0000004820100485,2022,other,595,Q4 (slowest),0
TX0000004820100496,2020,other,285,Q4 (slowest),0
TX0000004820100552,2024,other,599,Q4 (slowest),0
TX0000004820100653,2017,other,516,Q4 (slowest),0
TX0000004820100822,2021,other,771,Q4 (slowest),0
TX0000004820100826,2018,other,369,Q4 (slowest),0
TX0000004820100826,2020,other,366,Q4 (slowest),0
TX0000004820100882,2016,other,140,Q3,1
TX0000004820100882,2017,other,763,Q4 (slowest),1
TX0000004820100882,2018,other,257,Q4 (slowest),2
TX0000004820100882,2023,other,1030,Q4 (slowest),0
TX0000004820100886,2019,other,306,Q4 (slowest),0
TX0000004820100886,2021,other,402,Q4 (slowest),0
TX0000004820101285,2018,other,315,Q4 (slowest),0
TX0000004820101296,2017,other,405,Q4 (slowest),0
TX0000004820101296,2020,other,304.5,Q4 (slowest),1
TX0000004820101296,2021,other,536,Q4 (slowest),0
TX0000004820101298,2021,other,670,Q4 (slowest),0
TX0000004820101349,2017,other,232,Q3,0
TX0000004820101369,2022,other,494,Q4 (slowest),0
TX0000004820101394,2017,other,536,Q4 (slowest),0
TX0000004820101394,2020,other,337,Q4 (slowest),0
TX0000004820101413,2020,other,399,Q4 (slowest),1
TX0000004820101413,2021,other,644,Q4 (slowest),0
TX0000004820101413,2023,other,417,Q4 (slowest),0
TX0000004820101436,2018,other,557,Q4 (slowest),1
TX0000004820101436,2019,other,249,Q3,0
TX0000004820101453,2017,other,276.5,Q4 (slowest),0
TX0000004820101459,2017,other,757,Q4 (slowest),0
TX0000004820101459,2019,other,341,Q4 (slowest),0
TX0000004820101459,2023,other,445,Q4 (slowest),0
TX0000004820101467,2022,other,319,Q4 (slowest),0
TX0000004820101473,2016,other,385,Q4 (slowest),0
TX0000004820101487,2017,other,435,Q4 (slowest),0
TX0000004820101487,2021,other,696.5,Q4 (slowest),0
TX0000004820101522,2024,other,435,Q4 (slowest),1
TX0000004820101537,2017,electric,386,Q4 (slowest),0
TX0000004820101538,2018,other,337,Q4 (slowest),0
TX0000004820101538,2020,other,315,Q4 (slowest),1
TX0000004820101560,2019,other,273,Q4 (slowest),0
TX0000004820101563,2021,other,461,Q4 (slowest),0
TX0000004820101584,2017,other,386,Q4 (slowest),0
TX0000004820101584,2019,other,327,Q4 (slowest),0
TX0000004820101588,2020,other,235,Q3,1
TX0000004820101588,2021,other,840,Q4 (slowest),0
TX0000004820101674,2016,other,265,Q4 (slowest),0
TX0000004820101778,2021,other,529,Q4 (slowest),0
TX0000004820101839,2017,other,385,Q4 (slowest),0
TX0000004820101897,2022,other,252,Q3,0
TX0000004820101996,2018,other,230,Q3,1
TX0000004820101996,2019,other,493,Q4 (slowest),0
TX0000004820101997,2018,other,996,Q4 (slowest),0
TX0000004820101999,2017,other,704,Q4 (slowest),0
TX0000004820101999,2019,other,249,Q3,1
TX0000004820102005,2017,other,245,Q3,1
TX0000004820102005,2018,other,489,Q4 (slowest),0
TX0000004820102005,2020,other,913,Q4 (slowest),0
TX0000004820102008,2022,other,805,Q4 (slowest),1
TX0000004820102008,2023,other,250,Q3,0
TX0000004820102042,2019,electric,407,Q4 (slowest),0
TX0000004820102042,2021,electric,357,Q4 (slowest),0
TX0000004820102061,2021,other,911,Q4 (slowest),0
TX0000004820102067,2023,electric,790,Q4 (slowest),0
TX0000004820102076,2023,other,262.5,Q4 (slowest),2
TX0000004820102076,2024,other,480,Q4 (slowest),0
TX0000004820300019,2019,other,332,Q4 (slowest),1
TX0000004820300019,2020,other,510,Q4 (slowest),2
TX0000004820300019,2021,other,470.5,Q4 (slowest),1
TX0000004820300019,2022,other,370,Q4 (slowest),0
TX0000004820300023,2018,other,371,Q4 (slowest),0
TX0000004820300050,2018,other,237,Q3,0
TX0000004820300099,2021,other,322,Q4 (slowest),0
TX0000004820300101,2020,other,430,Q4 (slowest),0
TX0000004820500006,2018,electric,469,Q4 (slowest),1
TX0000004820500006,2019,electric,488,Q4 (slowest),1
TX0000004820500006,2020,electric,214,Q3,0
TX0000004820500006,2024,electric,356,Q4 (slowest),0
TX0000004821100062,2016,other,301,Q4 (slowest),0
TX0000004821300120,2017,other,531,Q4 (slowest),1
TX0000004821300120,2018,other,326,Q4 (slowest),0
TX0000004821500707,2016,other,503,Q4 (slowest),0
TX0000004821500707,2022,other,1317,Q4 (slowest),0
TX0000004821500710,2024,electric,65,Q2,0
TX0000004821900003,2019,other,69,Q2,0
TX0000004821900003,2021,other,1056,Q4 (slowest),1
TX0000004821900003,2022,other,1184,Q4 (slowest),0
TX0000004821900009,2020,other,789,Q4 (slowest),2
TX0000004821900009,2021,other,308,Q4 (slowest),1
TX0000004822100697,2017,other,315,Q4 (slowest),0
TX0000004822500381,2021,other,993,Q4 (slowest),0
TX0000004822700001,2019,other,218,Q3,0
TX0000004822700001,2023,other,455,Q4 (slowest),1
TX0000004822700001,2024,other,566,Q4 (slowest),0
TX0000004822700002,2024,other,656,Q4 (slowest),1
TX0000004822700045,2023,other,210,Q3,0
TX0000004822700046,2016,other,192,Q3,0
TX0000004822700049,2018,other,390,Q4 (slowest),0
TX0000004823100009,2017,electric,413,Q4 (slowest),0
TX0000004823300001,2019,other,267,Q4 (slowest),0
TX0000004823300002,2019,other,363,Q4 (slowest),0
TX0000004823300002,2024,other,396,Q4 (slowest),0
TX0000004823300004,2019,other,201,Q3,0
TX0000004823300006,2017,other,593,Q4 (slowest),1
TX0000004823300006,2018,other,421,Q4 (slowest),0
TX0000004823300006,2021,other,491,Q4 (slowest),0
TX0000004823300008,2018,other,678,Q4 (slowest),1
TX0000004823300008,2019,other,370,Q4 (slowest),1
TX0000004823300008,2020,other,423,Q4 (slowest),1
TX0000004823300008,2021,other,747,Q4 (slowest),0
TX0000004823300008,2023,other,287,Q4 (slowest),1
TX0000004823300008,2024,other,435,Q4 (slowest),0
TX0000004823300015,2017,other,464.5,Q4 (slowest),2
TX0000004823300015,2018,other,455.5,Q4 (slowest),1
TX0000004823300015,2019,other,280,Q4 (slowest),1
TX0000004823300015,2020,other,249,Q3,1
TX0000004823300015,2021,other,1791,Q4 (slowest),0
TX0000004823300052,2017,other,320,Q4 (slowest),0
TX0000004823500002,2018,other,251,Q3,0
TX0000004823700658,2017,electric,193,Q3,1
TX0000004823700658,2018,electric,288,Q4 (slowest),0
TX0000004823900101,2016,other,2501,Q4 (slowest),0
TX0000004824100001,2018,other,384,Q4 (slowest),3
TX0000004824100001,2019,other,316.67,Q4 (slowest),1
TX0000004824100001,2020,other,533,Q4 (slowest),0
TX0000004824100024,2019,other,137,Q3,0
TX0000004824100024,2021,other,405,Q4 (slowest),0
TX0000004824500003,2017,other,421,Q4 (slowest),0
TX0000004824500004,2016,other,348,Q4 (slowest),0
TX0000004824500004,2021,other,744,Q4 (slowest),1
TX0000004824500004,2022,other,666,Q4 (slowest),0
TX0000004824500004,2024,other,557.5,Q4 (slowest),0
TX0000004824500006,2016,other,1519,Q4 (slowest),1
TX0000004824500006,2017,other,480,Q4 (slowest),0
TX0000004824500006,2020,other,802,Q4 (slowest),0
TX0000004824500006,2024,other,524.5,Q4 (slowest),2
TX0000004824500008,2018,other,569,Q4 (slowest),0
TX0000004824500008,2024,other,356,Q4 (slowest),0
TX0000004824500009,2016,other,574,Q4 (slowest),0
TX0000004824500009,2018,other,336,Q4 (slowest),0
TX0000004824500009,2020,other,361.5,Q4 (slowest),2
TX0000004824500009,2021,other,453.5,Q4 (slowest),0
TX0000004824500016,2021,other,346,Q4 (slowest),1
TX0000004824500016,2022,other,1135,Q4 (slowest),0
TX0000004824500018,2016,other,298,Q4 (slowest),2
TX0000004824500018,2017,other,470,Q4 (slowest),0
TX0000004824500018,2019,other,1749,Q4 (slowest),1
TX0000004824500018,2020,other,1596,Q4 (slowest),0
TX0000004824500018,2023,other,255,Q4 (slowest),0
TX0000004824500020,2017,electric,680,Q4 (slowest),1
TX0000004824500020,2018,electric,405,Q4 (slowest),3
TX0000004824500020,2019,electric,614.67,Q4 (slowest),2
TX0000004824500020,2020,electric,608,Q4 (slowest),0
TX0000004824500020,2022,electric,981,Q4 (slowest),0
TX0000004824500023,2018,other,293,Q4 (slowest),0
TX0000004824500034,2017,other,307,Q4 (slowest),2
TX0000004824500034,2018,other,399,Q4 (slowest),3
TX0000004824500034,2019,other,359.33,Q4 (slowest),2
TX0000004824500034,2020,other,425,Q4 (slowest),2
TX0000004824500034,2021,other,683,Q4 (slowest),0
TX0000004824500037,2016,other,307,Q4 (slowest),5
TX0000004824500037,2017,other,641.4,Q4 (slowest),0
TX0000004824500037,2020,other,335,Q4 (slowest),0
TX0000004824500037,2022,other,526,Q4 (slowest),0
TX0000004824500053,2017,other,354,Q4 (slowest),0
TX0000004824500053,2019,other,249,Q3,0
TX0000004824500053,2021,other,552,Q4 (slowest),0
TX0000004824500057,2017,other,393,Q4 (slowest),1
TX0000004824500057,2020,other,355,Q4 (slowest),1
TX0000004824500082,2016,other,207,Q3,0
TX0000004824500082,2018,other,398,Q4 (slowest),0
TX0000004824500082,2020,other,356.5,Q4 (slowest),2
TX0000004824500082,2021,other,441.5,Q4 (slowest),1
TX0000004824500082,2022,other,596,Q4 (slowest),1
TX0000004824500082,2023,other,816,Q4 (slowest),0
TX0000004824500118,2021,other,397,Q4 (slowest),1
TX0000004824500118,2022,other,921,Q4 (slowest),1
TX0000004824500118,2023,other,1068,Q4 (slowest),0
TX0000004824500136,2017,other,564,Q4 (slowest),0
TX0000004824500136,2019,other,341,Q4 (slowest),2
TX0000004824500136,2020,other,304,Q4 (slowest),1
TX0000004824500136,2021,other,329,Q4 (slowest),1
TX0000004824500136,2022,other,298,Q4 (slowest),0
TX0000004824500140,2017,other,251,Q3,0
TX0000004824500140,2019,other,414,Q4 (slowest),2
TX0000004824500140,2020,other,421,Q4 (slowest),1
TX0000004824500140,2021,other,1055,Q4 (slowest),1
TX0000004824500140,2022,other,1192,Q4 (slowest),0
TX0000004824500162,2017,other,309,Q4 (slowest),1
TX0000004824500162,2018,other,505,Q4 (slowest),1
TX0000004824500162,2019,other,852,Q4 (slowest),1
TX0000004824500162,2020,other,412,Q4 (slowest),0
TX0000004824500162,2022,other,1119.5,Q4 (slowest),0
TX0000004824500182,2016,other,375,Q4 (slowest),0
TX0000004824500182,2018,other,428.5,Q4 (slowest),2
TX0000004824500182,2019,other,384,Q4 (slowest),1
TX0000004824500182,2020,other,379,Q4 (slowest),0
TX0000004824500182,2022,other,1329,Q4 (slowest),0
TX0000004824500667,2017,other,292,Q4 (slowest),0
TX0000004824500667,2019,other,210,Q3,0
TX0000004824500715,2016,other,349,Q4 (slowest),1
TX0000004824500715,2017,other,355,Q4 (slowest),1
TX0000004824500715,2018,other,385,Q4 (slowest),2
TX0000004824500715,2019,other,243,Q3,0
TX0000004824500747,2018,other,401.5,Q4 (slowest),1
TX0000004824500747,2019,other,906,Q4 (slowest),0
TX0000004824500748,2023,other,375,Q4 (slowest),0
TX0000004824900032,2022,other,852,Q4 (slowest),0
TX0000004825100004,2021,other,521,Q4 (slowest),0
TX0000004825500010,2021,other,481,Q4 (slowest),0
TX0000004825500011,2016,other,463,Q4 (slowest),1
TX0000004825500011,2017,other,428,Q4 (slowest),0
TX0000004825500050,2016,other,282,Q4 (slowest),0
TX0000004825500184,2019,other,238,Q3,0
TX0000004825500206,2023,other,432,Q4 (slowest),0
TX0000004825500251,2020,other,372,Q4 (slowest),1
TX0000004825500251,2021,other,574,Q4 (slowest),0
TX0000004826300001,2016,other,790,Q4 (slowest),0
TX0000004826300001,2019,other,300,Q4 (slowest),1
TX0000004826300001,2020,other,1026,Q4 (slowest),0
TX0000004827300001,2016,other,726,Q4 (slowest),0
TX0000004827700018,2020,other,350,Q4 (slowest),0
TX0000004828300018,2020,other,411,Q4 (slowest),0
TX0000004828300019,2017,other,377,Q4 (slowest),0
TX0000004828500001,2016,other,224,Q3,0
TX0000004828500001,2024,other,322,Q4 (slowest),0
TX0000004829100016,2018,other,281,Q4 (slowest),0
TX0000004829100043,2020,other,392,Q4 (slowest),0
TX0000004829300001,2017,other,217,Q3,0
TX0000004829300001,2019,other,434,Q4 (slowest),0
TX0000004829300010,2023,electric,267,Q4 (slowest),0
TX0000004829700006,2018,other,298,Q4 (slowest),0
TX0000004829700006,2023,other,412,Q4 (slowest),0
TX0000004829700024,2017,other,446,Q4 (slowest),0
TX0000004830300007,2018,other,267,Q4 (slowest),1
TX0000004830300007,2019,other,327,Q4 (slowest),0
TX0000004830900002,2017,other,327,Q4 (slowest),0
TX0000004830900002,2021,other,338,Q4 (slowest),0
TX0000004831100027,2017,other,235,Q3,0
TX0000004831100027,2020,other,215,Q3,0
TX0000004831100028,2020,other,498,Q4 (slowest),0
TX0000004831500009,2021,other,407,Q4 (slowest),0
TX0000004831500010,2024,other,683,Q4 (slowest),0
TX0000004832100074,2020,other,283,Q4 (slowest),1
TX0000004832100074,2021,other,354,Q4 (slowest),1
TX0000004832100074,2022,other,328,Q4 (slowest),0
TX0000004832900001,2019,other,374,Q4 (slowest),0
TX0000004832900002,2020,other,393,Q4 (slowest),0
TX0000004832900051,2016,other,208,Q3,0
TX0000004832900176,2024,other,396,Q4 (slowest),0
TX0000004832900183,2020,other,504,Q4 (slowest),0
TX0000004832900188,2021,other,805,Q4 (slowest),0
TX0000004833700225,2024,other,613,Q4 (slowest),0
TX0000004833900005,2023,other,825,Q4 (slowest),1
TX0000004833900005,2024,other,159,Q3,0
TX0000004833900007,2021,electric,330,Q4 (slowest),0
TX0000004833900011,2018,other,509,Q4 (slowest),0
TX0000004833900023,2019,other,362,Q4 (slowest),0
TX0000004833900023,2023,other,272,Q4 (slowest),0
TX0000004833900034,2016,other,299,Q4 (slowest),1
TX0000004833900034,2017,other,677,Q4 (slowest),0
TX0000004833900034,2023,other,740,Q4 (slowest),0
TX0000004833900442,2018,other,509,Q4 (slowest),0
TX0000004834100003,2020,other,358,Q4 (slowest),0
TX0000004834100003,2024,other,349,Q4 (slowest),0
TX0000004834100014,2019,other,332,Q4 (slowest),0
TX0000004834100031,2017,other,230,Q3,1
TX0000004834100031,2018,other,333,Q4 (slowest),2
TX0000004834100031,2019,other,289,Q4 (slowest),0
TX0000004834100058,2018,other,354,Q4 (slowest),0
TX0000004834700035,2017,electric,365,Q4 (slowest),0
TX0000004834700035,2022,electric,276,Q4 (slowest),0
TX0000004834700041,2018,other,476,Q4 (slowest),0
TX0000004834900011,2019,other,550,Q4 (slowest),0
TX0000004834900025,2018,other,530,Q4 (slowest),0
TX0000004835500003,2017,other,366,Q4 (slowest),0
TX0000004835500003,2019,other,308,Q4 (slowest),1
TX0000004835500003,2020,other,560,Q4 (slowest),2
TX0000004835500003,2021,other,469,Q4 (slowest),0
TX0000004835500004,2018,other,273,Q4 (slowest),1
TX0000004835500004,2019,other,416,Q4 (slowest),1
TX0000004835500004,2020,other,445,Q4 (slowest),0
TX0000004835500017,2021,other,639,Q4 (slowest),0
TX0000004835500017,2024,other,681,Q4 (slowest),0
TX0000004835500018,2020,other,412,Q4 (slowest),0
TX0000004835500018,2023,other,403,Q4 (slowest),0
TX0000004835500050,2019,other,252,Q3,1
TX0000004835500050,2020,other,477,Q4 (slowest),1
TX0000004835500089,2019,other,276,Q4 (slowest),2
TX0000004835500089,2020,other,684,Q4 (slowest),0
TX0000004835500089,2024,other,381.5,Q4 (slowest),0
TX0000004835500098,2021,other,478,Q4 (slowest),0
TX0000004835500110,2019,other,242,Q3,0
TX0000004835500114,2021,other,445,Q4 (slowest),0
TX0000004835500115,2016,other,638,Q4 (slowest),0
TX0000004835500115,2019,other,255,Q4 (slowest),0
TX0000004835500115,2024,other,457,Q4 (slowest),0
TX0000004835500666,2023,other,742,Q4 (slowest),0
TX0000004835501684,2019,other,428,Q4 (slowest),0
TX0000004835501688,2018,other,591,Q4 (slowest),1
TX0000004835501688,2019,other,249,Q3,0
TX0000004835501693,2021,other,672,Q4 (slowest),0
TX0000004835501695,2023,other,404,Q4 (slowest),0
TX0000004835700011,2019,other,291,Q4 (slowest),0
TX0000004836100002,2018,electric,393,Q4 (slowest),3
TX0000004836100002,2019,electric,502.33,Q4 (slowest),0
TX0000004836100004,2019,other,267,Q4 (slowest),0
TX0000004836100006,2018,other,711,Q4 (slowest),0
TX0000004836100007,2023,electric,495,Q4 (slowest),0
TX0000004836100008,2017,other,423,Q4 (slowest),0
TX0000004836100014,2019,other,454,Q4 (slowest),1
TX0000004836100014,2020,other,998,Q4 (slowest),1
TX0000004836100014,2021,other,444,Q4 (slowest),0
TX0000004836100016,2018,other,423,Q4 (slowest),0
TX0000004836100017,2019,other,459,Q4 (slowest),0
TX0000004836100020,2020,other,255,Q4 (slowest),0
TX0000004836100244,2018,other,616,Q4 (slowest),1
TX0000004836100244,2019,other,445,Q4 (slowest),2
TX0000004836100244,2020,other,239,Q3,0
TX0000004836100244,2022,other,458,Q4 (slowest),1
TX0000004836100244,2024,other,586,Q4 (slowest),0
TX0000004836102262,2018,other,278,Q4 (slowest),0
TX0000004836102262,2021,other,291,Q4 (slowest),0
TX0000004836500003,2018,other,340,Q4 (slowest),0
TX0000004836500003,2023,other,795,Q4 (slowest),0
TX0000004836500062,2019,other,266,Q4 (slowest),0
TX0000004836500090,2019,other,594,Q4 (slowest),0
TX0000004836500091,2020,other,444,Q4 (slowest),0
TX0000004836700002,2020,other,385,Q4 (slowest),0
TX0000004836700005,2018,other,469,Q4 (slowest),0
TX0000004836700006,2018,other,453,Q4 (slowest),0
TX0000004836700006,2021,other,777,Q4 (slowest),0
TX0000004836700022,2017,other,356,Q4 (slowest),1
TX0000004836700022,2019,other,347,Q4 (slowest),0
TX0000004836700022,2022,other,379,Q4 (slowest),0
TX0000004836700032,2018,other,329,Q4 (slowest),0
TX0000004836700156,2019,other,702,Q4 (slowest),0
TX0000004837100004,2016,other,221,Q3,0
TX0000004837100004,2020,other,227,Q3,0
TX0000004837100014,2019,other,221,Q3,0
TX0000004837500006,2017,other,751,Q4 (slowest),1
TX0000004837500006,2018,other,252,Q3,0
TX0000004838100004,2017,other,286,Q4 (slowest),0
TX0000004838100004,2019,other,267,Q4 (slowest),0
TX0000004838100015,2018,other,313,Q4 (slowest),0
TX0000004838100016,2016,other,655,Q4 (slowest),0
TX0000004838300002,2016,other,243,Q3,0
TX0000004838300003,2019,other,421,Q4 (slowest),0
TX0000004838300003,2021,other,139,Q3,0
TX0000004838300036,2024,other,364,Q4 (slowest),1
TX0000004838300037,2020,other,262,Q4 (slowest),0
TX0000004838300040,2020,other,172,Q3,0
TX0000004838300042,2019,other,195,Q3,0
TX0000004838300046,2024,other,370,Q4 (slowest),0
TX0000004838900236,2017,other,222,Q3,1
TX0000004838900236,2018,other,394,Q4 (slowest),0
TX0000004838900244,2019,other,273,Q4 (slowest),0
TX0000004838902271,2023,other,424,Q4 (slowest),0
TX0000004838902282,2023,other,294,Q4 (slowest),0
TX0000004838902289,2024,other,390,Q4 (slowest),0
TX0000004838902520,2023,other,862,Q4 (slowest),0
TX0000004838902566,2024,other,588,Q4 (slowest),0
TX0000004839100053,2016,other,229,Q3,1
TX0000004839100053,2017,other,517,Q4 (slowest),0
TX0000004840300001,2021,other,386,Q4 (slowest),0
TX0000004840900030,2021,other,383,Q4 (slowest),0
TX0000004840900044,2021,electric,748,Q4 (slowest),0
TX0000004840900044,2023,electric,446,Q4 (slowest),0
TX0000004840900071,2023,other,893,Q4 (slowest),1
TX0000004840900071,2024,other,404,Q4 (slowest),1
TX0000004840900239,2018,other,648,Q4 (slowest),1
TX0000004840900239,2019,other,314,Q4 (slowest),0
TX0000004840900244,2024,other,379,Q4 (slowest),0
TX0000004841500012,2023,other,449,Q4 (slowest),1
TX0000004841500012,2024,other,159,Q3,0
TX0000004841500014,2017,other,327,Q4 (slowest),0
TX0000004842300040,2017,other,419,Q4 (slowest),0
TX0000004843100024,2016,other,966,Q4 (slowest),0
TX0000004843900021,2016,other,220,Q3,0
TX0000004843900021,2021,other,272,Q4 (slowest),0
TX0000004843900068,2017,other,330,Q4 (slowest),0
TX0000004843900095,2021,other,806,Q4 (slowest),0
TX0000004843900138,2018,other,394,Q4 (slowest),0
TX0000004843900151,2018,other,380,Q4 (slowest),1
TX0000004843901697,2017,other,2080,Q4 (slowest),0
TX0000004844100039,2024,other,544,Q4 (slowest),0
TX0000004844100273,2022,other,429,Q4 (slowest),0
TX0000004845100030,2017,other,487,Q4 (slowest),0
TX0000004845300001,2019,other,208,Q3,0
TX0000004845300072,2018,other,375,Q4 (slowest),0
TX0000004845300072,2021,other,1112,Q4 (slowest),0
TX0000004845700014,2018,other,476,Q4 (slowest),0
TX0000004846500075,2017,other,153,Q3,1
TX0000004846500075,2018,other,256,Q4 (slowest),0
TX0000004846900001,2017,other,518,Q4 (slowest),0
TX0000004846900009,2022,electric,377,Q4 (slowest),0
TX0000004846900030,2023,other,405,Q4 (slowest),0
TX0000004847900685,2024,other,424,Q4 (slowest),0
TX0000004847900689,2020,other,376,Q4 (slowest),0
TX0000004847900692,2020,other,426,Q4 (slowest),0
TX0000004848100009,2017,other,257,Q4 (slowest),0
TX0000004848100314,2018,other,376,Q4 (slowest),1
TX0000004848100314,2019,other,308,Q4 (slowest),1
TX0000004848100314,2020,other,329,Q4 (slowest),0
TX0000004848100315,2018,electric,292,Q4 (slowest),0
TX0000004848300252,2017,other,316,Q4 (slowest),0
TX0000004848300254,2016,other,314,Q4 (slowest),0
TX0000004848300255,2017,other,390,Q4 (slowest),0
TX0000004848300257,2016,other,210,Q3,0
TX0000004848300264,2020,other,187,Q3,0
TX0000004848300278,2017,other,404,Q4 (slowest),0
TX0000004848700010,2023,electric,428,Q4 (slowest),0
TX0000004849500006,2018,other,457,Q4 (slowest),0
TX0000004849500022,2020,other,309,Q4 (slowest),0
TX0000004849500032,2024,other,508,Q4 (slowest),0
TX0000004849700003,2016,other,665,Q4 (slowest),0
TX0000004849700012,2017,other,292,Q4 (slowest),1
TX0000004849700012,2018,other,304,Q4 (slowest),2
TX0000004849700012,2019,other,337,Q4 (slowest),0
TX0000004849700021,2018,other,307,Q4 (slowest),0
TX0000004849700031,2019,other,354,Q4 (slowest),0
TX0000004849700044,2018,other,329,Q4 (slowest),0
TX0000004849700066,2022,other,957,Q4 (slowest),0
TX0000004849700067,2017,other,329,Q4 (slowest),0
TX0000004849700677,2016,other,833,Q4 (slowest),0
TX0000004849700682,2017,other,326,Q4 (slowest),0
TX0000004849900003,2020,other,344,Q4 (slowest),0
TX0000004850100011,2021,other,1768,Q4 (slowest),0
TX0000004850100025,2020,other,527,Q4 (slowest),0
TX0000004850100025,2023,other,911,Q4 (slowest),0
TX0000004850100039,2024,electric,526,Q4 (slowest),0
TX0000004850100046,2023,other,847,Q4 (slowest),0
TX0000004850100047,2021,other,322,Q4 (slowest),0
TX0000004850700618,2017,other,313,Q4 (slowest),0
UT0000004901100008,2024,other,439,Q4 (slowest),0
UT0000004901100013,2020,other,79,Q2,0
UT0000004901100013,2023,other,174,Q3,0
UT0000004903700026,2021,other,420,Q4 (slowest),0
UT0000004905700001,2018,other,284.33,Q4 (slowest),0
VA0000005100700011,2018,electric,530,Q4 (slowest),0
VA0000005101100011,2019,other,129.75,Q3,0
VA0000005101300010,2021,other,0,Q1 (fastest),0
VA0000005101581768,2019,other,206.5,Q3,0
VA0000005102300003,2019,other,109.5,Q3,0
VA0000005102300039,2017,other,17.5,Q2,0
VA0000005102300039,2020,other,700.67,Q4 (slowest),0
VA0000005102300039,2023,other,139,Q3,0
VA0000005102700004,2021,other,80.5,Q2,0
VA0000005102700057,2022,other,72.5,Q2,0
VA0000005102700071,2022,other,73,Q2,0
VA0000005102700081,2021,other,42.5,Q2,0
VA0000005102700148,2017,electric,52,Q2,0
VA0000005103100156,2021,electric,223.5,Q4 (slowest),0
VA0000005103100163,2019,other,162.5,Q3,0
VA0000005103100163,2022,other,167.5,Q3,0
VA0000005103100173,2017,other,74.5,Q2,0
VA0000005103300040,2021,electric,54,Q2,0
VA0000005103600018,2023,electric,0,Q1 (fastest),0
VA0000005103700023,2019,other,168.5,Q3,0
VA0000005104100090,2024,other,491,Q4 (slowest),0
VA0000005104100114,2023,other,55.5,Q2,0
VA0000005104100123,2020,other,410,Q4 (slowest),0
VA0000005104100123,2024,other,124.33,Q3,0
VA0000005104100418,2024,other,135,Q3,0
VA0000005104100518,2024,other,52,Q2,0
VA0000005104700044,2017,other,301,Q4 (slowest),0
VA0000005104700044,2021,other,0,Q1 (fastest),0
VA0000005104700045,2021,other,131.5,Q3,0
VA0000005105100019,2019,other,39.5,Q2,0
VA0000005105300087,2019,electric,157.5,Q3,0
VA0000005105300104,2019,other,48,Q2,0
VA0000005105300104,2023,other,87.5,Q2,0
VA0000005105900018,2018,other,0,Q1 (fastest),0
VA0000005105900018,2023,other,0,Q1 (fastest),0
VA0000005105900064,2017,other,156,Q3,0
VA0000005105900560,2024,other,0,Q1 (fastest),0
VA0000005105974130,2019,other,122,Q3,0
VA0000005105974207,2022,other,95,Q3,0
VA0000005106700051,2020,other,209.5,Q3,0
VA0000005106900034,2016,other,244.67,Q3,0
VA0000005106900130,2017,other,52,Q2,0
VA0000005106900151,2023,other,0,Q1 (fastest),0
VA0000005107100001,2020,other,210,Q3,0
VA0000005107100001,2024,other,83,Q2,0
VA0000005107500030,2018,electric,285.5,Q4 (slowest),0
VA0000005107500030,2020,electric,210,Q3,0
VA0000005108100051,2019,other,364.33,Q4 (slowest),0
VA0000005108300050,2022,other,235,Q3,0
VA0000005108300069,2022,electric,21,Q2,0
VA0000005108500042,2024,other,181,Q3,0
VA0000005108500061,2018,electric,44,Q2,0
VA0000005108700135,2022,other,26.5,Q2,0
VA0000005108700540,2019,electric,320.5,Q4 (slowest),0
VA0000005108900035,2019,other,0,Q1 (fastest),0
VA0000005109900016,2022,other,80,Q2,0
VA0000005110100001,2021,other,170.5,Q3,0
VA0000005110100024,2019,other,265,Q4 (slowest),0
VA0000005110700135,2023,other,0,Q1 (fastest),0
VA0000005110700849,2023,other,223,Q3,0
VA0000005110700890,2017,other,66,Q2,0
VA0000005110700890,2019,other,190,Q3,0
VA0000005110701016,2017,other,88,Q2,0
VA0000005110701016,2019,other,98,Q3,0
VA0000005110701019,2018,electric,248.33,Q4 (slowest),0
VA0000005110701033,2023,other,103.5,Q3,0
VA0000005110701036,2024,other,55.5,Q2,0
VA0000005110774114,2022,other,98.5,Q3,0
VA0000005110774126,2018,other,429.33,Q4 (slowest),0
VA0000005110774152,2019,other,128,Q3,0
VA0000005110774160,2024,other,133,Q3,1
VA0000005110774169,2021,other,136,Q3,0
VA0000005110774173,2022,other,0,Q1 (fastest),0
VA0000005110774173,2024,other,98,Q3,0
VA0000005110774265,2024,other,0,Q1 (fastest),0
VA0000005112100002,2022,other,0,Q1 (fastest),0
VA0000005112100006,2016,other,102,Q3,5
VA0000005112100006,2017,other,40.78,Q2,1
VA0000005112100006,2018,other,73.5,Q2,0
VA0000005112100006,2020,other,248.5,Q3,0
VA0000005112100065,2016,other,177.5,Q3,0
VA0000005112100080,2016,other,178,Q3,0
VA0000005112100080,2019,other,186,Q3,0
VA0000005113100008,2017,electric,51.5,Q2,0
VA0000005113700035,2017,other,81,Q2,0
VA0000005113700035,2019,other,120.5,Q3,1
VA0000005113700035,2020,other,265.33,Q4 (slowest),0
VA0000005114300100,2018,other,146.5,Q3,0
VA0000005114700009,2023,other,0,Q1 (fastest),0
VA0000005115374112,2024,other,0,Q1 (fastest),1
VA0000005115500041,2017,other,255.33,Q4 (slowest),0
VA0000005115500041,2023,other,143,Q3,0
VA0000005116300001,2021,other,160,Q3,0
VA0000005116500001,2019,other,104.5,Q3,0
VA0000005116500023,2020,other,334,Q4 (slowest),0
VA0000005116500046,2019,other,0,Q1 (fastest),0
VA0000005116500114,2020,other,92,Q3,0
VA0000005116500122,2019,other,36,Q2,0
VA0000005116700003,2016,electric,76.5,Q2,0
VA0000005116700003,2021,electric,54,Q2,1
VA0000005116700003,2022,electric,161,Q3,0
VA0000005117100003,2022,other,77,Q2,0
VA0000005117100063,2019,other,122,Q3,0
VA0000005117100063,2021,other,285,Q4 (slowest),0
VA0000005117500060,2021,other,154,Q3,0
VA0000005117900020,2020,other,35,Q2,0
VA0000005117900020,2023,other,0,Q1 (fastest),0
VA0000005118100002,2018,electric,0,Q1 (fastest),0
VA0000005118300036,2021,other,125.5,Q3,0
VA0000005118500119,2019,other,42.5,Q2,0
VA0000005118500165,2017,other,31,Q2,0
VA0000005119100165,2018,other,0,Q1 (fastest),0
VA0000005119100181,2023,other,48,Q2,0
VA0000005119300023,2024,other,84.5,Q2,0
VA0000005119300029,2018,other,228,Q3,0
VA0000005119500210,2017,electric,46.67,Q2,0
VA0000005119500210,2019,electric,48.5,Q2,1
VA0000005119500210,2020,electric,38.5,Q2,0
VA0000005119700053,2019,other,30,Q2,0
VA0000005119700053,2021,other,39.5,Q2,0
VA0000005152000160,2021,other,223.4,Q3,0
VA0000005154000003,2019,other,41.33,Q2,0
VA0000005155000035,2018,other,112,Q3,0
VA0000005155000038,2019,other,192,Q3,0
VA0000005155000038,2021,other,46,Q2,0
VA0000005155000092,2017,other,22,Q2,0
VA0000005155000092,2020,other,121,Q3,0
VA0000005158000003,2021,other,291.33,Q4 (slowest),0
VA0000005158000011,2016,other,299,Q4 (slowest),0
VA0000005159000013,2016,other,129,Q3,1
VA0000005159000013,2017,other,57,Q2,0
VA0000005160000061,2020,other,146.5,Q3,0
VA0000005165000010,2023,other,32.5,Q2,0
VA0000005165000061,2021,other,36.5,Q2,1
VA0000005165000061,2022,other,80,Q2,0
VA0000005166000005,2023,other,0,Q1 (fastest),0
VA0000005166000014,2019,other,0,Q1 (fastest),0
VA0000005167000026,2017,other,231,Q3,0
VA0000005167000026,2019,other,234,Q3,0
VA0000005167000026,2021,other,604.33,Q4 (slowest),0
VA0000005167000053,2021,other,0,Q1 (fastest),1
VA0000005167000053,2022,other,0,Q1 (fastest),0
VA0000005167000058,2023,electric,293,Q4 (slowest),0
VA0000005168000116,2023,other,0,Q1 (fastest),1
VA0000005168000116,2024,other,164.5,Q3,0
VA0000005168000153,2018,other,115,Q3,1
VA0000005168000153,2019,other,143.5,Q3,0
VA0000005168300131,2021,other,81.5,Q2,0
VA0000005168374161,2019,other,88.5,Q2,0
VA0000005169000050,2018,other,83,Q2,1
VA0000005169000050,2019,other,202.5,Q3,0
VA0000005170000013,2018,other,76.5,Q2,0
VA0000005170000119,2022,other,24.5,Q2,0
VA0000005171000028,2023,other,56.5,Q2,0
VA0000005171000194,2017,other,0,Q1 (fastest),0
VA0000005171000194,2020,other,0,Q1 (fastest),0
VA0000005171000194,2024,other,0,Q1 (fastest),0
VA0000005171000196,2016,other,59,Q2,0
VA0000005171000196,2019,other,69.5,Q2,1
VA0000005171000196,2020,other,106,Q3,0
VA0000005173000084,2019,other,448.5,Q4 (slowest),0
VA0000005173000084,2024,other,0,Q1 (fastest),1
VA0000005174000006,2021,other,0,Q1 (fastest),0
VA0000005175000040,2024,other,0,Q1 (fastest),0
VA0000005176000004,2024,other,0,Q1 (fastest),0
VA0000005176000098,2017,other,186.5,Q3,0
VA0000005177000244,2018,other,180.33,Q3,0
VA0000005177000244,2023,other,158.5,Q3,0
VA0000005177500026,2022,other,151,Q3,0
VA0000005181000013,2022,other,0,Q1 (fastest),0
VA0000005184000060,2022,other,110.5,Q3,0
VT0000005000300006,2022,other,0,Q1 (fastest),0
VT0000005000500004,2023,electric,0,Q1 (fastest),1
VT0000005000500004,2024,electric,0,Q1 (fastest),1
VT0000005000700012,2017,other,0,Q1 (fastest),0
VT0000005000700037,2020,electric,63,Q2,0
VT0000005000700037,2023,electric,0,Q1 (fastest),2
VT0000005000700037,2024,electric,2.5,Q1 (fastest),0
VT0000005000709001,2019,other,604,Q4 (slowest),0
VT0000005000709001,2021,other,0,Q1 (fastest),1
VT0000005001100004,2022,other,0,Q1 (fastest),1
VT0000005001100025,2021,other,34,Q2,0
VT0000005001700007,2018,other,361.67,Q4 (slowest),0
VT0000005001900004,2022,other,0,Q1 (fastest),0
VT0000005001900012,2024,other,87,Q2,0
VT0000005002100009,2022,other,335.33,Q4 (slowest),0
VT0000005002190001,2024,other,0,Q1 (fastest),1
VT0000005002700008,2019,other,0,Q1 (fastest),0
VT0000005002700301,2018,other,187,Q3,0
VT0005001900014,2019,electric,0,Q1 (fastest),0
VT0005001900014,2024,electric,45,Q2,0
WA0000005301100005,2017,other,38.33,Q2,2
WA0000005301100005,2018,other,180,Q3,0
WA0000005301500002,2016,other,65,Q2,4
WA0000005301500002,2017,other,48,Q2,5
WA0000005301500002,2018,other,24.4,Q2,2
WA0000005301500002,2019,other,125,Q3,2
WA0000005301500002,2020,other,206,Q3,2
WA0000005301500002,2021,other,242.33,Q3,3
WA0000005301500002,2022,other,190.57,Q3,1
WA0000005301500002,2023,other,31,Q2,3
WA0000005301500002,2024,other,185.33,Q3,5
WA0000005301500003,2016,other,53.6,Q2,8
WA0000005301500003,2017,other,53.33,Q2,4
WA0000005301500003,2018,other,89.75,Q2,0
WA0000005301500003,2020,other,274.33,Q4 (slowest),4
WA0000005301500003,2021,other,262.25,Q4 (slowest),5
WA0000005301500003,2022,other,161,Q3,3
WA0000005301500003,2023,other,446.25,Q4 (slowest),3
WA0000005301500003,2024,other,415,Q4 (slowest),2
WA0000005303100001,2016,other,95.17,Q3,6
WA0000005303100001,2017,other,37.83,Q2,1
WA0000005303100001,2018,other,15,Q2,5
WA0000005303100001,2019,other,93.56,Q3,4
WA0000005303100001,2020,other,37.6,Q2,7
WA0000005303100001,2021,other,62.1,Q2,2
WA0000005303100001,2022,other,98,Q3,4
WA0000005303100001,2023,other,104.2,Q3,6
WA0000005303100001,2024,other,174,Q3,8
WA0000005307100003,2020,other,49.5,Q2,0
WA0000005307100003,2022,other,498,Q4 (slowest),0
WA0000005307300001,2016,other,343.22,Q4 (slowest),1
WA0000005307300001,2017,other,162,Q3,2
WA0000005307300001,2018,other,432.6,Q4 (slowest),3
WA0000005307300001,2019,other,214.3,Q3,1
WANCA0005305700002,2019,other,53,Q2,0
WANCA0005305700002,2022,other,12,Q1 (fastest),0
WANCA0005305700003,2019,other,56.5,Q2,1
WANCA0005305700003,2020,other,77.5,Q2,2
WANCA0005305700003,2021,other,88,Q2,2
WANCA0005305700003,2022,other,0,Q1 (fastest),0
WANCA0005305700003,2024,other,56,Q2,1
WANCA0005305700005,2019,other,50.17,Q2,0
WANCA0005305700005,2022,other,120.5,Q3,0
WANCA0005305700055,2018,other,22,Q2,1
WANCA0005305700055,2019,other,27.5,Q2,0
WANCA0005305700055,2021,other,299,Q4 (slowest),0
WANCA0005305700057,2019,other,24.5,Q2,0
WANCA0005305700057,2021,other,39.5,Q2,2
WANCA0005305700057,2022,other,89.75,Q2,0
WANCA0005307300005,2018,other,18.5,Q2,1
WANCA0005307300005,2019,other,18.5,Q2,2
WANCA0005307300005,2020,other,63,Q2,1
WANCA0005307300005,2021,other,113,Q3,1
WANCA0005307300005,2022,other,0,Q1 (fastest),1
WANCA0005307300005,2023,other,287.5,Q4 (slowest),2
WANCA0005307300005,2024,other,72,Q2,0
WANCA0005307300032,2019,electric,0,Q1 (fastest),0
WANCA0005307300037,2022,electric,36.5,Q2,0
WANCA0005307300041,2024,other,84,Q2,0
WANCA1395,2021,other,284.33,Q4 (slowest),0
WAORC0005300900005,2023,other,60,Q2,0
WAORC0005300900007,2016,other,45,Q2,0
WAORC0005300900007,2021,other,70.5,Q2,2
WAORC0005300900007,2022,other,143.5,Q3,0
WAORC0005302700018,2023,electric,120.5,Q3,2
WAORC0005302700018,2024,electric,46.5,Q2,2
WAORC0005302700028,2020,other,40.75,Q2,0
WAORC0005302700028,2023,other,135,Q3,0
WAORC0005302700059,2017,other,28,Q2,0
WAORC0005302700080,2018,other,56,Q2,2
WAORC0005302700080,2019,other,84.75,Q2,4
WAORC0005302700080,2020,other,41.38,Q2,1
WAORC0005302700080,2021,other,37.5,Q2,0
WAORC0005302700080,2024,other,150.5,Q3,3
WAORC0005302700701,2019,other,26,Q2,0
WAORC0005302700701,2021,other,32.5,Q2,16
WAORC0005302700701,2022,other,42.41,Q2,3
WAORC0005302700701,2023,other,123.83,Q3,0
WAORC0005302701186,2019,electric,0,Q1 (fastest),0
WAORC0005304500002,2023,other,168,Q3,0
WAORC0005304900004,2019,other,28,Q2,0
WAORC0005304900004,2021,other,27.5,Q2,1
WAORC0005304900004,2022,other,26,Q2,2
WAORC0005304900004,2023,other,114.25,Q3,0
WAORC0005306700008,2016,other,33.5,Q2,0
WAORC0005306700008,2020,other,40,Q2,6
WAORC0005306700008,2021,other,125.42,Q3,7
WAORC0005306700008,2022,other,66.64,Q2,1
WAORC0005306700008,2023,other,36,Q2,0
WAORC0005306700010,2017,other,33,Q2,2
WAORC0005306700010,2018,other,51.5,Q2,0
WAORC0005306700010,2024,other,81.5,Q2,5
WAORC0005306700824,2023,other,30.5,Q2,0
WAPSC0005303300004,2021,other,103.67,Q3,0
WAPSC0005305311993,2023,other,0,Q1 (fastest),0
WAPSC0005306100039,2024,other,0,Q1 (fastest),0
WASPC0005306300074,2022,other,24.5,Q2,0
WASPC0005306300086,2021,electric,29.25,Q2,0
WASPC0005306300086,2023,electric,77,Q2,1
WASPC0005306300086,2024,electric,28,Q2,0
WASPC0005306300087,2016,other,65,Q2,0
WASPC0005306300087,2019,other,80,Q2,1
WASPC0005306300087,2020,other,101.5,Q3,1
WASPC0005306300087,2021,other,34.5,Q2,0
WASPC0005306300092,2016,other,31.75,Q2,0
WASPC0005306300093,2022,other,18,Q2,0
WASPC0005306300097,2020,other,0,Q1 (fastest),0
WASPC0005306300097,2023,other,24,Q2,0
WASPC0005306300112,2022,other,23.5,Q2,0
WASPC0005306301110,2019,other,34.5,Q2,0
WASPC0005306310023,2016,other,48.75,Q2,4
WASPC0005306310023,2017,other,37.12,Q2,5
WASPC0005306310023,2018,other,33.8,Q2,4
WASPC0005306310023,2019,other,34.75,Q2,3
WASPC0005306310023,2020,other,101.83,Q3,3
WASPC0005306310023,2021,other,38.83,Q2,1
WASPC0005306310023,2022,other,22.5,Q2,7
WASPC0005306310023,2023,other,35.5,Q2,5
WASPC0005306310023,2024,other,49,Q2,0
WASPC0005306310032,2024,other,28,Q2,0
WASWC0005301100002,2024,other,9.5,Q1 (fastest),1
WASWC0005301100143,2023,other,44,Q2,0
WASWC0005301500009,2023,other,65.8,Q2,3
WASWC0005301500009,2024,other,272,Q4 (slowest),6
WASWC0005304100006,2023,other,11.33,Q1 (fastest),2
WASWC0005304100009,2020,other,119,Q3,1
WASWC0005304100009,2023,other,8,Q1 (fastest),2
WASWC0005304100009,2024,other,174.5,Q3,2
WASWC0005304100022,2023,other,20,Q2,0
WASWC0005304100052,2024,other,20,Q2,0
WASWC0005304100054,2023,other,33.33,Q2,2
WASWC0005304100054,2024,other,20,Q2,0
WASWC0005304110010,2017,electric,173,Q3,2
WASWC0005304110010,2018,electric,97,Q3,5
WI0000005500300005,2021,other,49,Q2,0
WI0000005500307072,2017,other,45,Q2,0
WI0000005500307072,2023,other,16.5,Q2,1
WI0000005500500004,2018,other,70,Q2,0
WI0000005500500004,2020,other,41,Q2,0
WI0000005500505861,2023,electric,42,Q2,0
WI0000005500507997,2018,other,81,Q2,0
WI0000005500507997,2020,other,59,Q2,1
WI0000005500507997,2021,other,32,Q2,0
WI0000005500510833,2023,other,146,Q3,2
WI0000005500900002,2023,other,31,Q2,0
WI0000005500900012,2022,other,187,Q3,0
WI0000005500900025,2018,other,148,Q3,1
WI0000005500900025,2021,other,83,Q2,0
WI0000005500900045,2017,other,11,Q1 (fastest),0
WI0000005500903452,2016,other,19,Q2,0
WI0000005501500441,2023,other,42,Q2,0
WI0000005501700021,2017,other,60,Q2,0
WI0000005501700021,2023,other,93,Q3,0
WI0000005501700037,2020,other,49,Q2,0
WI0000005501700037,2023,other,56,Q2,0
WI0000005501903173,2016,other,19,Q2,0
WI0000005501903173,2018,other,130,Q3,0
WI0000005501903173,2020,other,44,Q2,0
WI0000005501903173,2023,other,63,Q2,0
WI0000005502100001,2021,electric,138,Q3,0
WI0000005502103004,2016,other,111,Q3,0
WI0000005502103004,2019,other,26,Q2,1
WI0000005502103004,2020,other,55,Q2,0
WI0000005502103004,2022,other,45,Q2,0
WI0000005502107118,2018,other,42,Q2,1
WI0000005502107118,2023,other,15,Q2,0
WI0000005502108152,2017,other,141,Q3,0
WI0000005502108152,2019,other,781,Q4 (slowest),2
WI0000005502108152,2020,other,137,Q3,3
WI0000005502108152,2021,other,24,Q2,1
WI0000005502108152,2022,other,77,Q2,1
WI0000005502108152,2023,other,46,Q2,13
WI0000005502300011,2018,other,41,Q2,0
WI0000005502300011,2022,other,85,Q2,0
WI0000005502300026,2023,other,32,Q2,0
WI0000005502500008,2020,other,191,Q3,0
WI0000005502500013,2017,other,58,Q2,0
WI0000005502500013,2020,other,48,Q2,0
WI0000005502500038,2017,other,21,Q2,0
WI0000005502500041,2018,other,35,Q2,0
WI0000005502500041,2022,other,68,Q2,0
WI0000005502500072,2017,other,40,Q2,0
WI0000005502500075,2017,other,61,Q2,0
WI0000005502500099,2023,other,15,Q2,0
WI0000005502500117,2020,electric,19,Q2,0
WI0000005502512730,2021,other,3.5,Q1 (fastest),0
WI0000005502524630,2023,other,110,Q3,0
WI0000005502537304,2017,electric,28,Q2,0
WI0000005502538778,2016,other,128,Q3,0
WI0000005502542793,2022,other,0,Q1 (fastest),0
WI0000005502700008,2018,other,35,Q2,1
WI0000005502700060,2021,other,711,Q4 (slowest),0
WI0000005502706395,2019,other,25,Q2,0
WI0000005502710630,2017,other,66,Q2,0
WI0000005502900008,2022,other,50.5,Q2,0
WI0000005503100003,2018,other,82,Q2,0
WI0000005503100062,2023,other,158,Q3,16
WI0000005503100130,2021,other,17,Q2,0
WI0000005503111673,2018,other,66,Q2,0
WI0000005503300015,2021,other,14,Q1 (fastest),0
WI0000005503300529,2022,other,23,Q2,0
WI0000005503305666,2021,other,760,Q4 (slowest),0
WI0000005503500002,2017,other,120,Q3,1
WI0000005503500002,2018,other,36.5,Q2,2
WI0000005503500002,2019,other,0,Q1 (fastest),1
WI0000005503500002,2020,other,1,Q1 (fastest),1
WI0000005503500002,2021,other,48,Q2,0
WI0000005503500010,2018,other,225,Q3,0
WI0000005503500028,2017,other,1,Q1 (fastest),0
WI0000005503900011,2018,other,69,Q2,0
WI0000005503914566,2021,electric,41,Q2,1
WI0000005503914566,2022,electric,311,Q4 (slowest),0
WI0000005504300008,2022,other,3,Q1 (fastest),0
WI0000005504500001,2017,other,260,Q4 (slowest),0
WI0000005504500001,2021,other,89,Q2,1
WI0000005504500001,2022,other,52,Q2,1
WI0000005504500001,2023,other,176,Q3,0
WI0000005504503808,2019,other,77,Q2,0
WI0000005505500016,2021,other,30,Q2,0
WI0000005505500016,2023,other,8,Q1 (fastest),2
WI0000005505500023,2018,other,31,Q2,0
WI0000005505500337,2019,other,20,Q2,0
WI0000005505500337,2024,other,10,Q1 (fastest),2
WI0000005505512294,2023,other,9,Q1 (fastest),0
WI0000005505700038,2024,other,658,Q4 (slowest),16
WI0000005505919876,2022,other,93,Q3,0
WI0000005505922076,2022,other,119,Q3,0
WI0000005505980538,2022,other,260,Q4 (slowest),0
WI0000005506101674,2021,other,16,Q2,0
WI0000005506101685,2021,other,325.5,Q4 (slowest),0
WI0000005506101718,2021,other,14,Q1 (fastest),0
WI0000005506300002,2023,other,85,Q2,0
WI0000005506300010,2021,other,33,Q2,1
WI0000005506300010,2022,other,338,Q4 (slowest),0
WI0000005506300011,2017,electric,51,Q2,0
WI0000005506300011,2023,electric,20,Q2,0
WI0000005506300030,2016,other,79,Q2,0
WI0000005506311533,2017,other,29,Q2,1
WI0000005506311533,2018,other,42,Q2,0
WI0000005506311533,2020,other,29,Q2,0
WI0000005506700002,2017,other,20,Q2,0
WI0000005506900006,2017,other,58,Q2,0
WI0000005506900010,2021,other,10,Q1 (fastest),0
WI0000005506900019,2018,other,7,Q1 (fastest),0
WI0000005506900019,2023,other,75,Q2,0
WI0000005507100006,2017,other,1,Q1 (fastest),0
WI0000005507100006,2019,other,446,Q4 (slowest),0
WI0000005507100025,2018,other,212,Q3,1
WI0000005507100025,2019,other,1629,Q4 (slowest),0
WI0000005507100032,2020,other,291,Q4 (slowest),0
WI0000005507100041,2018,electric,5,Q1 (fastest),0
WI0000005507100047,2017,other,8,Q1 (fastest),1
WI0000005507100047,2018,other,10,Q1 (fastest),0
WI0000005507100053,2017,other,1,Q1 (fastest),0
WI0000005507100060,2022,other,29,Q2,0
WI0000005507103967,2019,other,69,Q2,0
WI0000005507103967,2021,other,58,Q2,0
WI0000005507107707,2023,other,14,Q1 (fastest),1
WI0000005507113680,2020,other,7,Q1 (fastest),1
WI0000005507113680,2021,other,409,Q4 (slowest),0
WI0000005507300005,2021,other,47,Q2,0
WI0000005507300012,2016,other,9,Q1 (fastest),1
WI0000005507300012,2017,other,75,Q2,0
WI0000005507300012,2021,other,37,Q2,4
WI0000005507300012,2022,other,16.25,Q2,0
WI0000005507300024,2023,other,95,Q3,0
WI0000005507300031,2017,other,4,Q1 (fastest),1
WI0000005507300031,2018,other,64,Q2,1
WI0000005507300031,2019,other,2304,Q4 (slowest),2
WI0000005507300031,2020,other,1406.33,Q4 (slowest),1
WI0000005507300031,2021,other,844,Q4 (slowest),1
WI0000005507300031,2022,other,741,Q4 (slowest),0
WI0000005507300033,2016,other,7,Q1 (fastest),1
WI0000005507300033,2017,other,2,Q1 (fastest),2
WI0000005507300033,2018,other,8,Q1 (fastest),0
WI0000005507300034,2016,electric,6,Q1 (fastest),0
WI0000005507300034,2018,electric,2,Q1 (fastest),2
WI0000005507300034,2019,electric,85,Q2,2
WI0000005507300034,2020,electric,19,Q2,1
WI0000005507300034,2021,electric,4,Q1 (fastest),3
WI0000005507300034,2022,electric,9,Q2,4
WI0000005507300034,2023,electric,17.5,Q2,4
WI0000005507300039,2018,other,18,Q2,0
WI0000005507300049,2018,other,18,Q2,0
WI0000005507300049,2021,other,16,Q2,0
WI0000005507300050,2023,other,70,Q2,0
WI0000005507300051,2016,other,21.5,Q2,0
WI0000005507300051,2018,other,245,Q3,1
WI0000005507300051,2019,other,13,Q1 (fastest),1
WI0000005507300051,2020,other,56,Q2,1
WI0000005507300051,2021,other,14,Q1 (fastest),1
WI0000005507300051,2022,other,13,Q1 (fastest),1
WI0000005507300051,2023,other,47,Q2,16
WI0000005507300061,2021,other,7,Q1 (fastest),1
WI0000005507300061,2022,other,43,Q2,0
WI0000005507300063,2016,other,11,Q1 (fastest),0
WI0000005507300063,2018,other,65,Q2,1
WI0000005507300063,2019,other,4,Q1 (fastest),1
WI0000005507300063,2023,other,44,Q2,0
WI0000005507300924,2023,other,56,Q2,10
WI0000005507304257,2016,other,113,Q3,0
WI0000005507304257,2018,other,41,Q2,0
WI0000005507304257,2020,other,55,Q2,0
WI0000005507318172,2017,other,13,Q1 (fastest),0
WI0000005507318172,2020,other,23,Q2,0
WI0000005507319052,2021,other,31,Q2,1
WI0000005507319052,2022,other,17,Q2,1
WI0000005507319052,2023,other,57,Q2,12
WI0000005507322704,2017,electric,11,Q2,1
WI0000005507322704,2018,electric,13,Q2,1
WI0000005507322704,2020,electric,29,Q2,1
WI0000005507322704,2021,electric,5,Q1 (fastest),0
WI0000005507322704,2023,electric,73,Q2,0
WI0000005507323738,2020,other,968,Q4 (slowest),1
WI0000005507323738,2021,other,943.5,Q4 (slowest),1
WI0000005507323738,2022,other,746,Q4 (slowest),0
WI0000005507500001,2017,other,11,Q1 (fastest),0
WI0000005507500003,2021,other,512.5,Q4 (slowest),0
WI0000005507502682,2022,other,35,Q2,0
WI0000005507900003,2017,other,78,Q2,0
WI0000005507900017,2019,electric,117,Q3,0
WI0000005507900017,2021,electric,63,Q2,1
WI0000005507900017,2022,electric,8,Q2,1
WI0000005507900017,2023,electric,22,Q2,0
WI0000005507900029,2018,other,1010,Q4 (slowest),0
WI0000005507900029,2021,other,15,Q2,0
WI0000005507900057,2018,other,181,Q3,0
WI0000005507900072,2017,other,297.5,Q4 (slowest),0
WI0000005507900104,2020,other,48,Q2,0
WI0000005507900104,2023,other,103,Q3,1
WI0000005507900125,2021,other,107,Q3,0
WI0000005507900177,2018,other,372,Q4 (slowest),0
WI0000005507900177,2023,other,27,Q2,0
WI0000005507900181,2020,other,83,Q2,0
WI0000005507900181,2023,other,80,Q2,0
WI0000005507900187,2022,other,98,Q3,1
WI0000005507900187,2023,other,37,Q2,1
WI0000005507900196,2019,other,134,Q3,0
WI0000005507900196,2023,other,6,Q1 (fastest),0
WI0000005507900228,2019,other,74,Q2,0
WI0000005507900228,2023,other,20,Q2,0
WI0000005507900338,2017,other,21,Q2,0
WI0000005507900358,2021,other,18,Q2,1
WI0000005507900358,2022,other,29,Q2,1
WI0000005507900358,2023,other,28,Q2,1
WI0000005507915807,2017,other,86.4,Q2,0
WI0000005507915807,2018,other,210,Q3,0
WI0000005507990550,2021,other,84,Q2,0
WI0000005508100010,2021,other,144.33,Q3,0
WI0000005508100014,2023,other,16,Q2,0
WI0000005508300002,2022,other,49,Q2,0
WI0000005508500001,2017,other,18,Q2,0
WI0000005508500843,2019,other,27,Q2,0
WI0000005508509137,2017,other,19,Q2,0
WI0000005508513966,2017,other,25,Q2,0
WI0000005508513966,2019,other,468,Q4 (slowest),0
WI0000005508700007,2017,other,2,Q1 (fastest),1
WI0000005508700007,2018,other,62,Q2,0
WI0000005508700007,2020,other,322,Q4 (slowest),0
WI0000005508700032,2018,other,47,Q2,0
WI0000005508700039,2022,other,96,Q3,0
WI0000005508700070,2018,other,16,Q2,0
WI0000005508717231,2022,other,5,Q1 (fastest),0
WI0000005508717242,2018,electric,9,Q2,0
WI0000005508900039,2018,other,106,Q3,0
WI0000005509500004,2020,other,27,Q2,0
WI0000005509500016,2022,other,18,Q2,0
WI0000005509500019,2024,other,661,Q4 (slowest),2
WI0000005509700007,2023,other,49,Q2,0
WI0000005509700008,2017,other,33,Q2,0
WI0000005509700016,2018,other,38,Q2,0
WI0000005509700016,2022,other,34,Q2,0
WI0000005509700019,2017,other,16,Q2,0
WI0000005509700027,2017,other,58,Q2,0
WI0000005510100004,2021,other,108,Q3,1
WI0000005510100022,2023,other,109,Q3,4
WI0000005510100027,2023,other,42,Q2,1
WI0000005510100340,2016,other,93,Q3,0
WI0000005510100769,2021,other,57,Q2,0
WI0000005510100769,2023,other,71,Q2,0
WI0000005510107699,2021,other,15,Q2,0
WI0000005510117368,2021,other,0,Q1 (fastest),0
WI0000005510117368,2023,other,77,Q2,0
WI0000005510121702,2022,other,91,Q2,2
WI0000005510303343,2023,other,21,Q2,2
WI0000005510500001,2020,other,470,Q4 (slowest),0
WI0000005510500006,2019,other,42,Q2,0
WI0000005510500913,2016,other,57,Q2,0
WI0000005510509988,2019,electric,40.5,Q2,0
WI0000005510514454,2023,other,24,Q2,0
WI0000005510516566,2017,other,755.5,Q4 (slowest),0
WI0000005510700005,2023,other,15,Q2,1
WI0000005510700547,2017,other,112,Q3,1
WI0000005510700547,2018,other,0,Q1 (fastest),0
WI0000005510900002,2017,other,43,Q2,0
WI0000005511100007,2018,other,148,Q3,0
WI0000005511100007,2020,other,91,Q2,0
WI0000005511100007,2023,other,16,Q2,0
WI0000005511105558,2017,other,7,Q1 (fastest),1
WI0000005511105558,2023,other,13,Q1 (fastest),2
WI0000005511106801,2018,other,25,Q2,0
WI0000005511300003,2018,other,16,Q2,0
WI0000005511300006,2017,other,9,Q1 (fastest),0
WI0000005511500019,2020,other,327,Q4 (slowest),0
WI0000005511700003,2020,other,83,Q2,0
WI0000005511700044,2020,other,99,Q3,0
WI0000005511700044,2022,other,58,Q2,0
WI0000005511700054,2021,other,468,Q4 (slowest),0
WI0000005511700057,2017,other,128,Q3,0
WI0000005511700057,2021,other,357,Q4 (slowest),0
WI0000005511700066,2020,other,36,Q2,0
WI0000005511700066,2022,other,128,Q3,0
WI0000005511700074,2016,other,195,Q3,0
WI0000005511700074,2019,other,397,Q4 (slowest),0
WI0000005511700074,2021,other,584,Q4 (slowest),0
WI0000005511700087,2022,other,392,Q4 (slowest),0
WI0000005511703870,2022,other,248,Q3,0
WI0000005511732870,2019,other,587,Q4 (slowest),0
WI0000005511900003,2023,other,14,Q1 (fastest),0
WI0000005512107097,2017,other,74,Q2,0
WI0000005512700012,2023,other,127,Q3,0
WI0000005512700017,2022,other,71,Q2,1
WI0000005512700017,2023,other,78,Q2,0
WI0000005512710523,2021,other,13,Q1 (fastest),0
WI0000005512980529,2018,other,57,Q2,0
WI0000005513100050,2017,other,42,Q2,0
WI0000005513100050,2021,other,164,Q3,0
WI0000005513300005,2021,other,493,Q4 (slowest),0
WI0000005513300034,2018,other,9,Q1 (fastest),0
WI0000005513300034,2023,other,63,Q2,0
WI0000005513301467,2022,other,344,Q4 (slowest),1
WI0000005513342475,2021,other,598,Q4 (slowest),0
WI0000005513500001,2022,other,41,Q2,2
WI0000005513508499,2022,other,71,Q2,0
WI0000005513900008,2021,other,96,Q3,0
WI0000005513900013,2021,other,43,Q2,0
WI0000005513900035,2018,other,68,Q2,0
WI0000005513900057,2022,other,64,Q2,0
WI0000005513900058,2022,other,64,Q2,0
WI0000005513900059,2022,other,64,Q2,0
WI0000005513900647,2021,other,52,Q2,0
WI0000005513902198,2016,other,110,Q3,0
WI0000005513902198,2020,other,59,Q2,0
WI0000005513902198,2022,other,28,Q2,0
WI0000005513913187,2021,other,89,Q2,0
WI0000005513913187,2023,other,32,Q2,0
WI0000005513916366,2021,other,55,Q2,0
WI0000005513916630,2017,other,119,Q3,0
WI0000005514100003,2018,other,50,Q2,0
WI0000005514100005,2021,other,81,Q2,0
WI0000005514100005,2023,other,84,Q2,0
WI0000005514100008,2016,other,43,Q2,0
WI0000005514100008,2020,other,30,Q2,0
WI0000005514100008,2022,other,75,Q2,0
WI0000005514113961,2017,other,350.5,Q4 (slowest),0
WI0000005514113961,2020,other,52,Q2,0
WI0000005514116304,2021,other,234,Q3,1
WI0000005514116304,2022,other,78,Q2,0
WV00000300006,2019,other,158,Q3,0
WV00000300006,2021,other,162.75,Q3,1
WV00000300006,2023,other,0,Q1 (fastest),0
WV00000300012,2023,other,179,Q3,1
WV00000300012,2024,other,0,Q1 (fastest),0
WV00000700016,2020,other,0,Q1 (fastest),0
WV00000900004,2016,other,0,Q1 (fastest),0
WV00000900054,2019,other,0,Q1 (fastest),0
WV00000900116,2016,other,0,Q1 (fastest),0
WV00000900116,2022,other,0,Q1 (fastest),0
WV00001100007,2019,other,0,Q1 (fastest),0
WV00001100007,2021,other,0,Q1 (fastest),0
WV00001100007,2024,other,0,Q1 (fastest),0
WV00001100009,2018,other,18,Q2,0
WV00001100009,2022,other,0,Q1 (fastest),0
WV00001100009,2024,other,0,Q1 (fastest),0
WV00001700001,2016,other,31,Q2,0
WV00001700034,2016,other,0,Q1 (fastest),0
WV00001900001,2022,other,26.33,Q2,2
WV00001900001,2023,other,0,Q1 (fastest),1
WV00001900001,2024,other,0,Q1 (fastest),1
WV00002900008,2020,other,0,Q1 (fastest),1
WV00002900008,2021,other,0,Q1 (fastest),0
WV00002900008,2023,other,0,Q1 (fastest),0
WV00003100002,2021,other,0,Q1 (fastest),0
WV00003300001,2019,other,145,Q3,0
WV00003300001,2022,other,0,Q1 (fastest),0
WV00003500043,2017,other,0,Q1 (fastest),0
WV00003500049,2018,other,91.5,Q3,0
WV00003900001,2021,other,0,Q1 (fastest),0
WV00003900005,2016,other,0,Q1 (fastest),0
WV00003900005,2018,other,0,Q1 (fastest),0
WV00003900007,2017,other,0,Q1 (fastest),0
WV00003900044,2017,other,125.5,Q3,0
WV00003900102,2023,other,80,Q2,0
WV00003900461,2023,other,0,Q1 (fastest),0
WV00003900669,2023,other,0,Q1 (fastest),0
WV00004100013,2020,other,0,Q1 (fastest),0
WV00004100045,2020,other,0,Q1 (fastest),0
WV00004900019,2019,other,0,Q1 (fastest),0
WV00004900019,2021,other,0,Q1 (fastest),0
WV00004900038,2017,other,0,Q1 (fastest),0
WV00005100113,2020,other,47,Q2,0
WV00005100141,2016,other,0,Q1 (fastest),0
WV00005100142,2016,other,482,Q4 (slowest),0
WV00005100269,2019,other,0,Q1 (fastest),1
WV00005100269,2020,other,0,Q1 (fastest),0
WV00005100345,2024,other,71.33,Q2,0
WV00005300007,2024,other,214,Q3,0
WV00005700011,2019,other,0,Q1 (fastest),0
WV00006100016,2017,other,0,Q1 (fastest),0
WV00006100016,2019,other,0,Q1 (fastest),0
WV00006500001,2019,other,116.5,Q3,0
WV00006700023,2023,other,0,Q1 (fastest),0
WV00006900143,2022,other,0,Q1 (fastest),0
WV00007100001,2016,other,0,Q1 (fastest),0
WV00007900103,2023,other,0,Q1 (fastest),0
WV00008300104,2023,other,54.5,Q2,0
WV00008500036,2016,other,0,Q1 (fastest),1
WV00008500036,2017,other,0,Q1 (fastest),0
WV00009500001,2016,other,0,Q1 (fastest),1
WV00009500001,2017,other,0,Q1 (fastest),0
WV00009500038,2022,other,0,Q1 (fastest),0
WV00009900016,2020,other,0,Q1 (fastest),0
WV00010300009,2018,other,0,Q1 (fastest),0
WV00010300042,2017,other,0,Q1 (fastest),1
WV00010700182,2022,other,37,Q2,1
WV00010700182,2023,other,735,Q4 (slowest),0
WY0000005600100002,2017,other,457.5,Q4 (slowest),0
WY0000005600100002,2022,other,82,Q2,1
WY0000005600100005,2017,other,112,Q3,0
WY0000005600100026,2018,other,282,Q4 (slowest),0
WY0000005600300015,2020,other,116.5,Q3,0
WY0000005600700001,2016,other,180.5,Q3,0
WY0000005600700001,2019,other,302,Q4 (slowest),0
WY0000005600700001,2022,other,195,Q3,1
WY0000005600700001,2023,other,212,Q3,0
WY0000005600700005,2024,other,91,Q2,0
WY0000005600900001,2020,electric,595,Q4 (slowest),0
WY0000005601100007,2018,other,534,Q4 (slowest),0
WY0000005601300028,2016,other,111,Q3,0
WY0000005601300028,2024,other,386,Q4 (slowest),0
WY0000005602100001,2016,other,500,Q4 (slowest),0
WY0000005602100001,2018,other,590,Q4 (slowest),1
WY0000005602100001,2019,other,295,Q4 (slowest),0
WY0000005602300004,2017,electric,137,Q3,0
WY0000005602300013,2018,other,182.5,Q3,0
WY0000005602500006,2017,other,250,Q3,0
WY0000005603100001,2022,electric,512.5,Q4 (slowest),0
WY0000005603300006,2018,other,149.5,Q3,0
WY0000005603500019,2019,other,49,Q2,0
WY0000005603500034,2021,other,147,Q3,0
WY0000005603700001,2021,other,453,Q4 (slowest),0
WY0000005603700001,2023,other,260.5,Q4 (slowest),0
WY0000005603700002,2016,other,342.5,Q4 (slowest),1
WY0000005603700002,2017,other,1439.5,Q4 (slowest),0
WY0000005603700002,2019,other,232,Q3,1
WY0000005603700002,2020,other,403.5,Q4 (slowest),0
WY0000005603700002,2024,other,317,Q4 (slowest),0
WY0000005603700005,2017,other,206.5,Q3,0
WY0000005603700005,2022,other,203.5,Q3,0
WY0000005603700006,2021,other,1012,Q4 (slowest),0
WY0000005603700007,2018,other,463.5,Q4 (slowest),0
WY0000005603700010,2018,other,184,Q3,0
WY0000005603700010,2024,other,752,Q4 (slowest),0
WY0000005603700030,2020,other,528,Q4 (slowest),0
WY0000005603700042,2017,other,273,Q4 (slowest),1
WY0000005603700042,2018,other,205.5,Q3,0
WY0000005603700049,2018,other,70,Q2,0
WY0000005603700049,2023,other,402.5,Q4 (slowest),0
WY0000005603701002,2021,electric,410.5,Q4 (slowest),0
WY0000005604100009,2018,other,347,Q4 (slowest),0
WY0000005604500001,2017,other,500,Q4 (slowest),0
