pollutant,exact_total,naive_total,inflation_factor
PM10,7043699063.39311,11656839016.8342,1.65
PM2.5,4971390199.16713,8265441865.47409,1.66
