n_checkable,pct_zero,median,p90,p99,max,pct_gross_error
224921,0.9732,0,0,7.75447120380324,2317.43373614496,0.0127
