subset,n_nonzero,min,p25,median,p75,p99,max,mean,total
all rows,72314,1,2000,5500,18903,1167222.49999995,100728768.13,79369.56,5739530383.98
dup==0 only,71861,1,2000,5500,18750,1096581.59999998,100728768.13,76527.38,5499334295.74
